ISO-10303-21;
HEADER;
/* Generated by software containing ST-Developer
 * from STEP Tools, Inc. (www.steptools.com) 
 */

FILE_DESCRIPTION(
/* description */ (''),
/* implementation_level */ '2;1');

FILE_NAME(
/* name */ 'USB HUB full assembly.step',
/* time_stamp */ '2026-08-01T02:37:37+02:00',
/* author */ (''),
/* organization */ (''),
/* preprocessor_version */ 'ST-DEVELOPER v20.1',
/* originating_system */ 'Autodesk Translation Framework v15.8.0.0',
/* authorisation */ '');

FILE_SCHEMA (('AUTOMOTIVE_DESIGN { 1 0 10303 214 3 1 1 }'));
ENDSEC;

DATA;
#10=MECHANICAL_DESIGN_GEOMETRIC_PRESENTATION_REPRESENTATION('',(#13,#14,
#15),#8079);
#11=SHAPE_REPRESENTATION_RELATIONSHIP('SRR','None',#8086,#12);
#12=ADVANCED_BREP_SHAPE_REPRESENTATION('',(#16,#17,#18),#8078);
#13=STYLED_ITEM('',(#8095),#16);
#14=STYLED_ITEM('',(#8095),#17);
#15=STYLED_ITEM('',(#8095),#18);
#16=MANIFOLD_SOLID_BREP('Case',#4309);
#17=MANIFOLD_SOLID_BREP('Cover',#4310);
#18=MANIFOLD_SOLID_BREP('PCB',#4311);
#19=CIRCLE('',#4405,0.999999999999999);
#20=CIRCLE('',#4406,0.999999999999999);
#21=CIRCLE('',#4409,0.999999999999996);
#22=CIRCLE('',#4410,0.999999999999996);
#23=CIRCLE('',#4413,0.999999999999996);
#24=CIRCLE('',#4414,0.999999999999996);
#25=CIRCLE('',#4417,1.);
#26=CIRCLE('',#4418,1.);
#27=CIRCLE('',#4421,0.999999999999998);
#28=CIRCLE('',#4422,0.999999999999998);
#29=CIRCLE('',#4425,1.00000000000001);
#30=CIRCLE('',#4426,1.00000000000001);
#31=CIRCLE('',#4429,0.999999999999996);
#32=CIRCLE('',#4430,0.999999999999996);
#33=CIRCLE('',#4433,1.);
#34=CIRCLE('',#4434,1.);
#35=CYLINDRICAL_SURFACE('',#4404,0.999999999999999);
#36=CYLINDRICAL_SURFACE('',#4408,0.999999999999996);
#37=CYLINDRICAL_SURFACE('',#4412,0.999999999999996);
#38=CYLINDRICAL_SURFACE('',#4416,1.);
#39=CYLINDRICAL_SURFACE('',#4420,0.999999999999998);
#40=CYLINDRICAL_SURFACE('',#4424,1.00000000000001);
#41=CYLINDRICAL_SURFACE('',#4428,0.999999999999996);
#42=CYLINDRICAL_SURFACE('',#4432,1.);
#43=FACE_BOUND('',#636,.T.);
#44=FACE_BOUND('',#637,.T.);
#45=FACE_BOUND('',#700,.T.);
#46=FACE_BOUND('',#701,.T.);
#47=FACE_BOUND('',#787,.T.);
#48=FACE_BOUND('',#788,.T.);
#49=FACE_BOUND('',#789,.T.);
#50=FACE_BOUND('',#792,.T.);
#51=FACE_BOUND('',#794,.T.);
#52=FACE_BOUND('',#796,.T.);
#53=FACE_BOUND('',#800,.T.);
#54=FACE_BOUND('',#802,.T.);
#55=FACE_BOUND('',#803,.T.);
#56=FACE_BOUND('',#804,.T.);
#57=FACE_BOUND('',#807,.T.);
#58=FACE_BOUND('',#809,.T.);
#59=FACE_BOUND('',#810,.T.);
#60=FACE_BOUND('',#811,.T.);
#61=FACE_BOUND('',#812,.T.);
#62=FACE_BOUND('',#813,.T.);
#63=FACE_BOUND('',#814,.T.);
#64=FACE_BOUND('',#815,.T.);
#65=FACE_BOUND('',#816,.T.);
#66=FACE_BOUND('',#817,.T.);
#67=B_SPLINE_CURVE_WITH_KNOTS('',3,(#5231,#5232,#5233,#5234,#5235),
 .UNSPECIFIED.,.F.,.F.,(4,1,4),(0.,0.306870295167722,0.562048098106435),
 .UNSPECIFIED.);
#68=B_SPLINE_CURVE_WITH_KNOTS('',3,(#5237,#5238,#5239,#5240,#5241),
 .UNSPECIFIED.,.F.,.F.,(4,1,4),(-0.562048098106435,-0.306870295167722,0.),
 .UNSPECIFIED.);
#69=B_SPLINE_CURVE_WITH_KNOTS('',3,(#5254,#5255,#5256,#5257,#5258),
 .UNSPECIFIED.,.F.,.F.,(4,1,4),(0.,0.218902932067742,0.412029070828204),
 .UNSPECIFIED.);
#70=B_SPLINE_CURVE_WITH_KNOTS('',3,(#5260,#5261,#5262,#5263,#5264),
 .UNSPECIFIED.,.F.,.F.,(4,1,4),(-0.412029070828204,-0.218902932067742,0.),
 .UNSPECIFIED.);
#71=B_SPLINE_CURVE_WITH_KNOTS('',3,(#5296,#5297,#5298,#5299,#5300),
 .UNSPECIFIED.,.F.,.F.,(4,1,4),(0.,0.0774077245784505,0.127943505728282),
 .UNSPECIFIED.);
#72=B_SPLINE_CURVE_WITH_KNOTS('',3,(#5302,#5303,#5304,#5305,#5306),
 .UNSPECIFIED.,.F.,.F.,(4,1,4),(-0.127943505728282,-0.0774077245784505,
0.),.UNSPECIFIED.);
#73=B_SPLINE_CURVE_WITH_KNOTS('',3,(#5319,#5320,#5321,#5322,#5323),
 .UNSPECIFIED.,.F.,.F.,(4,1,4),(0.,0.0391092792579728,0.0839605250111117),
 .UNSPECIFIED.);
#74=B_SPLINE_CURVE_WITH_KNOTS('',3,(#5325,#5326,#5327,#5328,#5329),
 .UNSPECIFIED.,.F.,.F.,(4,1,4),(-0.0839605250111117,-0.0391092792579728,
0.),.UNSPECIFIED.);
#75=B_SPLINE_CURVE_WITH_KNOTS('',3,(#5342,#5343,#5344,#5345,#5346),
 .UNSPECIFIED.,.F.,.F.,(4,1,4),(0.,0.0479999410746047,0.0976368799027077),
 .UNSPECIFIED.);
#76=B_SPLINE_CURVE_WITH_KNOTS('',3,(#5348,#5349,#5350,#5351,#5352),
 .UNSPECIFIED.,.F.,.F.,(4,1,4),(-0.0976368799027077,-0.0479999410746047,
0.),.UNSPECIFIED.);
#77=B_SPLINE_CURVE_WITH_KNOTS('',3,(#5365,#5366,#5367,#5368,#5369),
 .UNSPECIFIED.,.F.,.F.,(4,1,4),(0.,0.0540706291450847,0.114746637234947),
 .UNSPECIFIED.);
#78=B_SPLINE_CURVE_WITH_KNOTS('',3,(#5371,#5372,#5373,#5374,#5375),
 .UNSPECIFIED.,.F.,.F.,(4,1,4),(-0.114746637234947,-0.0540706291450847,
0.),.UNSPECIFIED.);
#79=B_SPLINE_CURVE_WITH_KNOTS('',3,(#5388,#5389,#5390,#5391,#5392),
 .UNSPECIFIED.,.F.,.F.,(4,1,4),(0.,0.0677094699398091,0.129379427293585),
 .UNSPECIFIED.);
#80=B_SPLINE_CURVE_WITH_KNOTS('',3,(#5394,#5395,#5396,#5397,#5398),
 .UNSPECIFIED.,.F.,.F.,(4,1,4),(-0.129379427293585,-0.0677094699398091,
0.),.UNSPECIFIED.);
#81=B_SPLINE_CURVE_WITH_KNOTS('',3,(#5411,#5412,#5413,#5414,#5415),
 .UNSPECIFIED.,.F.,.F.,(4,1,4),(0.,0.0551605179536194,0.103641228383908),
 .UNSPECIFIED.);
#82=B_SPLINE_CURVE_WITH_KNOTS('',3,(#5417,#5418,#5419,#5420,#5421),
 .UNSPECIFIED.,.F.,.F.,(4,1,4),(-0.103641228383908,-0.0551605179536194,
0.),.UNSPECIFIED.);
#83=B_SPLINE_CURVE_WITH_KNOTS('',3,(#5434,#5435,#5436,#5437,#5438),
 .UNSPECIFIED.,.F.,.F.,(4,1,4),(0.,0.0446767606552265,0.0871921115185868),
 .UNSPECIFIED.);
#84=B_SPLINE_CURVE_WITH_KNOTS('',3,(#5440,#5441,#5442,#5443,#5444),
 .UNSPECIFIED.,.F.,.F.,(4,1,4),(-0.0871921115185868,-0.0446767606552265,
0.),.UNSPECIFIED.);
#85=B_SPLINE_CURVE_WITH_KNOTS('',3,(#5457,#5458,#5459,#5460,#5461),
 .UNSPECIFIED.,.F.,.F.,(4,1,4),(0.,0.0656390564570002,0.177752068217638),
 .UNSPECIFIED.);
#86=B_SPLINE_CURVE_WITH_KNOTS('',3,(#5463,#5464,#5465,#5466,#5467),
 .UNSPECIFIED.,.F.,.F.,(4,1,4),(-0.177752068217638,-0.0656390564570002,
0.),.UNSPECIFIED.);
#87=B_SPLINE_CURVE_WITH_KNOTS('',3,(#5498,#5499,#5500,#5501,#5502),
 .UNSPECIFIED.,.F.,.F.,(4,1,4),(0.,0.0429512380248059,0.0673534762600817),
 .UNSPECIFIED.);
#88=B_SPLINE_CURVE_WITH_KNOTS('',3,(#5504,#5505,#5506,#5507,#5508),
 .UNSPECIFIED.,.F.,.F.,(4,1,4),(-0.0673534762600817,-0.0429512380248059,
0.),.UNSPECIFIED.);
#89=B_SPLINE_CURVE_WITH_KNOTS('',3,(#5521,#5522,#5523,#5524,#5525),
 .UNSPECIFIED.,.F.,.F.,(4,1,4),(0.,0.0139008482483724,0.0287467330319272),
 .UNSPECIFIED.);
#90=B_SPLINE_CURVE_WITH_KNOTS('',3,(#5527,#5528,#5529,#5530,#5531),
 .UNSPECIFIED.,.F.,.F.,(4,1,4),(-0.0287467330319272,-0.0139008482483724,
0.),.UNSPECIFIED.);
#91=B_SPLINE_CURVE_WITH_KNOTS('',3,(#5544,#5545,#5546,#5547,#5548),
 .UNSPECIFIED.,.F.,.F.,(4,1,4),(0.,0.0167334153466911,0.0318915804423485),
 .UNSPECIFIED.);
#92=B_SPLINE_CURVE_WITH_KNOTS('',3,(#5550,#5551,#5552,#5553,#5554),
 .UNSPECIFIED.,.F.,.F.,(4,1,4),(-0.0318915804423485,-0.0167334153466911,
0.),.UNSPECIFIED.);
#93=B_SPLINE_CURVE_WITH_KNOTS('',3,(#5567,#5568,#5569,#5570,#5571),
 .UNSPECIFIED.,.F.,.F.,(4,1,4),(0.,0.0273263325011705,0.0762043164108781),
 .UNSPECIFIED.);
#94=B_SPLINE_CURVE_WITH_KNOTS('',3,(#5573,#5574,#5575,#5576,#5577),
 .UNSPECIFIED.,.F.,.F.,(4,1,4),(-0.0762043164108781,-0.0273263325011705,
0.),.UNSPECIFIED.);
#95=B_SPLINE_CURVE_WITH_KNOTS('',3,(#5609,#5610,#5611,#5612,#5613),
 .UNSPECIFIED.,.F.,.F.,(4,1,4),(0.,0.011864730140519,0.020760507817076),
 .UNSPECIFIED.);
#96=B_SPLINE_CURVE_WITH_KNOTS('',3,(#5615,#5616,#5617,#5618,#5619),
 .UNSPECIFIED.,.F.,.F.,(4,1,4),(-0.020760507817076,-0.011864730140519,0.),
 .UNSPECIFIED.);
#97=B_SPLINE_CURVE_WITH_KNOTS('',3,(#5632,#5633,#5634,#5635,#5636),
 .UNSPECIFIED.,.F.,.F.,(4,1,4),(0.,0.0253588034347598,0.0433207015632466),
 .UNSPECIFIED.);
#98=B_SPLINE_CURVE_WITH_KNOTS('',3,(#5638,#5639,#5640,#5641,#5642),
 .UNSPECIFIED.,.F.,.F.,(4,1,4),(-0.0433207015632466,-0.0253588034347598,
0.),.UNSPECIFIED.);
#99=B_SPLINE_CURVE_WITH_KNOTS('',3,(#5655,#5656,#5657,#5658,#5659),
 .UNSPECIFIED.,.F.,.F.,(4,1,4),(0.,0.0297663970107549,0.0869390093581822),
 .UNSPECIFIED.);
#100=B_SPLINE_CURVE_WITH_KNOTS('',3,(#5661,#5662,#5663,#5664,#5665),
 .UNSPECIFIED.,.F.,.F.,(4,1,4),(-0.0869390093581822,-0.0297663970107549,
0.),.UNSPECIFIED.);
#101=B_SPLINE_CURVE_WITH_KNOTS('',3,(#5678,#5679,#5680,#5681,#5682),
 .UNSPECIFIED.,.F.,.F.,(4,1,4),(0.,0.0319800776106324,0.0533124479053533),
 .UNSPECIFIED.);
#102=B_SPLINE_CURVE_WITH_KNOTS('',3,(#5684,#5685,#5686,#5687,#5688),
 .UNSPECIFIED.,.F.,.F.,(4,1,4),(-0.0533124479053533,-0.0319800776106324,
0.),.UNSPECIFIED.);
#103=B_SPLINE_CURVE_WITH_KNOTS('',3,(#5701,#5702,#5703,#5704,#5705),
 .UNSPECIFIED.,.F.,.F.,(4,1,4),(0.,0.0146482226544331,0.0267597990532602),
 .UNSPECIFIED.);
#104=B_SPLINE_CURVE_WITH_KNOTS('',3,(#5707,#5708,#5709,#5710,#5711),
 .UNSPECIFIED.,.F.,.F.,(4,1,4),(-0.0267597990532602,-0.0146482226544331,
0.),.UNSPECIFIED.);
#105=B_SPLINE_CURVE_WITH_KNOTS('',3,(#5723,#5724,#5725,#5726,#5727),
 .UNSPECIFIED.,.F.,.F.,(4,1,4),(0.,0.0166567250628114,0.0435598850465597),
 .UNSPECIFIED.);
#106=B_SPLINE_CURVE_WITH_KNOTS('',3,(#5728,#5729,#5730,#5731,#5732),
 .UNSPECIFIED.,.F.,.F.,(4,1,4),(-0.0435598850465597,-0.0166567250628114,
0.),.UNSPECIFIED.);
#107=B_SPLINE_CURVE_WITH_KNOTS('',3,(#5753,#5754,#5755,#5756,#5757),
 .UNSPECIFIED.,.F.,.F.,(4,1,4),(0.,0.0362539131269774,0.0585205979162228),
 .UNSPECIFIED.);
#108=B_SPLINE_CURVE_WITH_KNOTS('',3,(#5759,#5760,#5761,#5762,#5763),
 .UNSPECIFIED.,.F.,.F.,(4,1,4),(-0.0585205979162228,-0.0362539131269774,
0.),.UNSPECIFIED.);
#109=B_SPLINE_CURVE_WITH_KNOTS('',3,(#5776,#5777,#5778,#5779,#5780),
 .UNSPECIFIED.,.F.,.F.,(4,1,4),(0.,0.0232203353788655,0.062743397422101),
 .UNSPECIFIED.);
#110=B_SPLINE_CURVE_WITH_KNOTS('',3,(#5782,#5783,#5784,#5785,#5786),
 .UNSPECIFIED.,.F.,.F.,(4,1,4),(-0.062743397422101,-0.0232203353788655,
0.),.UNSPECIFIED.);
#111=B_SPLINE_CURVE_WITH_KNOTS('',3,(#5805,#5806,#5807,#5808,#5809),
 .UNSPECIFIED.,.F.,.F.,(4,1,4),(0.,0.041349488787295,0.0638771824309323),
 .UNSPECIFIED.);
#112=B_SPLINE_CURVE_WITH_KNOTS('',3,(#5811,#5812,#5813,#5814,#5815),
 .UNSPECIFIED.,.F.,.F.,(4,1,4),(-0.0638771824309323,-0.041349488787295,
0.),.UNSPECIFIED.);
#113=B_SPLINE_CURVE_WITH_KNOTS('',3,(#5827,#5828,#5829,#5830,#5831),
 .UNSPECIFIED.,.F.,.F.,(4,1,4),(0.,0.0215245395467679,0.059274028710059),
 .UNSPECIFIED.);
#114=B_SPLINE_CURVE_WITH_KNOTS('',3,(#5832,#5833,#5834,#5835,#5836),
 .UNSPECIFIED.,.F.,.F.,(4,1,4),(-0.059274028710059,-0.0215245395467679,
0.),.UNSPECIFIED.);
#115=B_SPLINE_CURVE_WITH_KNOTS('',3,(#5857,#5858,#5859,#5860,#5861),
 .UNSPECIFIED.,.F.,.F.,(4,1,4),(0.,0.0864961630055383,0.150110198835748),
 .UNSPECIFIED.);
#116=B_SPLINE_CURVE_WITH_KNOTS('',3,(#5863,#5864,#5865,#5866,#5867),
 .UNSPECIFIED.,.F.,.F.,(4,1,4),(-0.150110198835748,-0.0864961630055383,
0.),.UNSPECIFIED.);
#117=B_SPLINE_CURVE_WITH_KNOTS('',3,(#5880,#5881,#5882,#5883,#5884),
 .UNSPECIFIED.,.F.,.F.,(4,1,4),(0.,0.0512889838540771,0.104242345464406),
 .UNSPECIFIED.);
#118=B_SPLINE_CURVE_WITH_KNOTS('',3,(#5886,#5887,#5888,#5889,#5890),
 .UNSPECIFIED.,.F.,.F.,(4,1,4),(-0.104242345464406,-0.0512889838540771,
0.),.UNSPECIFIED.);
#119=B_SPLINE_CURVE_WITH_KNOTS('',3,(#5903,#5904,#5905,#5906,#5907),
 .UNSPECIFIED.,.F.,.F.,(4,1,4),(0.,0.0652436623439846,0.155021493220688),
 .UNSPECIFIED.);
#120=B_SPLINE_CURVE_WITH_KNOTS('',3,(#5909,#5910,#5911,#5912,#5913),
 .UNSPECIFIED.,.F.,.F.,(4,1,4),(-0.155021493220688,-0.0652436623439846,
0.),.UNSPECIFIED.);
#121=B_SPLINE_CURVE_WITH_KNOTS('',3,(#5926,#5927,#5928,#5929,#5930),
 .UNSPECIFIED.,.F.,.F.,(4,1,4),(0.,0.0597567451295007,0.101428267421041),
 .UNSPECIFIED.);
#122=B_SPLINE_CURVE_WITH_KNOTS('',3,(#5932,#5933,#5934,#5935,#5936),
 .UNSPECIFIED.,.F.,.F.,(4,1,4),(-0.101428267421041,-0.0597567451295007,
0.),.UNSPECIFIED.);
#123=B_SPLINE_CURVE_WITH_KNOTS('',3,(#5949,#5950,#5951,#5952,#5953),
 .UNSPECIFIED.,.F.,.F.,(4,1,4),(0.,0.0408057523512095,0.0977780404349635),
 .UNSPECIFIED.);
#124=B_SPLINE_CURVE_WITH_KNOTS('',3,(#5955,#5956,#5957,#5958,#5959),
 .UNSPECIFIED.,.F.,.F.,(4,1,4),(-0.0977780404349635,-0.0408057523512095,
0.),.UNSPECIFIED.);
#125=B_SPLINE_CURVE_WITH_KNOTS('',3,(#5972,#5973,#5974,#5975,#5976),
 .UNSPECIFIED.,.F.,.F.,(4,1,4),(0.,0.0643004495562636,0.113743577486129),
 .UNSPECIFIED.);
#126=B_SPLINE_CURVE_WITH_KNOTS('',3,(#5978,#5979,#5980,#5981,#5982),
 .UNSPECIFIED.,.F.,.F.,(4,1,4),(-0.113743577486129,-0.0643004495562636,
0.),.UNSPECIFIED.);
#127=B_SPLINE_CURVE_WITH_KNOTS('',3,(#5995,#5996,#5997,#5998,#5999),
 .UNSPECIFIED.,.F.,.F.,(4,1,4),(0.,0.0516293070518239,0.119977303938017),
 .UNSPECIFIED.);
#128=B_SPLINE_CURVE_WITH_KNOTS('',3,(#6001,#6002,#6003,#6004,#6005),
 .UNSPECIFIED.,.F.,.F.,(4,1,4),(-0.119977303938017,-0.0516293070518239,
0.),.UNSPECIFIED.);
#129=B_SPLINE_CURVE_WITH_KNOTS('',3,(#6024,#6025,#6026,#6027,#6028),
 .UNSPECIFIED.,.F.,.F.,(4,1,4),(0.,0.070729754042785,0.122207063065479),
 .UNSPECIFIED.);
#130=B_SPLINE_CURVE_WITH_KNOTS('',3,(#6030,#6031,#6032,#6033,#6034),
 .UNSPECIFIED.,.F.,.F.,(4,1,4),(-0.122207063065479,-0.070729754042785,0.),
 .UNSPECIFIED.);
#131=B_SPLINE_CURVE_WITH_KNOTS('',3,(#6047,#6048,#6049,#6050,#6051),
 .UNSPECIFIED.,.F.,.F.,(4,1,4),(0.,0.0407231198809835,0.0813127266754604),
 .UNSPECIFIED.);
#132=B_SPLINE_CURVE_WITH_KNOTS('',3,(#6053,#6054,#6055,#6056,#6057),
 .UNSPECIFIED.,.F.,.F.,(4,1,4),(-0.0813127266754604,-0.0407231198809835,
0.),.UNSPECIFIED.);
#133=B_SPLINE_CURVE_WITH_KNOTS('',3,(#6070,#6071,#6072,#6073,#6074),
 .UNSPECIFIED.,.F.,.F.,(4,1,4),(0.,0.0626956635917429,0.167018657193013),
 .UNSPECIFIED.);
#134=B_SPLINE_CURVE_WITH_KNOTS('',3,(#6076,#6077,#6078,#6079,#6080),
 .UNSPECIFIED.,.F.,.F.,(4,1,4),(-0.167018657193013,-0.0626956635917429,
0.),.UNSPECIFIED.);
#135=B_SPLINE_CURVE_WITH_KNOTS('',3,(#6187,#6188,#6189,#6190,#6191),
 .UNSPECIFIED.,.F.,.F.,(4,1,4),(0.,0.0774077200134394,0.127943459200894),
 .UNSPECIFIED.);
#136=B_SPLINE_CURVE_WITH_KNOTS('',3,(#6193,#6194,#6195,#6196,#6197),
 .UNSPECIFIED.,.F.,.F.,(4,1,4),(-0.127943459200894,-0.0774077200134394,
0.),.UNSPECIFIED.);
#137=B_SPLINE_CURVE_WITH_KNOTS('',3,(#6210,#6211,#6212,#6213,#6214),
 .UNSPECIFIED.,.F.,.F.,(4,1,4),(0.,0.0391093508018499,0.083960720665838),
 .UNSPECIFIED.);
#138=B_SPLINE_CURVE_WITH_KNOTS('',3,(#6216,#6217,#6218,#6219,#6220),
 .UNSPECIFIED.,.F.,.F.,(4,1,4),(-0.083960720665838,-0.0391093508018499,
0.),.UNSPECIFIED.);
#139=B_SPLINE_CURVE_WITH_KNOTS('',3,(#6233,#6234,#6235,#6236,#6237),
 .UNSPECIFIED.,.F.,.F.,(4,1,4),(0.,0.0479999410746047,0.0976368799027077),
 .UNSPECIFIED.);
#140=B_SPLINE_CURVE_WITH_KNOTS('',3,(#6239,#6240,#6241,#6242,#6243),
 .UNSPECIFIED.,.F.,.F.,(4,1,4),(-0.0976368799027077,-0.0479999410746047,
0.),.UNSPECIFIED.);
#141=B_SPLINE_CURVE_WITH_KNOTS('',3,(#6256,#6257,#6258,#6259,#6260),
 .UNSPECIFIED.,.F.,.F.,(4,1,4),(0.,0.0540706291450847,0.114746874841646),
 .UNSPECIFIED.);
#142=B_SPLINE_CURVE_WITH_KNOTS('',3,(#6262,#6263,#6264,#6265,#6266),
 .UNSPECIFIED.,.F.,.F.,(4,1,4),(-0.114746874841646,-0.0540706291450847,
0.),.UNSPECIFIED.);
#143=B_SPLINE_CURVE_WITH_KNOTS('',3,(#6279,#6280,#6281,#6282,#6283),
 .UNSPECIFIED.,.F.,.F.,(4,1,4),(0.,0.0677092324372334,0.129379189791009),
 .UNSPECIFIED.);
#144=B_SPLINE_CURVE_WITH_KNOTS('',3,(#6285,#6286,#6287,#6288,#6289),
 .UNSPECIFIED.,.F.,.F.,(4,1,4),(-0.129379189791009,-0.0677092324372334,
0.),.UNSPECIFIED.);
#145=B_SPLINE_CURVE_WITH_KNOTS('',3,(#6302,#6303,#6304,#6305,#6306),
 .UNSPECIFIED.,.F.,.F.,(4,1,4),(0.,0.0551605179536194,0.103641228383908),
 .UNSPECIFIED.);
#146=B_SPLINE_CURVE_WITH_KNOTS('',3,(#6308,#6309,#6310,#6311,#6312),
 .UNSPECIFIED.,.F.,.F.,(4,1,4),(-0.103641228383908,-0.0551605179536194,
0.),.UNSPECIFIED.);
#147=B_SPLINE_CURVE_WITH_KNOTS('',3,(#6325,#6326,#6327,#6328,#6329),
 .UNSPECIFIED.,.F.,.F.,(4,1,4),(0.,0.0446766452900686,0.0871921728087561),
 .UNSPECIFIED.);
#148=B_SPLINE_CURVE_WITH_KNOTS('',3,(#6331,#6332,#6333,#6334,#6335),
 .UNSPECIFIED.,.F.,.F.,(4,1,4),(-0.0871921728087561,-0.0446766452900686,
0.),.UNSPECIFIED.);
#149=B_SPLINE_CURVE_WITH_KNOTS('',3,(#6348,#6349,#6350,#6351,#6352),
 .UNSPECIFIED.,.F.,.F.,(4,1,4),(0.,0.0656390564570002,0.177752062963908),
 .UNSPECIFIED.);
#150=B_SPLINE_CURVE_WITH_KNOTS('',3,(#6354,#6355,#6356,#6357,#6358),
 .UNSPECIFIED.,.F.,.F.,(4,1,4),(-0.177752062963908,-0.0656390564570002,
0.),.UNSPECIFIED.);
#151=B_SPLINE_CURVE_WITH_KNOTS('',3,(#6389,#6390,#6391,#6392,#6393),
 .UNSPECIFIED.,.F.,.F.,(4,1,4),(0.,0.0429512380248059,0.0673534762600817),
 .UNSPECIFIED.);
#152=B_SPLINE_CURVE_WITH_KNOTS('',3,(#6395,#6396,#6397,#6398,#6399),
 .UNSPECIFIED.,.F.,.F.,(4,1,4),(-0.0673534762600817,-0.0429512380248059,
0.),.UNSPECIFIED.);
#153=B_SPLINE_CURVE_WITH_KNOTS('',3,(#6412,#6413,#6414,#6415,#6416),
 .UNSPECIFIED.,.F.,.F.,(4,1,4),(0.,0.0139008482483724,0.0287469641559764),
 .UNSPECIFIED.);
#154=B_SPLINE_CURVE_WITH_KNOTS('',3,(#6418,#6419,#6420,#6421,#6422),
 .UNSPECIFIED.,.F.,.F.,(4,1,4),(-0.0287469641559764,-0.0139008482483724,
0.),.UNSPECIFIED.);
#155=B_SPLINE_CURVE_WITH_KNOTS('',3,(#6435,#6436,#6437,#6438,#6439),
 .UNSPECIFIED.,.F.,.F.,(4,1,4),(0.,0.0167331838921657,0.0318914937435202),
 .UNSPECIFIED.);
#156=B_SPLINE_CURVE_WITH_KNOTS('',3,(#6441,#6442,#6443,#6444,#6445),
 .UNSPECIFIED.,.F.,.F.,(4,1,4),(-0.0318914937435202,-0.0167331838921657,
0.),.UNSPECIFIED.);
#157=B_SPLINE_CURVE_WITH_KNOTS('',3,(#6458,#6459,#6460,#6461,#6462),
 .UNSPECIFIED.,.F.,.F.,(4,1,4),(0.,0.0273262953191454,0.0762042722993214),
 .UNSPECIFIED.);
#158=B_SPLINE_CURVE_WITH_KNOTS('',3,(#6464,#6465,#6466,#6467,#6468),
 .UNSPECIFIED.,.F.,.F.,(4,1,4),(-0.0762042722993214,-0.0273262953191454,
0.),.UNSPECIFIED.);
#159=B_SPLINE_CURVE_WITH_KNOTS('',3,(#6500,#6501,#6502,#6503,#6504),
 .UNSPECIFIED.,.F.,.F.,(4,1,4),(0.,0.011864730140519,0.0207600310258753),
 .UNSPECIFIED.);
#160=B_SPLINE_CURVE_WITH_KNOTS('',3,(#6506,#6507,#6508,#6509,#6510),
 .UNSPECIFIED.,.F.,.F.,(4,1,4),(-0.0207600310258753,-0.011864730140519,
0.),.UNSPECIFIED.);
#161=B_SPLINE_CURVE_WITH_KNOTS('',3,(#6523,#6524,#6525,#6526,#6527),
 .UNSPECIFIED.,.F.,.F.,(4,1,4),(0.,0.0253588034347598,0.0433205162726445),
 .UNSPECIFIED.);
#162=B_SPLINE_CURVE_WITH_KNOTS('',3,(#6529,#6530,#6531,#6532,#6533),
 .UNSPECIFIED.,.F.,.F.,(4,1,4),(-0.0433205162726445,-0.0253588034347598,
0.),.UNSPECIFIED.);
#163=B_SPLINE_CURVE_WITH_KNOTS('',3,(#6546,#6547,#6548,#6549,#6550),
 .UNSPECIFIED.,.F.,.F.,(4,1,4),(0.,0.0297664474722752,0.0869390598197026),
 .UNSPECIFIED.);
#164=B_SPLINE_CURVE_WITH_KNOTS('',3,(#6552,#6553,#6554,#6555,#6556),
 .UNSPECIFIED.,.F.,.F.,(4,1,4),(-0.0869390598197026,-0.0297664474722752,
0.),.UNSPECIFIED.);
#165=B_SPLINE_CURVE_WITH_KNOTS('',3,(#6569,#6570,#6571,#6572,#6573),
 .UNSPECIFIED.,.F.,.F.,(4,1,4),(0.,0.0319800776106324,0.0533123899183727),
 .UNSPECIFIED.);
#166=B_SPLINE_CURVE_WITH_KNOTS('',3,(#6575,#6576,#6577,#6578,#6579),
 .UNSPECIFIED.,.F.,.F.,(4,1,4),(-0.0533123899183727,-0.0319800776106324,
0.),.UNSPECIFIED.);
#167=B_SPLINE_CURVE_WITH_KNOTS('',3,(#6592,#6593,#6594,#6595,#6596),
 .UNSPECIFIED.,.F.,.F.,(4,1,4),(0.,0.0146482226544331,0.0267597990532602),
 .UNSPECIFIED.);
#168=B_SPLINE_CURVE_WITH_KNOTS('',3,(#6598,#6599,#6600,#6601,#6602),
 .UNSPECIFIED.,.F.,.F.,(4,1,4),(-0.0267597990532602,-0.0146482226544331,
0.),.UNSPECIFIED.);
#169=B_SPLINE_CURVE_WITH_KNOTS('',3,(#6614,#6615,#6616,#6617,#6618),
 .UNSPECIFIED.,.F.,.F.,(4,1,4),(0.,0.0166569593474834,0.0435596431027299),
 .UNSPECIFIED.);
#170=B_SPLINE_CURVE_WITH_KNOTS('',3,(#6619,#6620,#6621,#6622,#6623),
 .UNSPECIFIED.,.F.,.F.,(4,1,4),(-0.0435596431027299,-0.0166569593474834,
0.),.UNSPECIFIED.);
#171=B_SPLINE_CURVE_WITH_KNOTS('',3,(#6644,#6645,#6646,#6647,#6648),
 .UNSPECIFIED.,.F.,.F.,(4,1,4),(0.,0.0362541499401171,0.0585208347293624),
 .UNSPECIFIED.);
#172=B_SPLINE_CURVE_WITH_KNOTS('',3,(#6650,#6651,#6652,#6653,#6654),
 .UNSPECIFIED.,.F.,.F.,(4,1,4),(-0.0585208347293624,-0.0362541499401171,
0.),.UNSPECIFIED.);
#173=B_SPLINE_CURVE_WITH_KNOTS('',3,(#6667,#6668,#6669,#6670,#6671),
 .UNSPECIFIED.,.F.,.F.,(4,1,4),(0.,0.0232200556844268,0.0627431177276623),
 .UNSPECIFIED.);
#174=B_SPLINE_CURVE_WITH_KNOTS('',3,(#6673,#6674,#6675,#6676,#6677),
 .UNSPECIFIED.,.F.,.F.,(4,1,4),(-0.0627431177276623,-0.0232200556844268,
0.),.UNSPECIFIED.);
#175=B_SPLINE_CURVE_WITH_KNOTS('',3,(#6696,#6697,#6698,#6699,#6700),
 .UNSPECIFIED.,.F.,.F.,(4,1,4),(0.,0.0413494731163231,0.0638772530467451),
 .UNSPECIFIED.);
#176=B_SPLINE_CURVE_WITH_KNOTS('',3,(#6702,#6703,#6704,#6705,#6706),
 .UNSPECIFIED.,.F.,.F.,(4,1,4),(-0.0638772530467451,-0.0413494731163231,
0.),.UNSPECIFIED.);
#177=B_SPLINE_CURVE_WITH_KNOTS('',3,(#6718,#6719,#6720,#6721,#6722),
 .UNSPECIFIED.,.F.,.F.,(4,1,4),(0.,0.0215249774031343,0.0592735178122045),
 .UNSPECIFIED.);
#178=B_SPLINE_CURVE_WITH_KNOTS('',3,(#6723,#6724,#6725,#6726,#6727),
 .UNSPECIFIED.,.F.,.F.,(4,1,4),(-0.0592735178122045,-0.0215249774031343,
0.),.UNSPECIFIED.);
#179=B_SPLINE_CURVE_WITH_KNOTS('',3,(#6748,#6749,#6750,#6751,#6752),
 .UNSPECIFIED.,.F.,.F.,(4,1,4),(0.,0.0864961630055383,0.150109964331548),
 .UNSPECIFIED.);
#180=B_SPLINE_CURVE_WITH_KNOTS('',3,(#6754,#6755,#6756,#6757,#6758),
 .UNSPECIFIED.,.F.,.F.,(4,1,4),(-0.150109964331548,-0.0864961630055383,
0.),.UNSPECIFIED.);
#181=B_SPLINE_CURVE_WITH_KNOTS('',3,(#6771,#6772,#6773,#6774,#6775),
 .UNSPECIFIED.,.F.,.F.,(4,1,4),(0.,0.0512889838540771,0.104242669724064),
 .UNSPECIFIED.);
#182=B_SPLINE_CURVE_WITH_KNOTS('',3,(#6777,#6778,#6779,#6780,#6781),
 .UNSPECIFIED.,.F.,.F.,(4,1,4),(-0.104242669724064,-0.0512889838540771,
0.),.UNSPECIFIED.);
#183=B_SPLINE_CURVE_WITH_KNOTS('',3,(#6794,#6795,#6796,#6797,#6798),
 .UNSPECIFIED.,.F.,.F.,(4,1,4),(0.,0.0652436623439846,0.155021451884422),
 .UNSPECIFIED.);
#184=B_SPLINE_CURVE_WITH_KNOTS('',3,(#6800,#6801,#6802,#6803,#6804),
 .UNSPECIFIED.,.F.,.F.,(4,1,4),(-0.155021451884422,-0.0652436623439846,
0.),.UNSPECIFIED.);
#185=B_SPLINE_CURVE_WITH_KNOTS('',3,(#6817,#6818,#6819,#6820,#6821),
 .UNSPECIFIED.,.F.,.F.,(4,1,4),(0.,0.059756767061921,0.101428194997681),
 .UNSPECIFIED.);
#186=B_SPLINE_CURVE_WITH_KNOTS('',3,(#6823,#6824,#6825,#6826,#6827),
 .UNSPECIFIED.,.F.,.F.,(4,1,4),(-0.101428194997681,-0.059756767061921,0.),
 .UNSPECIFIED.);
#187=B_SPLINE_CURVE_WITH_KNOTS('',3,(#6840,#6841,#6842,#6843,#6844),
 .UNSPECIFIED.,.F.,.F.,(4,1,4),(0.,0.0408055614402173,0.0977778495239713),
 .UNSPECIFIED.);
#188=B_SPLINE_CURVE_WITH_KNOTS('',3,(#6846,#6847,#6848,#6849,#6850),
 .UNSPECIFIED.,.F.,.F.,(4,1,4),(-0.0977778495239713,-0.0408055614402173,
0.),.UNSPECIFIED.);
#189=B_SPLINE_CURVE_WITH_KNOTS('',3,(#6863,#6864,#6865,#6866,#6867),
 .UNSPECIFIED.,.F.,.F.,(4,1,4),(0.,0.0643004495562636,0.113743397587877),
 .UNSPECIFIED.);
#190=B_SPLINE_CURVE_WITH_KNOTS('',3,(#6869,#6870,#6871,#6872,#6873),
 .UNSPECIFIED.,.F.,.F.,(4,1,4),(-0.113743397587877,-0.0643004495562636,
0.),.UNSPECIFIED.);
#191=B_SPLINE_CURVE_WITH_KNOTS('',3,(#6886,#6887,#6888,#6889,#6890),
 .UNSPECIFIED.,.F.,.F.,(4,1,4),(0.,0.051629396043224,0.119977370521139),
 .UNSPECIFIED.);
#192=B_SPLINE_CURVE_WITH_KNOTS('',3,(#6892,#6893,#6894,#6895,#6896),
 .UNSPECIFIED.,.F.,.F.,(4,1,4),(-0.119977370521139,-0.051629396043224,0.),
 .UNSPECIFIED.);
#193=B_SPLINE_CURVE_WITH_KNOTS('',3,(#6915,#6916,#6917,#6918,#6919),
 .UNSPECIFIED.,.F.,.F.,(4,1,4),(0.,0.0707297852718075,0.122206965559572),
 .UNSPECIFIED.);
#194=B_SPLINE_CURVE_WITH_KNOTS('',3,(#6921,#6922,#6923,#6924,#6925),
 .UNSPECIFIED.,.F.,.F.,(4,1,4),(-0.122206965559572,-0.0707297852718075,
0.),.UNSPECIFIED.);
#195=B_SPLINE_CURVE_WITH_KNOTS('',3,(#6938,#6939,#6940,#6941,#6942),
 .UNSPECIFIED.,.F.,.F.,(4,1,4),(0.,0.0407226978634033,0.0813123046578802),
 .UNSPECIFIED.);
#196=B_SPLINE_CURVE_WITH_KNOTS('',3,(#6944,#6945,#6946,#6947,#6948),
 .UNSPECIFIED.,.F.,.F.,(4,1,4),(-0.0813123046578802,-0.0407226978634033,
0.),.UNSPECIFIED.);
#197=B_SPLINE_CURVE_WITH_KNOTS('',3,(#6961,#6962,#6963,#6964,#6965),
 .UNSPECIFIED.,.F.,.F.,(4,1,4),(0.,0.0626956635917429,0.167019133748634),
 .UNSPECIFIED.);
#198=B_SPLINE_CURVE_WITH_KNOTS('',3,(#6967,#6968,#6969,#6970,#6971),
 .UNSPECIFIED.,.F.,.F.,(4,1,4),(-0.167019133748634,-0.0626956635917429,
0.),.UNSPECIFIED.);
#199=B_SPLINE_CURVE_WITH_KNOTS('',3,(#7011,#7012,#7013,#7014,#7015),
 .UNSPECIFIED.,.F.,.F.,(4,1,4),(0.,0.0340221060146632,0.0537232174042842),
 .UNSPECIFIED.);
#200=B_SPLINE_CURVE_WITH_KNOTS('',3,(#7017,#7018,#7019,#7020,#7021),
 .UNSPECIFIED.,.F.,.F.,(4,1,4),(-0.0537232174042842,-0.0340221060146632,
0.),.UNSPECIFIED.);
#201=B_SPLINE_CURVE_WITH_KNOTS('',3,(#7034,#7035,#7036,#7037,#7038),
 .UNSPECIFIED.,.F.,.F.,(4,1,4),(0.,0.0130507297444169,0.0281444766227585),
 .UNSPECIFIED.);
#202=B_SPLINE_CURVE_WITH_KNOTS('',3,(#7040,#7041,#7042,#7043,#7044),
 .UNSPECIFIED.,.F.,.F.,(4,1,4),(-0.0281444766227585,-0.0130507297444169,
0.),.UNSPECIFIED.);
#203=B_SPLINE_CURVE_WITH_KNOTS('',3,(#7057,#7058,#7059,#7060,#7061),
 .UNSPECIFIED.,.F.,.F.,(4,1,4),(0.,0.0169310914865491,0.0334929607918139),
 .UNSPECIFIED.);
#204=B_SPLINE_CURVE_WITH_KNOTS('',3,(#7063,#7064,#7065,#7066,#7067),
 .UNSPECIFIED.,.F.,.F.,(4,1,4),(-0.0334929607918139,-0.0169310914865491,
0.),.UNSPECIFIED.);
#205=B_SPLINE_CURVE_WITH_KNOTS('',3,(#7080,#7081,#7082,#7083,#7084),
 .UNSPECIFIED.,.F.,.F.,(4,1,4),(0.,0.0205951543650805,0.0478991506641504),
 .UNSPECIFIED.);
#206=B_SPLINE_CURVE_WITH_KNOTS('',3,(#7086,#7087,#7088,#7089,#7090),
 .UNSPECIFIED.,.F.,.F.,(4,1,4),(-0.0478991506641504,-0.0205951543650805,
0.),.UNSPECIFIED.);
#207=B_SPLINE_CURVE_WITH_KNOTS('',3,(#7103,#7104,#7105,#7106,#7107),
 .UNSPECIFIED.,.F.,.F.,(4,1,4),(0.,0.0352089229045309,0.0617034341389344),
 .UNSPECIFIED.);
#208=B_SPLINE_CURVE_WITH_KNOTS('',3,(#7109,#7110,#7111,#7112,#7113),
 .UNSPECIFIED.,.F.,.F.,(4,1,4),(-0.0617034341389344,-0.0352089229045309,
0.),.UNSPECIFIED.);
#209=B_SPLINE_CURVE_WITH_KNOTS('',3,(#7126,#7127,#7128,#7129,#7130),
 .UNSPECIFIED.,.F.,.F.,(4,1,4),(0.,0.0299164320166255,0.0770249862977279),
 .UNSPECIFIED.);
#210=B_SPLINE_CURVE_WITH_KNOTS('',3,(#7132,#7133,#7134,#7135,#7136),
 .UNSPECIFIED.,.F.,.F.,(4,1,4),(-0.0770249862977279,-0.0299164320166255,
0.),.UNSPECIFIED.);
#211=B_SPLINE_CURVE_WITH_KNOTS('',3,(#7149,#7150,#7151,#7152,#7153),
 .UNSPECIFIED.,.F.,.F.,(4,1,4),(0.,0.135816256780607,0.222121613812096),
 .UNSPECIFIED.);
#212=B_SPLINE_CURVE_WITH_KNOTS('',3,(#7155,#7156,#7157,#7158,#7159),
 .UNSPECIFIED.,.F.,.F.,(4,1,4),(-0.222121613812096,-0.135816256780607,0.),
 .UNSPECIFIED.);
#213=B_SPLINE_CURVE_WITH_KNOTS('',3,(#7172,#7173,#7174,#7175,#7176),
 .UNSPECIFIED.,.F.,.F.,(4,1,4),(0.,0.0741653392588046,0.175986111843915),
 .UNSPECIFIED.);
#214=B_SPLINE_CURVE_WITH_KNOTS('',3,(#7178,#7179,#7180,#7181,#7182),
 .UNSPECIFIED.,.F.,.F.,(4,1,4),(-0.175986111843915,-0.0741653392588046,
0.),.UNSPECIFIED.);
#215=B_SPLINE_CURVE_WITH_KNOTS('',3,(#7195,#7196,#7197,#7198,#7199),
 .UNSPECIFIED.,.F.,.F.,(4,1,4),(0.,0.074411816946792,0.128304351957289),
 .UNSPECIFIED.);
#216=B_SPLINE_CURVE_WITH_KNOTS('',3,(#7201,#7202,#7203,#7204,#7205),
 .UNSPECIFIED.,.F.,.F.,(4,1,4),(-0.128304351957289,-0.074411816946792,0.),
 .UNSPECIFIED.);
#217=B_SPLINE_CURVE_WITH_KNOTS('',3,(#7218,#7219,#7220,#7221,#7222),
 .UNSPECIFIED.,.F.,.F.,(4,1,4),(0.,0.0474129911717158,0.104383715999643),
 .UNSPECIFIED.);
#218=B_SPLINE_CURVE_WITH_KNOTS('',3,(#7224,#7225,#7226,#7227,#7228),
 .UNSPECIFIED.,.F.,.F.,(4,1,4),(-0.104383715999643,-0.0474129911717158,
0.),.UNSPECIFIED.);
#219=B_SPLINE_CURVE_WITH_KNOTS('',3,(#7241,#7242,#7243,#7244,#7245),
 .UNSPECIFIED.,.F.,.F.,(4,1,4),(0.,0.0653356165975738,0.137066097575857),
 .UNSPECIFIED.);
#220=B_SPLINE_CURVE_WITH_KNOTS('',3,(#7247,#7248,#7249,#7250,#7251),
 .UNSPECIFIED.,.F.,.F.,(4,1,4),(-0.137066097575857,-0.0653356165975738,
0.),.UNSPECIFIED.);
#221=B_SPLINE_CURVE_WITH_KNOTS('',3,(#7264,#7265,#7266,#7267,#7268),
 .UNSPECIFIED.,.F.,.F.,(4,1,4),(0.,0.0777963036020857,0.147142225179478),
 .UNSPECIFIED.);
#222=B_SPLINE_CURVE_WITH_KNOTS('',3,(#7270,#7271,#7272,#7273,#7274),
 .UNSPECIFIED.,.F.,.F.,(4,1,4),(-0.147142225179478,-0.0777963036020857,
0.),.UNSPECIFIED.);
#223=B_SPLINE_CURVE_WITH_KNOTS('',3,(#7287,#7288,#7289,#7290,#7291),
 .UNSPECIFIED.,.F.,.F.,(4,1,4),(0.,0.060657210494261,0.113567931087064),
 .UNSPECIFIED.);
#224=B_SPLINE_CURVE_WITH_KNOTS('',3,(#7293,#7294,#7295,#7296,#7297),
 .UNSPECIFIED.,.F.,.F.,(4,1,4),(-0.113567931087064,-0.060657210494261,0.),
 .UNSPECIFIED.);
#225=B_SPLINE_CURVE_WITH_KNOTS('',3,(#7310,#7311,#7312,#7313,#7314),
 .UNSPECIFIED.,.F.,.F.,(4,1,4),(0.,0.0607402243993835,0.140550121582536),
 .UNSPECIFIED.);
#226=B_SPLINE_CURVE_WITH_KNOTS('',3,(#7316,#7317,#7318,#7319,#7320),
 .UNSPECIFIED.,.F.,.F.,(4,1,4),(-0.140550121582536,-0.0607402243993835,
0.),.UNSPECIFIED.);
#227=B_SPLINE_CURVE_WITH_KNOTS('',3,(#7351,#7352,#7353,#7354,#7355),
 .UNSPECIFIED.,.F.,.F.,(4,1,4),(0.,0.0369925375895125,0.0587467211710828),
 .UNSPECIFIED.);
#228=B_SPLINE_CURVE_WITH_KNOTS('',3,(#7357,#7358,#7359,#7360,#7361),
 .UNSPECIFIED.,.F.,.F.,(4,1,4),(-0.0587467211710828,-0.0369925375895125,
0.),.UNSPECIFIED.);
#229=B_SPLINE_CURVE_WITH_KNOTS('',3,(#7374,#7375,#7376,#7377,#7378),
 .UNSPECIFIED.,.F.,.F.,(4,1,4),(0.,0.0148528174902178,0.0327468388403423),
 .UNSPECIFIED.);
#230=B_SPLINE_CURVE_WITH_KNOTS('',3,(#7380,#7381,#7382,#7383,#7384),
 .UNSPECIFIED.,.F.,.F.,(4,1,4),(-0.0327468388403423,-0.0148528174902178,
0.),.UNSPECIFIED.);
#231=B_SPLINE_CURVE_WITH_KNOTS('',3,(#7397,#7398,#7399,#7400,#7401),
 .UNSPECIFIED.,.F.,.F.,(4,1,4),(0.,0.0185510841358206,0.0362440615903685),
 .UNSPECIFIED.);
#232=B_SPLINE_CURVE_WITH_KNOTS('',3,(#7403,#7404,#7405,#7406,#7407),
 .UNSPECIFIED.,.F.,.F.,(4,1,4),(-0.0362440615903685,-0.0185510841358206,
0.),.UNSPECIFIED.);
#233=B_SPLINE_CURVE_WITH_KNOTS('',3,(#7420,#7421,#7422,#7423,#7424),
 .UNSPECIFIED.,.F.,.F.,(4,1,4),(0.,0.0216370067599459,0.0499162093183646),
 .UNSPECIFIED.);
#234=B_SPLINE_CURVE_WITH_KNOTS('',3,(#7426,#7427,#7428,#7429,#7430),
 .UNSPECIFIED.,.F.,.F.,(4,1,4),(-0.0499162093183646,-0.0216370067599459,
0.),.UNSPECIFIED.);
#235=B_SPLINE_CURVE_WITH_KNOTS('',3,(#7443,#7444,#7445,#7446,#7447),
 .UNSPECIFIED.,.F.,.F.,(4,1,4),(0.,0.0586294455243024,0.0955477923092671),
 .UNSPECIFIED.);
#236=B_SPLINE_CURVE_WITH_KNOTS('',3,(#7449,#7450,#7451,#7452,#7453),
 .UNSPECIFIED.,.F.,.F.,(4,1,4),(-0.0955477923092671,-0.0586294455243024,
0.),.UNSPECIFIED.);
#237=B_SPLINE_CURVE_WITH_KNOTS('',3,(#7466,#7467,#7468,#7469,#7470),
 .UNSPECIFIED.,.F.,.F.,(4,1,4),(0.,0.0448738826042132,0.121596749623764),
 .UNSPECIFIED.);
#238=B_SPLINE_CURVE_WITH_KNOTS('',3,(#7472,#7473,#7474,#7475,#7476),
 .UNSPECIFIED.,.F.,.F.,(4,1,4),(-0.121596749623764,-0.0448738826042132,
0.),.UNSPECIFIED.);
#239=B_SPLINE_CURVE_WITH_KNOTS('',3,(#7489,#7490,#7491,#7492,#7493),
 .UNSPECIFIED.,.F.,.F.,(4,1,4),(0.,0.0782624390165242,0.127073666671118),
 .UNSPECIFIED.);
#240=B_SPLINE_CURVE_WITH_KNOTS('',3,(#7495,#7496,#7497,#7498,#7499),
 .UNSPECIFIED.,.F.,.F.,(4,1,4),(-0.127073666671118,-0.0782624390165242,
0.),.UNSPECIFIED.);
#241=B_SPLINE_CURVE_WITH_KNOTS('',3,(#7512,#7513,#7514,#7515,#7516),
 .UNSPECIFIED.,.F.,.F.,(4,1,4),(0.,0.0360070332522211,0.07708389462144),
 .UNSPECIFIED.);
#242=B_SPLINE_CURVE_WITH_KNOTS('',3,(#7518,#7519,#7520,#7521,#7522),
 .UNSPECIFIED.,.F.,.F.,(4,1,4),(-0.07708389462144,-0.0360070332522211,0.),
 .UNSPECIFIED.);
#243=B_SPLINE_CURVE_WITH_KNOTS('',3,(#7535,#7536,#7537,#7538,#7539),
 .UNSPECIFIED.,.F.,.F.,(4,1,4),(0.,0.0483177307361948,0.106525562763112),
 .UNSPECIFIED.);
#244=B_SPLINE_CURVE_WITH_KNOTS('',3,(#7541,#7542,#7543,#7544,#7545),
 .UNSPECIFIED.,.F.,.F.,(4,1,4),(-0.106525562763112,-0.0483177307361948,
0.),.UNSPECIFIED.);
#245=B_SPLINE_CURVE_WITH_KNOTS('',3,(#7558,#7559,#7560,#7561,#7562),
 .UNSPECIFIED.,.F.,.F.,(4,1,4),(0.,0.0797713708351166,0.137375751736015),
 .UNSPECIFIED.);
#246=B_SPLINE_CURVE_WITH_KNOTS('',3,(#7564,#7565,#7566,#7567,#7568),
 .UNSPECIFIED.,.F.,.F.,(4,1,4),(-0.137375751736015,-0.0797713708351166,
0.),.UNSPECIFIED.);
#247=B_SPLINE_CURVE_WITH_KNOTS('',3,(#7581,#7582,#7583,#7584,#7585),
 .UNSPECIFIED.,.F.,.F.,(4,1,4),(0.,0.0487439217915985,0.102189906587148),
 .UNSPECIFIED.);
#248=B_SPLINE_CURVE_WITH_KNOTS('',3,(#7587,#7588,#7589,#7590,#7591),
 .UNSPECIFIED.,.F.,.F.,(4,1,4),(-0.102189906587148,-0.0487439217915985,
0.),.UNSPECIFIED.);
#249=B_SPLINE_CURVE_WITH_KNOTS('',3,(#7604,#7605,#7606,#7607,#7608),
 .UNSPECIFIED.,.F.,.F.,(4,1,4),(0.,0.0605430211976481,0.129488415519964),
 .UNSPECIFIED.);
#250=B_SPLINE_CURVE_WITH_KNOTS('',3,(#7610,#7611,#7612,#7613,#7614),
 .UNSPECIFIED.,.F.,.F.,(4,1,4),(-0.129488415519964,-0.0605430211976481,
0.),.UNSPECIFIED.);
#251=B_SPLINE_CURVE_WITH_KNOTS('',3,(#7627,#7628,#7629,#7630,#7631),
 .UNSPECIFIED.,.F.,.F.,(4,1,4),(0.,0.075331124148684,0.141382990503646),
 .UNSPECIFIED.);
#252=B_SPLINE_CURVE_WITH_KNOTS('',3,(#7633,#7634,#7635,#7636,#7637),
 .UNSPECIFIED.,.F.,.F.,(4,1,4),(-0.141382990503646,-0.075331124148684,0.),
 .UNSPECIFIED.);
#253=B_SPLINE_CURVE_WITH_KNOTS('',3,(#7650,#7651,#7652,#7653,#7654),
 .UNSPECIFIED.,.F.,.F.,(4,1,4),(0.,0.0559068986357171,0.101915864978979),
 .UNSPECIFIED.);
#254=B_SPLINE_CURVE_WITH_KNOTS('',3,(#7656,#7657,#7658,#7659,#7660),
 .UNSPECIFIED.,.F.,.F.,(4,1,4),(-0.101915864978979,-0.0559068986357171,
0.),.UNSPECIFIED.);
#255=B_SPLINE_CURVE_WITH_KNOTS('',3,(#7673,#7674,#7675,#7676,#7677),
 .UNSPECIFIED.,.F.,.F.,(4,1,4),(0.,0.0554451338077746,0.137046803408395),
 .UNSPECIFIED.);
#256=B_SPLINE_CURVE_WITH_KNOTS('',3,(#7679,#7680,#7681,#7682,#7683),
 .UNSPECIFIED.,.F.,.F.,(4,1,4),(-0.137046803408395,-0.0554451338077746,
0.),.UNSPECIFIED.);
#257=B_SPLINE_SURFACE_WITH_KNOTS('',3,1,((#5220,#5221),(#5222,#5223),(#5224,
#5225),(#5226,#5227),(#5228,#5229)),.UNSPECIFIED.,.F.,.F.,.F.,(4,1,4),(2,
2),(-0.562048098106435,-0.306870295167722,0.),(0.,0.3),.UNSPECIFIED.);
#258=B_SPLINE_SURFACE_WITH_KNOTS('',3,1,((#5243,#5244),(#5245,#5246),(#5247,
#5248),(#5249,#5250),(#5251,#5252)),.UNSPECIFIED.,.F.,.F.,.F.,(4,1,4),(2,
2),(-0.412029070828204,-0.218902932067742,0.),(0.,0.3),.UNSPECIFIED.);
#259=B_SPLINE_SURFACE_WITH_KNOTS('',3,1,((#5285,#5286),(#5287,#5288),(#5289,
#5290),(#5291,#5292),(#5293,#5294)),.UNSPECIFIED.,.F.,.F.,.F.,(4,1,4),(2,
2),(-0.127943505728282,-0.0774077245784505,0.),(0.,0.3),.UNSPECIFIED.);
#260=B_SPLINE_SURFACE_WITH_KNOTS('',3,1,((#5308,#5309),(#5310,#5311),(#5312,
#5313),(#5314,#5315),(#5316,#5317)),.UNSPECIFIED.,.F.,.F.,.F.,(4,1,4),(2,
2),(-0.0839605250111117,-0.0391092792579728,0.),(0.,0.3),.UNSPECIFIED.);
#261=B_SPLINE_SURFACE_WITH_KNOTS('',3,1,((#5331,#5332),(#5333,#5334),(#5335,
#5336),(#5337,#5338),(#5339,#5340)),.UNSPECIFIED.,.F.,.F.,.F.,(4,1,4),(2,
2),(-0.0976368799027077,-0.0479999410746047,0.),(0.,0.3),.UNSPECIFIED.);
#262=B_SPLINE_SURFACE_WITH_KNOTS('',3,1,((#5354,#5355),(#5356,#5357),(#5358,
#5359),(#5360,#5361),(#5362,#5363)),.UNSPECIFIED.,.F.,.F.,.F.,(4,1,4),(2,
2),(-0.114746637234947,-0.0540706291450847,0.),(0.,0.3),.UNSPECIFIED.);
#263=B_SPLINE_SURFACE_WITH_KNOTS('',3,1,((#5377,#5378),(#5379,#5380),(#5381,
#5382),(#5383,#5384),(#5385,#5386)),.UNSPECIFIED.,.F.,.F.,.F.,(4,1,4),(2,
2),(-0.129379427293585,-0.0677094699398091,0.),(0.,0.3),.UNSPECIFIED.);
#264=B_SPLINE_SURFACE_WITH_KNOTS('',3,1,((#5400,#5401),(#5402,#5403),(#5404,
#5405),(#5406,#5407),(#5408,#5409)),.UNSPECIFIED.,.F.,.F.,.F.,(4,1,4),(2,
2),(-0.103641228383908,-0.0551605179536194,0.),(0.,0.3),.UNSPECIFIED.);
#265=B_SPLINE_SURFACE_WITH_KNOTS('',3,1,((#5423,#5424),(#5425,#5426),(#5427,
#5428),(#5429,#5430),(#5431,#5432)),.UNSPECIFIED.,.F.,.F.,.F.,(4,1,4),(2,
2),(-0.0871921115185868,-0.0446767606552265,0.),(0.,0.3),.UNSPECIFIED.);
#266=B_SPLINE_SURFACE_WITH_KNOTS('',3,1,((#5446,#5447),(#5448,#5449),(#5450,
#5451),(#5452,#5453),(#5454,#5455)),.UNSPECIFIED.,.F.,.F.,.F.,(4,1,4),(2,
2),(-0.177752068217638,-0.0656390564570002,0.),(0.,0.3),.UNSPECIFIED.);
#267=B_SPLINE_SURFACE_WITH_KNOTS('',3,1,((#5487,#5488),(#5489,#5490),(#5491,
#5492),(#5493,#5494),(#5495,#5496)),.UNSPECIFIED.,.F.,.F.,.F.,(4,1,4),(2,
2),(-0.0673534762600817,-0.0429512380248059,0.),(0.,0.3),.UNSPECIFIED.);
#268=B_SPLINE_SURFACE_WITH_KNOTS('',3,1,((#5510,#5511),(#5512,#5513),(#5514,
#5515),(#5516,#5517),(#5518,#5519)),.UNSPECIFIED.,.F.,.F.,.F.,(4,1,4),(2,
2),(-0.0287467330319272,-0.0139008482483724,0.),(0.,0.3),.UNSPECIFIED.);
#269=B_SPLINE_SURFACE_WITH_KNOTS('',3,1,((#5533,#5534),(#5535,#5536),(#5537,
#5538),(#5539,#5540),(#5541,#5542)),.UNSPECIFIED.,.F.,.F.,.F.,(4,1,4),(2,
2),(-0.0318915804423485,-0.0167334153466911,0.),(0.,0.3),.UNSPECIFIED.);
#270=B_SPLINE_SURFACE_WITH_KNOTS('',3,1,((#5556,#5557),(#5558,#5559),(#5560,
#5561),(#5562,#5563),(#5564,#5565)),.UNSPECIFIED.,.F.,.F.,.F.,(4,1,4),(2,
2),(-0.0762043164108781,-0.0273263325011705,0.),(0.,0.3),.UNSPECIFIED.);
#271=B_SPLINE_SURFACE_WITH_KNOTS('',3,1,((#5598,#5599),(#5600,#5601),(#5602,
#5603),(#5604,#5605),(#5606,#5607)),.UNSPECIFIED.,.F.,.F.,.F.,(4,1,4),(2,
2),(-0.020760507817076,-0.011864730140519,0.),(0.,0.3),.UNSPECIFIED.);
#272=B_SPLINE_SURFACE_WITH_KNOTS('',3,1,((#5621,#5622),(#5623,#5624),(#5625,
#5626),(#5627,#5628),(#5629,#5630)),.UNSPECIFIED.,.F.,.F.,.F.,(4,1,4),(2,
2),(-0.0433207015632466,-0.0253588034347598,0.),(0.,0.3),.UNSPECIFIED.);
#273=B_SPLINE_SURFACE_WITH_KNOTS('',3,1,((#5644,#5645),(#5646,#5647),(#5648,
#5649),(#5650,#5651),(#5652,#5653)),.UNSPECIFIED.,.F.,.F.,.F.,(4,1,4),(2,
2),(-0.0869390093581822,-0.0297663970107549,0.),(0.,0.3),.UNSPECIFIED.);
#274=B_SPLINE_SURFACE_WITH_KNOTS('',3,1,((#5667,#5668),(#5669,#5670),(#5671,
#5672),(#5673,#5674),(#5675,#5676)),.UNSPECIFIED.,.F.,.F.,.F.,(4,1,4),(2,
2),(-0.0533124479053533,-0.0319800776106324,0.),(0.,0.3),.UNSPECIFIED.);
#275=B_SPLINE_SURFACE_WITH_KNOTS('',3,1,((#5690,#5691),(#5692,#5693),(#5694,
#5695),(#5696,#5697),(#5698,#5699)),.UNSPECIFIED.,.F.,.F.,.F.,(4,1,4),(2,
2),(-0.0267597990532602,-0.0146482226544331,0.),(0.,0.3),.UNSPECIFIED.);
#276=B_SPLINE_SURFACE_WITH_KNOTS('',3,1,((#5713,#5714),(#5715,#5716),(#5717,
#5718),(#5719,#5720),(#5721,#5722)),.UNSPECIFIED.,.F.,.F.,.F.,(4,1,4),(2,
2),(-0.0435598850465597,-0.0166567250628114,0.),(0.,0.3),.UNSPECIFIED.);
#277=B_SPLINE_SURFACE_WITH_KNOTS('',3,1,((#5742,#5743),(#5744,#5745),(#5746,
#5747),(#5748,#5749),(#5750,#5751)),.UNSPECIFIED.,.F.,.F.,.F.,(4,1,4),(2,
2),(-0.0585205979162228,-0.0362539131269774,0.),(0.,0.3),.UNSPECIFIED.);
#278=B_SPLINE_SURFACE_WITH_KNOTS('',3,1,((#5765,#5766),(#5767,#5768),(#5769,
#5770),(#5771,#5772),(#5773,#5774)),.UNSPECIFIED.,.F.,.F.,.F.,(4,1,4),(2,
2),(-0.062743397422101,-0.0232203353788655,0.),(0.,0.3),.UNSPECIFIED.);
#279=B_SPLINE_SURFACE_WITH_KNOTS('',3,1,((#5794,#5795),(#5796,#5797),(#5798,
#5799),(#5800,#5801),(#5802,#5803)),.UNSPECIFIED.,.F.,.F.,.F.,(4,1,4),(2,
2),(-0.0638771824309323,-0.041349488787295,0.),(0.,0.3),.UNSPECIFIED.);
#280=B_SPLINE_SURFACE_WITH_KNOTS('',3,1,((#5817,#5818),(#5819,#5820),(#5821,
#5822),(#5823,#5824),(#5825,#5826)),.UNSPECIFIED.,.F.,.F.,.F.,(4,1,4),(2,
2),(-0.059274028710059,-0.0215245395467679,0.),(0.,0.3),.UNSPECIFIED.);
#281=B_SPLINE_SURFACE_WITH_KNOTS('',3,1,((#5846,#5847),(#5848,#5849),(#5850,
#5851),(#5852,#5853),(#5854,#5855)),.UNSPECIFIED.,.F.,.F.,.F.,(4,1,4),(2,
2),(-0.150110198835748,-0.0864961630055383,0.),(0.,0.3),.UNSPECIFIED.);
#282=B_SPLINE_SURFACE_WITH_KNOTS('',3,1,((#5869,#5870),(#5871,#5872),(#5873,
#5874),(#5875,#5876),(#5877,#5878)),.UNSPECIFIED.,.F.,.F.,.F.,(4,1,4),(2,
2),(-0.104242345464406,-0.0512889838540771,0.),(0.,0.3),.UNSPECIFIED.);
#283=B_SPLINE_SURFACE_WITH_KNOTS('',3,1,((#5892,#5893),(#5894,#5895),(#5896,
#5897),(#5898,#5899),(#5900,#5901)),.UNSPECIFIED.,.F.,.F.,.F.,(4,1,4),(2,
2),(-0.155021493220688,-0.0652436623439846,0.),(0.,0.3),.UNSPECIFIED.);
#284=B_SPLINE_SURFACE_WITH_KNOTS('',3,1,((#5915,#5916),(#5917,#5918),(#5919,
#5920),(#5921,#5922),(#5923,#5924)),.UNSPECIFIED.,.F.,.F.,.F.,(4,1,4),(2,
2),(-0.101428267421041,-0.0597567451295007,0.),(0.,0.3),.UNSPECIFIED.);
#285=B_SPLINE_SURFACE_WITH_KNOTS('',3,1,((#5938,#5939),(#5940,#5941),(#5942,
#5943),(#5944,#5945),(#5946,#5947)),.UNSPECIFIED.,.F.,.F.,.F.,(4,1,4),(2,
2),(-0.0977780404349635,-0.0408057523512095,0.),(0.,0.3),.UNSPECIFIED.);
#286=B_SPLINE_SURFACE_WITH_KNOTS('',3,1,((#5961,#5962),(#5963,#5964),(#5965,
#5966),(#5967,#5968),(#5969,#5970)),.UNSPECIFIED.,.F.,.F.,.F.,(4,1,4),(2,
2),(-0.113743577486129,-0.0643004495562636,0.),(0.,0.3),.UNSPECIFIED.);
#287=B_SPLINE_SURFACE_WITH_KNOTS('',3,1,((#5984,#5985),(#5986,#5987),(#5988,
#5989),(#5990,#5991),(#5992,#5993)),.UNSPECIFIED.,.F.,.F.,.F.,(4,1,4),(2,
2),(-0.119977303938017,-0.0516293070518239,0.),(0.,0.3),.UNSPECIFIED.);
#288=B_SPLINE_SURFACE_WITH_KNOTS('',3,1,((#6013,#6014),(#6015,#6016),(#6017,
#6018),(#6019,#6020),(#6021,#6022)),.UNSPECIFIED.,.F.,.F.,.F.,(4,1,4),(2,
2),(-0.122207063065479,-0.070729754042785,0.),(0.,0.3),.UNSPECIFIED.);
#289=B_SPLINE_SURFACE_WITH_KNOTS('',3,1,((#6036,#6037),(#6038,#6039),(#6040,
#6041),(#6042,#6043),(#6044,#6045)),.UNSPECIFIED.,.F.,.F.,.F.,(4,1,4),(2,
2),(-0.0813127266754604,-0.0407231198809835,0.),(0.,0.3),.UNSPECIFIED.);
#290=B_SPLINE_SURFACE_WITH_KNOTS('',3,1,((#6059,#6060),(#6061,#6062),(#6063,
#6064),(#6065,#6066),(#6067,#6068)),.UNSPECIFIED.,.F.,.F.,.F.,(4,1,4),(2,
2),(-0.167018657193013,-0.0626956635917429,0.),(0.,0.3),.UNSPECIFIED.);
#291=B_SPLINE_SURFACE_WITH_KNOTS('',3,1,((#6176,#6177),(#6178,#6179),(#6180,
#6181),(#6182,#6183),(#6184,#6185)),.UNSPECIFIED.,.F.,.F.,.F.,(4,1,4),(2,
2),(-0.127943459200894,-0.0774077200134394,0.),(0.,0.3),.UNSPECIFIED.);
#292=B_SPLINE_SURFACE_WITH_KNOTS('',3,1,((#6199,#6200),(#6201,#6202),(#6203,
#6204),(#6205,#6206),(#6207,#6208)),.UNSPECIFIED.,.F.,.F.,.F.,(4,1,4),(2,
2),(-0.083960720665838,-0.0391093508018499,0.),(0.,0.3),.UNSPECIFIED.);
#293=B_SPLINE_SURFACE_WITH_KNOTS('',3,1,((#6222,#6223),(#6224,#6225),(#6226,
#6227),(#6228,#6229),(#6230,#6231)),.UNSPECIFIED.,.F.,.F.,.F.,(4,1,4),(2,
2),(-0.0976368799027077,-0.0479999410746047,0.),(0.,0.3),.UNSPECIFIED.);
#294=B_SPLINE_SURFACE_WITH_KNOTS('',3,1,((#6245,#6246),(#6247,#6248),(#6249,
#6250),(#6251,#6252),(#6253,#6254)),.UNSPECIFIED.,.F.,.F.,.F.,(4,1,4),(2,
2),(-0.114746874841646,-0.0540706291450847,0.),(0.,0.3),.UNSPECIFIED.);
#295=B_SPLINE_SURFACE_WITH_KNOTS('',3,1,((#6268,#6269),(#6270,#6271),(#6272,
#6273),(#6274,#6275),(#6276,#6277)),.UNSPECIFIED.,.F.,.F.,.F.,(4,1,4),(2,
2),(-0.129379189791009,-0.0677092324372334,0.),(0.,0.3),.UNSPECIFIED.);
#296=B_SPLINE_SURFACE_WITH_KNOTS('',3,1,((#6291,#6292),(#6293,#6294),(#6295,
#6296),(#6297,#6298),(#6299,#6300)),.UNSPECIFIED.,.F.,.F.,.F.,(4,1,4),(2,
2),(-0.103641228383908,-0.0551605179536194,0.),(0.,0.3),.UNSPECIFIED.);
#297=B_SPLINE_SURFACE_WITH_KNOTS('',3,1,((#6314,#6315),(#6316,#6317),(#6318,
#6319),(#6320,#6321),(#6322,#6323)),.UNSPECIFIED.,.F.,.F.,.F.,(4,1,4),(2,
2),(-0.0871921728087561,-0.0446766452900686,0.),(0.,0.3),.UNSPECIFIED.);
#298=B_SPLINE_SURFACE_WITH_KNOTS('',3,1,((#6337,#6338),(#6339,#6340),(#6341,
#6342),(#6343,#6344),(#6345,#6346)),.UNSPECIFIED.,.F.,.F.,.F.,(4,1,4),(2,
2),(-0.177752062963908,-0.0656390564570002,0.),(0.,0.3),.UNSPECIFIED.);
#299=B_SPLINE_SURFACE_WITH_KNOTS('',3,1,((#6378,#6379),(#6380,#6381),(#6382,
#6383),(#6384,#6385),(#6386,#6387)),.UNSPECIFIED.,.F.,.F.,.F.,(4,1,4),(2,
2),(-0.0673534762600817,-0.0429512380248059,0.),(0.,0.3),.UNSPECIFIED.);
#300=B_SPLINE_SURFACE_WITH_KNOTS('',3,1,((#6401,#6402),(#6403,#6404),(#6405,
#6406),(#6407,#6408),(#6409,#6410)),.UNSPECIFIED.,.F.,.F.,.F.,(4,1,4),(2,
2),(-0.0287469641559764,-0.0139008482483724,0.),(0.,0.3),.UNSPECIFIED.);
#301=B_SPLINE_SURFACE_WITH_KNOTS('',3,1,((#6424,#6425),(#6426,#6427),(#6428,
#6429),(#6430,#6431),(#6432,#6433)),.UNSPECIFIED.,.F.,.F.,.F.,(4,1,4),(2,
2),(-0.0318914937435202,-0.0167331838921657,0.),(0.,0.3),.UNSPECIFIED.);
#302=B_SPLINE_SURFACE_WITH_KNOTS('',3,1,((#6447,#6448),(#6449,#6450),(#6451,
#6452),(#6453,#6454),(#6455,#6456)),.UNSPECIFIED.,.F.,.F.,.F.,(4,1,4),(2,
2),(-0.0762042722993214,-0.0273262953191454,0.),(0.,0.3),.UNSPECIFIED.);
#303=B_SPLINE_SURFACE_WITH_KNOTS('',3,1,((#6489,#6490),(#6491,#6492),(#6493,
#6494),(#6495,#6496),(#6497,#6498)),.UNSPECIFIED.,.F.,.F.,.F.,(4,1,4),(2,
2),(-0.0207600310258753,-0.011864730140519,0.),(0.,0.3),.UNSPECIFIED.);
#304=B_SPLINE_SURFACE_WITH_KNOTS('',3,1,((#6512,#6513),(#6514,#6515),(#6516,
#6517),(#6518,#6519),(#6520,#6521)),.UNSPECIFIED.,.F.,.F.,.F.,(4,1,4),(2,
2),(-0.0433205162726445,-0.0253588034347598,0.),(0.,0.3),.UNSPECIFIED.);
#305=B_SPLINE_SURFACE_WITH_KNOTS('',3,1,((#6535,#6536),(#6537,#6538),(#6539,
#6540),(#6541,#6542),(#6543,#6544)),.UNSPECIFIED.,.F.,.F.,.F.,(4,1,4),(2,
2),(-0.0869390598197026,-0.0297664474722752,0.),(0.,0.3),.UNSPECIFIED.);
#306=B_SPLINE_SURFACE_WITH_KNOTS('',3,1,((#6558,#6559),(#6560,#6561),(#6562,
#6563),(#6564,#6565),(#6566,#6567)),.UNSPECIFIED.,.F.,.F.,.F.,(4,1,4),(2,
2),(-0.0533123899183727,-0.0319800776106324,0.),(0.,0.3),.UNSPECIFIED.);
#307=B_SPLINE_SURFACE_WITH_KNOTS('',3,1,((#6581,#6582),(#6583,#6584),(#6585,
#6586),(#6587,#6588),(#6589,#6590)),.UNSPECIFIED.,.F.,.F.,.F.,(4,1,4),(2,
2),(-0.0267597990532602,-0.0146482226544331,0.),(0.,0.3),.UNSPECIFIED.);
#308=B_SPLINE_SURFACE_WITH_KNOTS('',3,1,((#6604,#6605),(#6606,#6607),(#6608,
#6609),(#6610,#6611),(#6612,#6613)),.UNSPECIFIED.,.F.,.F.,.F.,(4,1,4),(2,
2),(-0.0435596431027299,-0.0166569593474834,0.),(0.,0.3),.UNSPECIFIED.);
#309=B_SPLINE_SURFACE_WITH_KNOTS('',3,1,((#6633,#6634),(#6635,#6636),(#6637,
#6638),(#6639,#6640),(#6641,#6642)),.UNSPECIFIED.,.F.,.F.,.F.,(4,1,4),(2,
2),(-0.0585208347293624,-0.0362541499401171,0.),(0.,0.3),.UNSPECIFIED.);
#310=B_SPLINE_SURFACE_WITH_KNOTS('',3,1,((#6656,#6657),(#6658,#6659),(#6660,
#6661),(#6662,#6663),(#6664,#6665)),.UNSPECIFIED.,.F.,.F.,.F.,(4,1,4),(2,
2),(-0.0627431177276623,-0.0232200556844268,0.),(0.,0.3),.UNSPECIFIED.);
#311=B_SPLINE_SURFACE_WITH_KNOTS('',3,1,((#6685,#6686),(#6687,#6688),(#6689,
#6690),(#6691,#6692),(#6693,#6694)),.UNSPECIFIED.,.F.,.F.,.F.,(4,1,4),(2,
2),(-0.0638772530467451,-0.0413494731163231,0.),(0.,0.3),.UNSPECIFIED.);
#312=B_SPLINE_SURFACE_WITH_KNOTS('',3,1,((#6708,#6709),(#6710,#6711),(#6712,
#6713),(#6714,#6715),(#6716,#6717)),.UNSPECIFIED.,.F.,.F.,.F.,(4,1,4),(2,
2),(-0.0592735178122045,-0.0215249774031343,0.),(0.,0.3),.UNSPECIFIED.);
#313=B_SPLINE_SURFACE_WITH_KNOTS('',3,1,((#6737,#6738),(#6739,#6740),(#6741,
#6742),(#6743,#6744),(#6745,#6746)),.UNSPECIFIED.,.F.,.F.,.F.,(4,1,4),(2,
2),(-0.150109964331548,-0.0864961630055383,0.),(0.,0.3),.UNSPECIFIED.);
#314=B_SPLINE_SURFACE_WITH_KNOTS('',3,1,((#6760,#6761),(#6762,#6763),(#6764,
#6765),(#6766,#6767),(#6768,#6769)),.UNSPECIFIED.,.F.,.F.,.F.,(4,1,4),(2,
2),(-0.104242669724064,-0.0512889838540771,0.),(0.,0.3),.UNSPECIFIED.);
#315=B_SPLINE_SURFACE_WITH_KNOTS('',3,1,((#6783,#6784),(#6785,#6786),(#6787,
#6788),(#6789,#6790),(#6791,#6792)),.UNSPECIFIED.,.F.,.F.,.F.,(4,1,4),(2,
2),(-0.155021451884422,-0.0652436623439846,0.),(0.,0.3),.UNSPECIFIED.);
#316=B_SPLINE_SURFACE_WITH_KNOTS('',3,1,((#6806,#6807),(#6808,#6809),(#6810,
#6811),(#6812,#6813),(#6814,#6815)),.UNSPECIFIED.,.F.,.F.,.F.,(4,1,4),(2,
2),(-0.101428194997681,-0.059756767061921,0.),(0.,0.3),.UNSPECIFIED.);
#317=B_SPLINE_SURFACE_WITH_KNOTS('',3,1,((#6829,#6830),(#6831,#6832),(#6833,
#6834),(#6835,#6836),(#6837,#6838)),.UNSPECIFIED.,.F.,.F.,.F.,(4,1,4),(2,
2),(-0.0977778495239713,-0.0408055614402173,0.),(0.,0.3),.UNSPECIFIED.);
#318=B_SPLINE_SURFACE_WITH_KNOTS('',3,1,((#6852,#6853),(#6854,#6855),(#6856,
#6857),(#6858,#6859),(#6860,#6861)),.UNSPECIFIED.,.F.,.F.,.F.,(4,1,4),(2,
2),(-0.113743397587877,-0.0643004495562636,0.),(0.,0.3),.UNSPECIFIED.);
#319=B_SPLINE_SURFACE_WITH_KNOTS('',3,1,((#6875,#6876),(#6877,#6878),(#6879,
#6880),(#6881,#6882),(#6883,#6884)),.UNSPECIFIED.,.F.,.F.,.F.,(4,1,4),(2,
2),(-0.119977370521139,-0.051629396043224,0.),(0.,0.3),.UNSPECIFIED.);
#320=B_SPLINE_SURFACE_WITH_KNOTS('',3,1,((#6904,#6905),(#6906,#6907),(#6908,
#6909),(#6910,#6911),(#6912,#6913)),.UNSPECIFIED.,.F.,.F.,.F.,(4,1,4),(2,
2),(-0.122206965559572,-0.0707297852718075,0.),(0.,0.3),.UNSPECIFIED.);
#321=B_SPLINE_SURFACE_WITH_KNOTS('',3,1,((#6927,#6928),(#6929,#6930),(#6931,
#6932),(#6933,#6934),(#6935,#6936)),.UNSPECIFIED.,.F.,.F.,.F.,(4,1,4),(2,
2),(-0.0813123046578802,-0.0407226978634033,0.),(0.,0.3),.UNSPECIFIED.);
#322=B_SPLINE_SURFACE_WITH_KNOTS('',3,1,((#6950,#6951),(#6952,#6953),(#6954,
#6955),(#6956,#6957),(#6958,#6959)),.UNSPECIFIED.,.F.,.F.,.F.,(4,1,4),(2,
2),(-0.167019133748634,-0.0626956635917429,0.),(0.,0.3),.UNSPECIFIED.);
#323=B_SPLINE_SURFACE_WITH_KNOTS('',3,1,((#7000,#7001),(#7002,#7003),(#7004,
#7005),(#7006,#7007),(#7008,#7009)),.UNSPECIFIED.,.F.,.F.,.F.,(4,1,4),(2,
2),(-0.0537232174042842,-0.0340221060146632,0.),(0.,0.3),.UNSPECIFIED.);
#324=B_SPLINE_SURFACE_WITH_KNOTS('',3,1,((#7023,#7024),(#7025,#7026),(#7027,
#7028),(#7029,#7030),(#7031,#7032)),.UNSPECIFIED.,.F.,.F.,.F.,(4,1,4),(2,
2),(-0.0281444766227585,-0.0130507297444169,0.),(0.,0.3),.UNSPECIFIED.);
#325=B_SPLINE_SURFACE_WITH_KNOTS('',3,1,((#7046,#7047),(#7048,#7049),(#7050,
#7051),(#7052,#7053),(#7054,#7055)),.UNSPECIFIED.,.F.,.F.,.F.,(4,1,4),(2,
2),(-0.0334929607918139,-0.0169310914865491,0.),(0.,0.3),.UNSPECIFIED.);
#326=B_SPLINE_SURFACE_WITH_KNOTS('',3,1,((#7069,#7070),(#7071,#7072),(#7073,
#7074),(#7075,#7076),(#7077,#7078)),.UNSPECIFIED.,.F.,.F.,.F.,(4,1,4),(2,
2),(-0.0478991506641504,-0.0205951543650805,0.),(0.,0.3),.UNSPECIFIED.);
#327=B_SPLINE_SURFACE_WITH_KNOTS('',3,1,((#7092,#7093),(#7094,#7095),(#7096,
#7097),(#7098,#7099),(#7100,#7101)),.UNSPECIFIED.,.F.,.F.,.F.,(4,1,4),(2,
2),(-0.0617034341389344,-0.0352089229045309,0.),(0.,0.3),.UNSPECIFIED.);
#328=B_SPLINE_SURFACE_WITH_KNOTS('',3,1,((#7115,#7116),(#7117,#7118),(#7119,
#7120),(#7121,#7122),(#7123,#7124)),.UNSPECIFIED.,.F.,.F.,.F.,(4,1,4),(2,
2),(-0.0770249862977279,-0.0299164320166255,0.),(0.,0.3),.UNSPECIFIED.);
#329=B_SPLINE_SURFACE_WITH_KNOTS('',3,1,((#7138,#7139),(#7140,#7141),(#7142,
#7143),(#7144,#7145),(#7146,#7147)),.UNSPECIFIED.,.F.,.F.,.F.,(4,1,4),(2,
2),(-0.222121613812096,-0.135816256780607,0.),(0.,0.3),.UNSPECIFIED.);
#330=B_SPLINE_SURFACE_WITH_KNOTS('',3,1,((#7161,#7162),(#7163,#7164),(#7165,
#7166),(#7167,#7168),(#7169,#7170)),.UNSPECIFIED.,.F.,.F.,.F.,(4,1,4),(2,
2),(-0.175986111843915,-0.0741653392588046,0.),(0.,0.3),.UNSPECIFIED.);
#331=B_SPLINE_SURFACE_WITH_KNOTS('',3,1,((#7184,#7185),(#7186,#7187),(#7188,
#7189),(#7190,#7191),(#7192,#7193)),.UNSPECIFIED.,.F.,.F.,.F.,(4,1,4),(2,
2),(-0.128304351957289,-0.074411816946792,0.),(0.,0.3),.UNSPECIFIED.);
#332=B_SPLINE_SURFACE_WITH_KNOTS('',3,1,((#7207,#7208),(#7209,#7210),(#7211,
#7212),(#7213,#7214),(#7215,#7216)),.UNSPECIFIED.,.F.,.F.,.F.,(4,1,4),(2,
2),(-0.104383715999643,-0.0474129911717158,0.),(0.,0.3),.UNSPECIFIED.);
#333=B_SPLINE_SURFACE_WITH_KNOTS('',3,1,((#7230,#7231),(#7232,#7233),(#7234,
#7235),(#7236,#7237),(#7238,#7239)),.UNSPECIFIED.,.F.,.F.,.F.,(4,1,4),(2,
2),(-0.137066097575857,-0.0653356165975738,0.),(0.,0.3),.UNSPECIFIED.);
#334=B_SPLINE_SURFACE_WITH_KNOTS('',3,1,((#7253,#7254),(#7255,#7256),(#7257,
#7258),(#7259,#7260),(#7261,#7262)),.UNSPECIFIED.,.F.,.F.,.F.,(4,1,4),(2,
2),(-0.147142225179478,-0.0777963036020857,0.),(0.,0.3),.UNSPECIFIED.);
#335=B_SPLINE_SURFACE_WITH_KNOTS('',3,1,((#7276,#7277),(#7278,#7279),(#7280,
#7281),(#7282,#7283),(#7284,#7285)),.UNSPECIFIED.,.F.,.F.,.F.,(4,1,4),(2,
2),(-0.113567931087064,-0.060657210494261,0.),(0.,0.3),.UNSPECIFIED.);
#336=B_SPLINE_SURFACE_WITH_KNOTS('',3,1,((#7299,#7300),(#7301,#7302),(#7303,
#7304),(#7305,#7306),(#7307,#7308)),.UNSPECIFIED.,.F.,.F.,.F.,(4,1,4),(2,
2),(-0.140550121582536,-0.0607402243993835,0.),(0.,0.3),.UNSPECIFIED.);
#337=B_SPLINE_SURFACE_WITH_KNOTS('',3,1,((#7340,#7341),(#7342,#7343),(#7344,
#7345),(#7346,#7347),(#7348,#7349)),.UNSPECIFIED.,.F.,.F.,.F.,(4,1,4),(2,
2),(-0.0587467211710828,-0.0369925375895125,0.),(0.,0.3),.UNSPECIFIED.);
#338=B_SPLINE_SURFACE_WITH_KNOTS('',3,1,((#7363,#7364),(#7365,#7366),(#7367,
#7368),(#7369,#7370),(#7371,#7372)),.UNSPECIFIED.,.F.,.F.,.F.,(4,1,4),(2,
2),(-0.0327468388403423,-0.0148528174902178,0.),(0.,0.3),.UNSPECIFIED.);
#339=B_SPLINE_SURFACE_WITH_KNOTS('',3,1,((#7386,#7387),(#7388,#7389),(#7390,
#7391),(#7392,#7393),(#7394,#7395)),.UNSPECIFIED.,.F.,.F.,.F.,(4,1,4),(2,
2),(-0.0362440615903685,-0.0185510841358206,0.),(0.,0.3),.UNSPECIFIED.);
#340=B_SPLINE_SURFACE_WITH_KNOTS('',3,1,((#7409,#7410),(#7411,#7412),(#7413,
#7414),(#7415,#7416),(#7417,#7418)),.UNSPECIFIED.,.F.,.F.,.F.,(4,1,4),(2,
2),(-0.0499162093183646,-0.0216370067599459,0.),(0.,0.3),.UNSPECIFIED.);
#341=B_SPLINE_SURFACE_WITH_KNOTS('',3,1,((#7432,#7433),(#7434,#7435),(#7436,
#7437),(#7438,#7439),(#7440,#7441)),.UNSPECIFIED.,.F.,.F.,.F.,(4,1,4),(2,
2),(-0.0955477923092671,-0.0586294455243024,0.),(0.,0.3),.UNSPECIFIED.);
#342=B_SPLINE_SURFACE_WITH_KNOTS('',3,1,((#7455,#7456),(#7457,#7458),(#7459,
#7460),(#7461,#7462),(#7463,#7464)),.UNSPECIFIED.,.F.,.F.,.F.,(4,1,4),(2,
2),(-0.121596749623764,-0.0448738826042132,0.),(0.,0.3),.UNSPECIFIED.);
#343=B_SPLINE_SURFACE_WITH_KNOTS('',3,1,((#7478,#7479),(#7480,#7481),(#7482,
#7483),(#7484,#7485),(#7486,#7487)),.UNSPECIFIED.,.F.,.F.,.F.,(4,1,4),(2,
2),(-0.127073666671118,-0.0782624390165242,0.),(0.,0.3),.UNSPECIFIED.);
#344=B_SPLINE_SURFACE_WITH_KNOTS('',3,1,((#7501,#7502),(#7503,#7504),(#7505,
#7506),(#7507,#7508),(#7509,#7510)),.UNSPECIFIED.,.F.,.F.,.F.,(4,1,4),(2,
2),(-0.07708389462144,-0.0360070332522211,0.),(0.,0.3),.UNSPECIFIED.);
#345=B_SPLINE_SURFACE_WITH_KNOTS('',3,1,((#7524,#7525),(#7526,#7527),(#7528,
#7529),(#7530,#7531),(#7532,#7533)),.UNSPECIFIED.,.F.,.F.,.F.,(4,1,4),(2,
2),(-0.106525562763112,-0.0483177307361948,0.),(0.,0.3),.UNSPECIFIED.);
#346=B_SPLINE_SURFACE_WITH_KNOTS('',3,1,((#7547,#7548),(#7549,#7550),(#7551,
#7552),(#7553,#7554),(#7555,#7556)),.UNSPECIFIED.,.F.,.F.,.F.,(4,1,4),(2,
2),(-0.137375751736015,-0.0797713708351166,0.),(0.,0.3),.UNSPECIFIED.);
#347=B_SPLINE_SURFACE_WITH_KNOTS('',3,1,((#7570,#7571),(#7572,#7573),(#7574,
#7575),(#7576,#7577),(#7578,#7579)),.UNSPECIFIED.,.F.,.F.,.F.,(4,1,4),(2,
2),(-0.102189906587148,-0.0487439217915985,0.),(0.,0.3),.UNSPECIFIED.);
#348=B_SPLINE_SURFACE_WITH_KNOTS('',3,1,((#7593,#7594),(#7595,#7596),(#7597,
#7598),(#7599,#7600),(#7601,#7602)),.UNSPECIFIED.,.F.,.F.,.F.,(4,1,4),(2,
2),(-0.129488415519964,-0.0605430211976481,0.),(0.,0.3),.UNSPECIFIED.);
#349=B_SPLINE_SURFACE_WITH_KNOTS('',3,1,((#7616,#7617),(#7618,#7619),(#7620,
#7621),(#7622,#7623),(#7624,#7625)),.UNSPECIFIED.,.F.,.F.,.F.,(4,1,4),(2,
2),(-0.141382990503646,-0.075331124148684,0.),(0.,0.3),.UNSPECIFIED.);
#350=B_SPLINE_SURFACE_WITH_KNOTS('',3,1,((#7639,#7640),(#7641,#7642),(#7643,
#7644),(#7645,#7646),(#7647,#7648)),.UNSPECIFIED.,.F.,.F.,.F.,(4,1,4),(2,
2),(-0.101915864978979,-0.0559068986357171,0.),(0.,0.3),.UNSPECIFIED.);
#351=B_SPLINE_SURFACE_WITH_KNOTS('',3,1,((#7662,#7663),(#7664,#7665),(#7666,
#7667),(#7668,#7669),(#7670,#7671)),.UNSPECIFIED.,.F.,.F.,.F.,(4,1,4),(2,
2),(-0.137046803408395,-0.0554451338077746,0.),(0.,0.3),.UNSPECIFIED.);
#352=FACE_OUTER_BOUND('',#580,.T.);
#353=FACE_OUTER_BOUND('',#581,.T.);
#354=FACE_OUTER_BOUND('',#582,.T.);
#355=FACE_OUTER_BOUND('',#583,.T.);
#356=FACE_OUTER_BOUND('',#584,.T.);
#357=FACE_OUTER_BOUND('',#585,.T.);
#358=FACE_OUTER_BOUND('',#586,.T.);
#359=FACE_OUTER_BOUND('',#587,.T.);
#360=FACE_OUTER_BOUND('',#588,.T.);
#361=FACE_OUTER_BOUND('',#589,.T.);
#362=FACE_OUTER_BOUND('',#590,.T.);
#363=FACE_OUTER_BOUND('',#591,.T.);
#364=FACE_OUTER_BOUND('',#592,.T.);
#365=FACE_OUTER_BOUND('',#593,.T.);
#366=FACE_OUTER_BOUND('',#594,.T.);
#367=FACE_OUTER_BOUND('',#595,.T.);
#368=FACE_OUTER_BOUND('',#596,.T.);
#369=FACE_OUTER_BOUND('',#597,.T.);
#370=FACE_OUTER_BOUND('',#598,.T.);
#371=FACE_OUTER_BOUND('',#599,.T.);
#372=FACE_OUTER_BOUND('',#600,.T.);
#373=FACE_OUTER_BOUND('',#601,.T.);
#374=FACE_OUTER_BOUND('',#602,.T.);
#375=FACE_OUTER_BOUND('',#603,.T.);
#376=FACE_OUTER_BOUND('',#604,.T.);
#377=FACE_OUTER_BOUND('',#605,.T.);
#378=FACE_OUTER_BOUND('',#606,.T.);
#379=FACE_OUTER_BOUND('',#607,.T.);
#380=FACE_OUTER_BOUND('',#608,.T.);
#381=FACE_OUTER_BOUND('',#609,.T.);
#382=FACE_OUTER_BOUND('',#610,.T.);
#383=FACE_OUTER_BOUND('',#611,.T.);
#384=FACE_OUTER_BOUND('',#612,.T.);
#385=FACE_OUTER_BOUND('',#613,.T.);
#386=FACE_OUTER_BOUND('',#614,.T.);
#387=FACE_OUTER_BOUND('',#615,.T.);
#388=FACE_OUTER_BOUND('',#616,.T.);
#389=FACE_OUTER_BOUND('',#617,.T.);
#390=FACE_OUTER_BOUND('',#618,.T.);
#391=FACE_OUTER_BOUND('',#619,.T.);
#392=FACE_OUTER_BOUND('',#620,.T.);
#393=FACE_OUTER_BOUND('',#621,.T.);
#394=FACE_OUTER_BOUND('',#622,.T.);
#395=FACE_OUTER_BOUND('',#623,.T.);
#396=FACE_OUTER_BOUND('',#624,.T.);
#397=FACE_OUTER_BOUND('',#625,.T.);
#398=FACE_OUTER_BOUND('',#626,.T.);
#399=FACE_OUTER_BOUND('',#627,.T.);
#400=FACE_OUTER_BOUND('',#628,.T.);
#401=FACE_OUTER_BOUND('',#629,.T.);
#402=FACE_OUTER_BOUND('',#630,.T.);
#403=FACE_OUTER_BOUND('',#631,.T.);
#404=FACE_OUTER_BOUND('',#632,.T.);
#405=FACE_OUTER_BOUND('',#633,.T.);
#406=FACE_OUTER_BOUND('',#634,.T.);
#407=FACE_OUTER_BOUND('',#635,.T.);
#408=FACE_OUTER_BOUND('',#638,.T.);
#409=FACE_OUTER_BOUND('',#639,.T.);
#410=FACE_OUTER_BOUND('',#640,.T.);
#411=FACE_OUTER_BOUND('',#641,.T.);
#412=FACE_OUTER_BOUND('',#642,.T.);
#413=FACE_OUTER_BOUND('',#643,.T.);
#414=FACE_OUTER_BOUND('',#644,.T.);
#415=FACE_OUTER_BOUND('',#645,.T.);
#416=FACE_OUTER_BOUND('',#646,.T.);
#417=FACE_OUTER_BOUND('',#647,.T.);
#418=FACE_OUTER_BOUND('',#648,.T.);
#419=FACE_OUTER_BOUND('',#649,.T.);
#420=FACE_OUTER_BOUND('',#650,.T.);
#421=FACE_OUTER_BOUND('',#651,.T.);
#422=FACE_OUTER_BOUND('',#652,.T.);
#423=FACE_OUTER_BOUND('',#653,.T.);
#424=FACE_OUTER_BOUND('',#654,.T.);
#425=FACE_OUTER_BOUND('',#655,.T.);
#426=FACE_OUTER_BOUND('',#656,.T.);
#427=FACE_OUTER_BOUND('',#657,.T.);
#428=FACE_OUTER_BOUND('',#658,.T.);
#429=FACE_OUTER_BOUND('',#659,.T.);
#430=FACE_OUTER_BOUND('',#660,.T.);
#431=FACE_OUTER_BOUND('',#661,.T.);
#432=FACE_OUTER_BOUND('',#662,.T.);
#433=FACE_OUTER_BOUND('',#663,.T.);
#434=FACE_OUTER_BOUND('',#664,.T.);
#435=FACE_OUTER_BOUND('',#665,.T.);
#436=FACE_OUTER_BOUND('',#666,.T.);
#437=FACE_OUTER_BOUND('',#667,.T.);
#438=FACE_OUTER_BOUND('',#668,.T.);
#439=FACE_OUTER_BOUND('',#669,.T.);
#440=FACE_OUTER_BOUND('',#670,.T.);
#441=FACE_OUTER_BOUND('',#671,.T.);
#442=FACE_OUTER_BOUND('',#672,.T.);
#443=FACE_OUTER_BOUND('',#673,.T.);
#444=FACE_OUTER_BOUND('',#674,.T.);
#445=FACE_OUTER_BOUND('',#675,.T.);
#446=FACE_OUTER_BOUND('',#676,.T.);
#447=FACE_OUTER_BOUND('',#677,.T.);
#448=FACE_OUTER_BOUND('',#678,.T.);
#449=FACE_OUTER_BOUND('',#679,.T.);
#450=FACE_OUTER_BOUND('',#680,.T.);
#451=FACE_OUTER_BOUND('',#681,.T.);
#452=FACE_OUTER_BOUND('',#682,.T.);
#453=FACE_OUTER_BOUND('',#683,.T.);
#454=FACE_OUTER_BOUND('',#684,.T.);
#455=FACE_OUTER_BOUND('',#685,.T.);
#456=FACE_OUTER_BOUND('',#686,.T.);
#457=FACE_OUTER_BOUND('',#687,.T.);
#458=FACE_OUTER_BOUND('',#688,.T.);
#459=FACE_OUTER_BOUND('',#689,.T.);
#460=FACE_OUTER_BOUND('',#690,.T.);
#461=FACE_OUTER_BOUND('',#691,.T.);
#462=FACE_OUTER_BOUND('',#692,.T.);
#463=FACE_OUTER_BOUND('',#693,.T.);
#464=FACE_OUTER_BOUND('',#694,.T.);
#465=FACE_OUTER_BOUND('',#695,.T.);
#466=FACE_OUTER_BOUND('',#696,.T.);
#467=FACE_OUTER_BOUND('',#697,.T.);
#468=FACE_OUTER_BOUND('',#698,.T.);
#469=FACE_OUTER_BOUND('',#699,.T.);
#470=FACE_OUTER_BOUND('',#702,.T.);
#471=FACE_OUTER_BOUND('',#703,.T.);
#472=FACE_OUTER_BOUND('',#704,.T.);
#473=FACE_OUTER_BOUND('',#705,.T.);
#474=FACE_OUTER_BOUND('',#706,.T.);
#475=FACE_OUTER_BOUND('',#707,.T.);
#476=FACE_OUTER_BOUND('',#708,.T.);
#477=FACE_OUTER_BOUND('',#709,.T.);
#478=FACE_OUTER_BOUND('',#710,.T.);
#479=FACE_OUTER_BOUND('',#711,.T.);
#480=FACE_OUTER_BOUND('',#712,.T.);
#481=FACE_OUTER_BOUND('',#713,.T.);
#482=FACE_OUTER_BOUND('',#714,.T.);
#483=FACE_OUTER_BOUND('',#715,.T.);
#484=FACE_OUTER_BOUND('',#716,.T.);
#485=FACE_OUTER_BOUND('',#717,.T.);
#486=FACE_OUTER_BOUND('',#718,.T.);
#487=FACE_OUTER_BOUND('',#719,.T.);
#488=FACE_OUTER_BOUND('',#720,.T.);
#489=FACE_OUTER_BOUND('',#721,.T.);
#490=FACE_OUTER_BOUND('',#722,.T.);
#491=FACE_OUTER_BOUND('',#723,.T.);
#492=FACE_OUTER_BOUND('',#724,.T.);
#493=FACE_OUTER_BOUND('',#725,.T.);
#494=FACE_OUTER_BOUND('',#726,.T.);
#495=FACE_OUTER_BOUND('',#727,.T.);
#496=FACE_OUTER_BOUND('',#728,.T.);
#497=FACE_OUTER_BOUND('',#729,.T.);
#498=FACE_OUTER_BOUND('',#730,.T.);
#499=FACE_OUTER_BOUND('',#731,.T.);
#500=FACE_OUTER_BOUND('',#732,.T.);
#501=FACE_OUTER_BOUND('',#733,.T.);
#502=FACE_OUTER_BOUND('',#734,.T.);
#503=FACE_OUTER_BOUND('',#735,.T.);
#504=FACE_OUTER_BOUND('',#736,.T.);
#505=FACE_OUTER_BOUND('',#737,.T.);
#506=FACE_OUTER_BOUND('',#738,.T.);
#507=FACE_OUTER_BOUND('',#739,.T.);
#508=FACE_OUTER_BOUND('',#740,.T.);
#509=FACE_OUTER_BOUND('',#741,.T.);
#510=FACE_OUTER_BOUND('',#742,.T.);
#511=FACE_OUTER_BOUND('',#743,.T.);
#512=FACE_OUTER_BOUND('',#744,.T.);
#513=FACE_OUTER_BOUND('',#745,.T.);
#514=FACE_OUTER_BOUND('',#746,.T.);
#515=FACE_OUTER_BOUND('',#747,.T.);
#516=FACE_OUTER_BOUND('',#748,.T.);
#517=FACE_OUTER_BOUND('',#749,.T.);
#518=FACE_OUTER_BOUND('',#750,.T.);
#519=FACE_OUTER_BOUND('',#751,.T.);
#520=FACE_OUTER_BOUND('',#752,.T.);
#521=FACE_OUTER_BOUND('',#753,.T.);
#522=FACE_OUTER_BOUND('',#754,.T.);
#523=FACE_OUTER_BOUND('',#755,.T.);
#524=FACE_OUTER_BOUND('',#756,.T.);
#525=FACE_OUTER_BOUND('',#757,.T.);
#526=FACE_OUTER_BOUND('',#758,.T.);
#527=FACE_OUTER_BOUND('',#759,.T.);
#528=FACE_OUTER_BOUND('',#760,.T.);
#529=FACE_OUTER_BOUND('',#761,.T.);
#530=FACE_OUTER_BOUND('',#762,.T.);
#531=FACE_OUTER_BOUND('',#763,.T.);
#532=FACE_OUTER_BOUND('',#764,.T.);
#533=FACE_OUTER_BOUND('',#765,.T.);
#534=FACE_OUTER_BOUND('',#766,.T.);
#535=FACE_OUTER_BOUND('',#767,.T.);
#536=FACE_OUTER_BOUND('',#768,.T.);
#537=FACE_OUTER_BOUND('',#769,.T.);
#538=FACE_OUTER_BOUND('',#770,.T.);
#539=FACE_OUTER_BOUND('',#771,.T.);
#540=FACE_OUTER_BOUND('',#772,.T.);
#541=FACE_OUTER_BOUND('',#773,.T.);
#542=FACE_OUTER_BOUND('',#774,.T.);
#543=FACE_OUTER_BOUND('',#775,.T.);
#544=FACE_OUTER_BOUND('',#776,.T.);
#545=FACE_OUTER_BOUND('',#777,.T.);
#546=FACE_OUTER_BOUND('',#778,.T.);
#547=FACE_OUTER_BOUND('',#779,.T.);
#548=FACE_OUTER_BOUND('',#780,.T.);
#549=FACE_OUTER_BOUND('',#781,.T.);
#550=FACE_OUTER_BOUND('',#782,.T.);
#551=FACE_OUTER_BOUND('',#783,.T.);
#552=FACE_OUTER_BOUND('',#784,.T.);
#553=FACE_OUTER_BOUND('',#785,.T.);
#554=FACE_OUTER_BOUND('',#786,.T.);
#555=FACE_OUTER_BOUND('',#790,.T.);
#556=FACE_OUTER_BOUND('',#791,.T.);
#557=FACE_OUTER_BOUND('',#793,.T.);
#558=FACE_OUTER_BOUND('',#795,.T.);
#559=FACE_OUTER_BOUND('',#797,.T.);
#560=FACE_OUTER_BOUND('',#798,.T.);
#561=FACE_OUTER_BOUND('',#799,.T.);
#562=FACE_OUTER_BOUND('',#801,.T.);
#563=FACE_OUTER_BOUND('',#805,.T.);
#564=FACE_OUTER_BOUND('',#806,.T.);
#565=FACE_OUTER_BOUND('',#808,.T.);
#566=FACE_OUTER_BOUND('',#818,.T.);
#567=FACE_OUTER_BOUND('',#819,.T.);
#568=FACE_OUTER_BOUND('',#820,.T.);
#569=FACE_OUTER_BOUND('',#821,.T.);
#570=FACE_OUTER_BOUND('',#822,.T.);
#571=FACE_OUTER_BOUND('',#823,.T.);
#572=FACE_OUTER_BOUND('',#824,.T.);
#573=FACE_OUTER_BOUND('',#825,.T.);
#574=FACE_OUTER_BOUND('',#826,.T.);
#575=FACE_OUTER_BOUND('',#827,.T.);
#576=FACE_OUTER_BOUND('',#828,.T.);
#577=FACE_OUTER_BOUND('',#829,.T.);
#578=FACE_OUTER_BOUND('',#830,.T.);
#579=FACE_OUTER_BOUND('',#831,.T.);
#580=EDGE_LOOP('',(#2708,#2709,#2710,#2711));
#581=EDGE_LOOP('',(#2712,#2713,#2714,#2715));
#582=EDGE_LOOP('',(#2716,#2717,#2718,#2719));
#583=EDGE_LOOP('',(#2720,#2721,#2722,#2723));
#584=EDGE_LOOP('',(#2724,#2725,#2726,#2727));
#585=EDGE_LOOP('',(#2728,#2729,#2730,#2731));
#586=EDGE_LOOP('',(#2732,#2733,#2734,#2735));
#587=EDGE_LOOP('',(#2736,#2737,#2738,#2739));
#588=EDGE_LOOP('',(#2740,#2741,#2742,#2743,#2744,#2745,#2746,#2747));
#589=EDGE_LOOP('',(#2748,#2749,#2750,#2751));
#590=EDGE_LOOP('',(#2752,#2753,#2754,#2755));
#591=EDGE_LOOP('',(#2756,#2757,#2758,#2759));
#592=EDGE_LOOP('',(#2760,#2761,#2762,#2763));
#593=EDGE_LOOP('',(#2764,#2765,#2766,#2767));
#594=EDGE_LOOP('',(#2768,#2769,#2770,#2771));
#595=EDGE_LOOP('',(#2772,#2773,#2774,#2775));
#596=EDGE_LOOP('',(#2776,#2777,#2778,#2779));
#597=EDGE_LOOP('',(#2780,#2781,#2782,#2783));
#598=EDGE_LOOP('',(#2784,#2785,#2786,#2787));
#599=EDGE_LOOP('',(#2788,#2789,#2790,#2791));
#600=EDGE_LOOP('',(#2792,#2793,#2794,#2795));
#601=EDGE_LOOP('',(#2796,#2797,#2798,#2799));
#602=EDGE_LOOP('',(#2800,#2801,#2802,#2803));
#603=EDGE_LOOP('',(#2804,#2805,#2806,#2807));
#604=EDGE_LOOP('',(#2808,#2809,#2810,#2811));
#605=EDGE_LOOP('',(#2812,#2813,#2814,#2815));
#606=EDGE_LOOP('',(#2816,#2817,#2818,#2819));
#607=EDGE_LOOP('',(#2820,#2821,#2822,#2823,#2824,#2825,#2826,#2827,#2828,
#2829,#2830,#2831,#2832,#2833,#2834,#2835,#2836,#2837));
#608=EDGE_LOOP('',(#2838,#2839,#2840,#2841));
#609=EDGE_LOOP('',(#2842,#2843,#2844,#2845));
#610=EDGE_LOOP('',(#2846,#2847,#2848,#2849));
#611=EDGE_LOOP('',(#2850,#2851,#2852,#2853));
#612=EDGE_LOOP('',(#2854,#2855,#2856,#2857));
#613=EDGE_LOOP('',(#2858,#2859,#2860,#2861));
#614=EDGE_LOOP('',(#2862,#2863,#2864,#2865));
#615=EDGE_LOOP('',(#2866,#2867,#2868,#2869));
#616=EDGE_LOOP('',(#2870,#2871,#2872,#2873));
#617=EDGE_LOOP('',(#2874,#2875,#2876,#2877));
#618=EDGE_LOOP('',(#2878,#2879,#2880,#2881));
#619=EDGE_LOOP('',(#2882,#2883,#2884,#2885));
#620=EDGE_LOOP('',(#2886,#2887,#2888,#2889));
#621=EDGE_LOOP('',(#2890,#2891,#2892,#2893));
#622=EDGE_LOOP('',(#2894,#2895,#2896,#2897));
#623=EDGE_LOOP('',(#2898,#2899,#2900,#2901));
#624=EDGE_LOOP('',(#2902,#2903,#2904,#2905));
#625=EDGE_LOOP('',(#2906,#2907,#2908,#2909));
#626=EDGE_LOOP('',(#2910,#2911,#2912,#2913));
#627=EDGE_LOOP('',(#2914,#2915,#2916,#2917));
#628=EDGE_LOOP('',(#2918,#2919,#2920,#2921));
#629=EDGE_LOOP('',(#2922,#2923,#2924,#2925));
#630=EDGE_LOOP('',(#2926,#2927,#2928,#2929));
#631=EDGE_LOOP('',(#2930,#2931,#2932,#2933));
#632=EDGE_LOOP('',(#2934,#2935,#2936,#2937));
#633=EDGE_LOOP('',(#2938,#2939,#2940,#2941));
#634=EDGE_LOOP('',(#2942,#2943,#2944,#2945));
#635=EDGE_LOOP('',(#2946,#2947,#2948,#2949,#2950,#2951,#2952,#2953,#2954,
#2955,#2956,#2957,#2958,#2959));
#636=EDGE_LOOP('',(#2960,#2961,#2962,#2963,#2964,#2965));
#637=EDGE_LOOP('',(#2966,#2967,#2968,#2969,#2970,#2971,#2972));
#638=EDGE_LOOP('',(#2973,#2974,#2975,#2976,#2977,#2978));
#639=EDGE_LOOP('',(#2979,#2980,#2981,#2982,#2983,#2984,#2985));
#640=EDGE_LOOP('',(#2986,#2987,#2988,#2989));
#641=EDGE_LOOP('',(#2990,#2991,#2992,#2993));
#642=EDGE_LOOP('',(#2994,#2995,#2996,#2997));
#643=EDGE_LOOP('',(#2998,#2999,#3000,#3001));
#644=EDGE_LOOP('',(#3002,#3003,#3004,#3005));
#645=EDGE_LOOP('',(#3006,#3007,#3008,#3009));
#646=EDGE_LOOP('',(#3010,#3011,#3012,#3013));
#647=EDGE_LOOP('',(#3014,#3015,#3016,#3017));
#648=EDGE_LOOP('',(#3018,#3019,#3020,#3021));
#649=EDGE_LOOP('',(#3022,#3023,#3024,#3025));
#650=EDGE_LOOP('',(#3026,#3027,#3028,#3029));
#651=EDGE_LOOP('',(#3030,#3031,#3032,#3033));
#652=EDGE_LOOP('',(#3034,#3035,#3036,#3037,#3038,#3039,#3040,#3041,#3042,
#3043,#3044,#3045));
#653=EDGE_LOOP('',(#3046,#3047,#3048,#3049));
#654=EDGE_LOOP('',(#3050,#3051,#3052,#3053));
#655=EDGE_LOOP('',(#3054,#3055,#3056,#3057));
#656=EDGE_LOOP('',(#3058,#3059,#3060,#3061));
#657=EDGE_LOOP('',(#3062,#3063,#3064,#3065));
#658=EDGE_LOOP('',(#3066,#3067,#3068,#3069));
#659=EDGE_LOOP('',(#3070,#3071,#3072,#3073));
#660=EDGE_LOOP('',(#3074,#3075,#3076,#3077));
#661=EDGE_LOOP('',(#3078,#3079,#3080,#3081));
#662=EDGE_LOOP('',(#3082,#3083,#3084,#3085));
#663=EDGE_LOOP('',(#3086,#3087,#3088,#3089));
#664=EDGE_LOOP('',(#3090,#3091,#3092,#3093));
#665=EDGE_LOOP('',(#3094,#3095,#3096,#3097));
#666=EDGE_LOOP('',(#3098,#3099,#3100,#3101));
#667=EDGE_LOOP('',(#3102,#3103,#3104,#3105));
#668=EDGE_LOOP('',(#3106,#3107,#3108,#3109));
#669=EDGE_LOOP('',(#3110,#3111,#3112,#3113));
#670=EDGE_LOOP('',(#3114,#3115,#3116,#3117));
#671=EDGE_LOOP('',(#3118,#3119,#3120,#3121,#3122,#3123,#3124,#3125,#3126,
#3127,#3128,#3129,#3130,#3131,#3132,#3133,#3134,#3135));
#672=EDGE_LOOP('',(#3136,#3137,#3138,#3139));
#673=EDGE_LOOP('',(#3140,#3141,#3142,#3143));
#674=EDGE_LOOP('',(#3144,#3145,#3146,#3147));
#675=EDGE_LOOP('',(#3148,#3149,#3150,#3151));
#676=EDGE_LOOP('',(#3152,#3153,#3154,#3155));
#677=EDGE_LOOP('',(#3156,#3157,#3158,#3159));
#678=EDGE_LOOP('',(#3160,#3161,#3162,#3163));
#679=EDGE_LOOP('',(#3164,#3165,#3166,#3167));
#680=EDGE_LOOP('',(#3168,#3169,#3170,#3171));
#681=EDGE_LOOP('',(#3172,#3173,#3174,#3175));
#682=EDGE_LOOP('',(#3176,#3177,#3178,#3179));
#683=EDGE_LOOP('',(#3180,#3181,#3182,#3183));
#684=EDGE_LOOP('',(#3184,#3185,#3186,#3187));
#685=EDGE_LOOP('',(#3188,#3189,#3190,#3191));
#686=EDGE_LOOP('',(#3192,#3193,#3194,#3195));
#687=EDGE_LOOP('',(#3196,#3197,#3198,#3199));
#688=EDGE_LOOP('',(#3200,#3201,#3202,#3203));
#689=EDGE_LOOP('',(#3204,#3205,#3206,#3207));
#690=EDGE_LOOP('',(#3208,#3209,#3210,#3211));
#691=EDGE_LOOP('',(#3212,#3213,#3214,#3215));
#692=EDGE_LOOP('',(#3216,#3217,#3218,#3219));
#693=EDGE_LOOP('',(#3220,#3221,#3222,#3223));
#694=EDGE_LOOP('',(#3224,#3225,#3226,#3227));
#695=EDGE_LOOP('',(#3228,#3229,#3230,#3231));
#696=EDGE_LOOP('',(#3232,#3233,#3234,#3235));
#697=EDGE_LOOP('',(#3236,#3237,#3238,#3239));
#698=EDGE_LOOP('',(#3240,#3241,#3242,#3243));
#699=EDGE_LOOP('',(#3244,#3245,#3246,#3247,#3248,#3249,#3250,#3251,#3252,
#3253,#3254,#3255,#3256,#3257));
#700=EDGE_LOOP('',(#3258,#3259,#3260,#3261,#3262,#3263));
#701=EDGE_LOOP('',(#3264,#3265,#3266,#3267,#3268,#3269,#3270));
#702=EDGE_LOOP('',(#3271,#3272,#3273,#3274,#3275,#3276));
#703=EDGE_LOOP('',(#3277,#3278,#3279,#3280,#3281,#3282,#3283));
#704=EDGE_LOOP('',(#3284,#3285,#3286,#3287));
#705=EDGE_LOOP('',(#3288,#3289,#3290,#3291));
#706=EDGE_LOOP('',(#3292,#3293,#3294,#3295));
#707=EDGE_LOOP('',(#3296,#3297,#3298,#3299));
#708=EDGE_LOOP('',(#3300,#3301,#3302,#3303));
#709=EDGE_LOOP('',(#3304,#3305,#3306,#3307));
#710=EDGE_LOOP('',(#3308,#3309,#3310,#3311));
#711=EDGE_LOOP('',(#3312,#3313,#3314,#3315));
#712=EDGE_LOOP('',(#3316,#3317,#3318,#3319));
#713=EDGE_LOOP('',(#3320,#3321,#3322,#3323));
#714=EDGE_LOOP('',(#3324,#3325,#3326,#3327));
#715=EDGE_LOOP('',(#3328,#3329,#3330,#3331));
#716=EDGE_LOOP('',(#3332,#3333,#3334,#3335));
#717=EDGE_LOOP('',(#3336,#3337,#3338,#3339));
#718=EDGE_LOOP('',(#3340,#3341,#3342,#3343));
#719=EDGE_LOOP('',(#3344,#3345,#3346,#3347));
#720=EDGE_LOOP('',(#3348,#3349,#3350,#3351));
#721=EDGE_LOOP('',(#3352,#3353,#3354,#3355));
#722=EDGE_LOOP('',(#3356,#3357,#3358,#3359));
#723=EDGE_LOOP('',(#3360,#3361,#3362,#3363));
#724=EDGE_LOOP('',(#3364,#3365,#3366,#3367));
#725=EDGE_LOOP('',(#3368,#3369,#3370,#3371));
#726=EDGE_LOOP('',(#3372,#3373,#3374,#3375));
#727=EDGE_LOOP('',(#3376,#3377,#3378,#3379));
#728=EDGE_LOOP('',(#3380,#3381,#3382,#3383));
#729=EDGE_LOOP('',(#3384,#3385,#3386,#3387));
#730=EDGE_LOOP('',(#3388,#3389,#3390,#3391));
#731=EDGE_LOOP('',(#3392,#3393,#3394,#3395));
#732=EDGE_LOOP('',(#3396,#3397,#3398,#3399));
#733=EDGE_LOOP('',(#3400,#3401,#3402,#3403));
#734=EDGE_LOOP('',(#3404,#3405,#3406,#3407));
#735=EDGE_LOOP('',(#3408,#3409,#3410,#3411));
#736=EDGE_LOOP('',(#3412,#3413,#3414,#3415));
#737=EDGE_LOOP('',(#3416,#3417,#3418,#3419));
#738=EDGE_LOOP('',(#3420,#3421,#3422,#3423));
#739=EDGE_LOOP('',(#3424,#3425,#3426,#3427,#3428,#3429,#3430,#3431,#3432,
#3433,#3434,#3435,#3436,#3437,#3438,#3439,#3440,#3441,#3442,#3443,#3444,
#3445,#3446,#3447,#3448,#3449,#3450,#3451,#3452,#3453,#3454,#3455,#3456,
#3457,#3458));
#740=EDGE_LOOP('',(#3459,#3460,#3461,#3462));
#741=EDGE_LOOP('',(#3463,#3464,#3465,#3466));
#742=EDGE_LOOP('',(#3467,#3468,#3469,#3470));
#743=EDGE_LOOP('',(#3471,#3472,#3473,#3474));
#744=EDGE_LOOP('',(#3475,#3476,#3477,#3478));
#745=EDGE_LOOP('',(#3479,#3480,#3481,#3482));
#746=EDGE_LOOP('',(#3483,#3484,#3485,#3486));
#747=EDGE_LOOP('',(#3487,#3488,#3489,#3490));
#748=EDGE_LOOP('',(#3491,#3492,#3493,#3494));
#749=EDGE_LOOP('',(#3495,#3496,#3497,#3498));
#750=EDGE_LOOP('',(#3499,#3500,#3501,#3502));
#751=EDGE_LOOP('',(#3503,#3504,#3505,#3506,#3507,#3508,#3509,#3510,#3511,
#3512,#3513));
#752=EDGE_LOOP('',(#3514,#3515,#3516,#3517));
#753=EDGE_LOOP('',(#3518,#3519,#3520,#3521));
#754=EDGE_LOOP('',(#3522,#3523,#3524,#3525));
#755=EDGE_LOOP('',(#3526,#3527,#3528,#3529));
#756=EDGE_LOOP('',(#3530,#3531,#3532,#3533));
#757=EDGE_LOOP('',(#3534,#3535,#3536,#3537));
#758=EDGE_LOOP('',(#3538,#3539,#3540,#3541));
#759=EDGE_LOOP('',(#3542,#3543,#3544,#3545));
#760=EDGE_LOOP('',(#3546,#3547,#3548,#3549));
#761=EDGE_LOOP('',(#3550,#3551,#3552,#3553));
#762=EDGE_LOOP('',(#3554,#3555,#3556,#3557));
#763=EDGE_LOOP('',(#3558,#3559,#3560,#3561));
#764=EDGE_LOOP('',(#3562,#3563,#3564,#3565));
#765=EDGE_LOOP('',(#3566,#3567,#3568,#3569));
#766=EDGE_LOOP('',(#3570,#3571,#3572,#3573));
#767=EDGE_LOOP('',(#3574,#3575,#3576,#3577));
#768=EDGE_LOOP('',(#3578,#3579,#3580,#3581));
#769=EDGE_LOOP('',(#3582,#3583,#3584,#3585));
#770=EDGE_LOOP('',(#3586,#3587,#3588,#3589));
#771=EDGE_LOOP('',(#3590,#3591,#3592,#3593));
#772=EDGE_LOOP('',(#3594,#3595,#3596,#3597));
#773=EDGE_LOOP('',(#3598,#3599,#3600,#3601));
#774=EDGE_LOOP('',(#3602,#3603,#3604,#3605));
#775=EDGE_LOOP('',(#3606,#3607,#3608,#3609));
#776=EDGE_LOOP('',(#3610,#3611,#3612,#3613));
#777=EDGE_LOOP('',(#3614,#3615,#3616,#3617));
#778=EDGE_LOOP('',(#3618,#3619,#3620,#3621));
#779=EDGE_LOOP('',(#3622,#3623,#3624,#3625));
#780=EDGE_LOOP('',(#3626,#3627,#3628,#3629));
#781=EDGE_LOOP('',(#3630,#3631,#3632,#3633));
#782=EDGE_LOOP('',(#3634,#3635,#3636,#3637));
#783=EDGE_LOOP('',(#3638,#3639,#3640,#3641));
#784=EDGE_LOOP('',(#3642,#3643,#3644,#3645));
#785=EDGE_LOOP('',(#3646,#3647,#3648,#3649,#3650));
#786=EDGE_LOOP('',(#3651,#3652,#3653,#3654));
#787=EDGE_LOOP('',(#3655,#3656,#3657,#3658));
#788=EDGE_LOOP('',(#3659,#3660,#3661,#3662));
#789=EDGE_LOOP('',(#3663,#3664,#3665,#3666));
#790=EDGE_LOOP('',(#3667,#3668,#3669,#3670));
#791=EDGE_LOOP('',(#3671,#3672,#3673,#3674));
#792=EDGE_LOOP('',(#3675,#3676,#3677,#3678,#3679,#3680,#3681,#3682));
#793=EDGE_LOOP('',(#3683,#3684,#3685,#3686,#3687));
#794=EDGE_LOOP('',(#3688,#3689,#3690,#3691,#3692));
#795=EDGE_LOOP('',(#3693,#3694,#3695,#3696));
#796=EDGE_LOOP('',(#3697,#3698,#3699,#3700,#3701,#3702,#3703,#3704));
#797=EDGE_LOOP('',(#3705,#3706,#3707,#3708));
#798=EDGE_LOOP('',(#3709,#3710,#3711,#3712));
#799=EDGE_LOOP('',(#3713,#3714,#3715,#3716));
#800=EDGE_LOOP('',(#3717,#3718,#3719,#3720,#3721,#3722,#3723,#3724));
#801=EDGE_LOOP('',(#3725,#3726,#3727,#3728));
#802=EDGE_LOOP('',(#3729,#3730,#3731,#3732));
#803=EDGE_LOOP('',(#3733,#3734,#3735,#3736));
#804=EDGE_LOOP('',(#3737,#3738,#3739,#3740));
#805=EDGE_LOOP('',(#3741,#3742,#3743,#3744));
#806=EDGE_LOOP('',(#3745,#3746,#3747,#3748));
#807=EDGE_LOOP('',(#3749,#3750,#3751,#3752,#3753,#3754,#3755,#3756));
#808=EDGE_LOOP('',(#3757,#3758,#3759,#3760,#3761));
#809=EDGE_LOOP('',(#3762,#3763,#3764,#3765,#3766,#3767,#3768,#3769,#3770,
#3771,#3772,#3773,#3774,#3775,#3776,#3777,#3778,#3779));
#810=EDGE_LOOP('',(#3780,#3781,#3782,#3783,#3784,#3785,#3786,#3787,#3788,
#3789,#3790,#3791,#3792,#3793));
#811=EDGE_LOOP('',(#3794,#3795,#3796,#3797,#3798,#3799,#3800,#3801,#3802,
#3803,#3804,#3805,#3806,#3807,#3808,#3809,#3810,#3811,#3812,#3813,#3814,
#3815,#3816,#3817,#3818,#3819,#3820,#3821,#3822,#3823,#3824,#3825,#3826,
#3827,#3828));
#812=EDGE_LOOP('',(#3829,#3830,#3831,#3832,#3833,#3834,#3835,#3836,#3837,
#3838,#3839));
#813=EDGE_LOOP('',(#3840,#3841,#3842,#3843));
#814=EDGE_LOOP('',(#3844,#3845,#3846,#3847,#3848,#3849,#3850,#3851,#3852,
#3853,#3854,#3855,#3856,#3857,#3858,#3859,#3860,#3861));
#815=EDGE_LOOP('',(#3862,#3863,#3864,#3865,#3866,#3867,#3868,#3869,#3870,
#3871,#3872,#3873));
#816=EDGE_LOOP('',(#3874,#3875,#3876,#3877,#3878,#3879,#3880,#3881,#3882,
#3883,#3884,#3885,#3886,#3887));
#817=EDGE_LOOP('',(#3888,#3889,#3890,#3891,#3892,#3893,#3894,#3895));
#818=EDGE_LOOP('',(#3896,#3897,#3898,#3899));
#819=EDGE_LOOP('',(#3900,#3901,#3902,#3903));
#820=EDGE_LOOP('',(#3904,#3905,#3906,#3907));
#821=EDGE_LOOP('',(#3908,#3909,#3910,#3911));
#822=EDGE_LOOP('',(#3912,#3913,#3914,#3915));
#823=EDGE_LOOP('',(#3916,#3917,#3918,#3919,#3920));
#824=EDGE_LOOP('',(#3921,#3922,#3923,#3924,#3925));
#825=EDGE_LOOP('',(#3926,#3927,#3928,#3929));
#826=EDGE_LOOP('',(#3930,#3931,#3932,#3933));
#827=EDGE_LOOP('',(#3934,#3935,#3936,#3937));
#828=EDGE_LOOP('',(#3938,#3939,#3940,#3941));
#829=EDGE_LOOP('',(#3942,#3943,#3944,#3945));
#830=EDGE_LOOP('',(#3946,#3947,#3948,#3949,#3950));
#831=EDGE_LOOP('',(#3951,#3952,#3953,#3954,#3955));
#832=LINE('',#5196,#1250);
#833=LINE('',#5198,#1251);
#834=LINE('',#5200,#1252);
#835=LINE('',#5201,#1253);
#836=LINE('',#5204,#1254);
#837=LINE('',#5206,#1255);
#838=LINE('',#5207,#1256);
#839=LINE('',#5210,#1257);
#840=LINE('',#5212,#1258);
#841=LINE('',#5213,#1259);
#842=LINE('',#5216,#1260);
#843=LINE('',#5218,#1261);
#844=LINE('',#5219,#1262);
#845=LINE('',#5242,#1263);
#846=LINE('',#5265,#1264);
#847=LINE('',#5268,#1265);
#848=LINE('',#5270,#1266);
#849=LINE('',#5271,#1267);
#850=LINE('',#5273,#1268);
#851=LINE('',#5274,#1269);
#852=LINE('',#5279,#1270);
#853=LINE('',#5281,#1271);
#854=LINE('',#5283,#1272);
#855=LINE('',#5284,#1273);
#856=LINE('',#5307,#1274);
#857=LINE('',#5330,#1275);
#858=LINE('',#5353,#1276);
#859=LINE('',#5376,#1277);
#860=LINE('',#5399,#1278);
#861=LINE('',#5422,#1279);
#862=LINE('',#5445,#1280);
#863=LINE('',#5468,#1281);
#864=LINE('',#5471,#1282);
#865=LINE('',#5473,#1283);
#866=LINE('',#5474,#1284);
#867=LINE('',#5477,#1285);
#868=LINE('',#5479,#1286);
#869=LINE('',#5480,#1287);
#870=LINE('',#5483,#1288);
#871=LINE('',#5485,#1289);
#872=LINE('',#5486,#1290);
#873=LINE('',#5509,#1291);
#874=LINE('',#5532,#1292);
#875=LINE('',#5555,#1293);
#876=LINE('',#5578,#1294);
#877=LINE('',#5581,#1295);
#878=LINE('',#5583,#1296);
#879=LINE('',#5584,#1297);
#880=LINE('',#5586,#1298);
#881=LINE('',#5587,#1299);
#882=LINE('',#5592,#1300);
#883=LINE('',#5594,#1301);
#884=LINE('',#5596,#1302);
#885=LINE('',#5597,#1303);
#886=LINE('',#5620,#1304);
#887=LINE('',#5643,#1305);
#888=LINE('',#5666,#1306);
#889=LINE('',#5689,#1307);
#890=LINE('',#5712,#1308);
#891=LINE('',#5736,#1309);
#892=LINE('',#5738,#1310);
#893=LINE('',#5740,#1311);
#894=LINE('',#5741,#1312);
#895=LINE('',#5764,#1313);
#896=LINE('',#5787,#1314);
#897=LINE('',#5790,#1315);
#898=LINE('',#5792,#1316);
#899=LINE('',#5793,#1317);
#900=LINE('',#5816,#1318);
#901=LINE('',#5840,#1319);
#902=LINE('',#5842,#1320);
#903=LINE('',#5844,#1321);
#904=LINE('',#5845,#1322);
#905=LINE('',#5868,#1323);
#906=LINE('',#5891,#1324);
#907=LINE('',#5914,#1325);
#908=LINE('',#5937,#1326);
#909=LINE('',#5960,#1327);
#910=LINE('',#5983,#1328);
#911=LINE('',#6006,#1329);
#912=LINE('',#6009,#1330);
#913=LINE('',#6011,#1331);
#914=LINE('',#6012,#1332);
#915=LINE('',#6035,#1333);
#916=LINE('',#6058,#1334);
#917=LINE('',#6081,#1335);
#918=LINE('',#6084,#1336);
#919=LINE('',#6086,#1337);
#920=LINE('',#6087,#1338);
#921=LINE('',#6089,#1339);
#922=LINE('',#6090,#1340);
#923=LINE('',#6097,#1341);
#924=LINE('',#6099,#1342);
#925=LINE('',#6101,#1343);
#926=LINE('',#6102,#1344);
#927=LINE('',#6105,#1345);
#928=LINE('',#6107,#1346);
#929=LINE('',#6108,#1347);
#930=LINE('',#6111,#1348);
#931=LINE('',#6113,#1349);
#932=LINE('',#6114,#1350);
#933=LINE('',#6117,#1351);
#934=LINE('',#6119,#1352);
#935=LINE('',#6120,#1353);
#936=LINE('',#6123,#1354);
#937=LINE('',#6125,#1355);
#938=LINE('',#6126,#1356);
#939=LINE('',#6129,#1357);
#940=LINE('',#6131,#1358);
#941=LINE('',#6132,#1359);
#942=LINE('',#6135,#1360);
#943=LINE('',#6137,#1361);
#944=LINE('',#6138,#1362);
#945=LINE('',#6141,#1363);
#946=LINE('',#6143,#1364);
#947=LINE('',#6144,#1365);
#948=LINE('',#6147,#1366);
#949=LINE('',#6149,#1367);
#950=LINE('',#6150,#1368);
#951=LINE('',#6153,#1369);
#952=LINE('',#6155,#1370);
#953=LINE('',#6156,#1371);
#954=LINE('',#6159,#1372);
#955=LINE('',#6161,#1373);
#956=LINE('',#6162,#1374);
#957=LINE('',#6164,#1375);
#958=LINE('',#6165,#1376);
#959=LINE('',#6170,#1377);
#960=LINE('',#6172,#1378);
#961=LINE('',#6174,#1379);
#962=LINE('',#6175,#1380);
#963=LINE('',#6198,#1381);
#964=LINE('',#6221,#1382);
#965=LINE('',#6244,#1383);
#966=LINE('',#6267,#1384);
#967=LINE('',#6290,#1385);
#968=LINE('',#6313,#1386);
#969=LINE('',#6336,#1387);
#970=LINE('',#6359,#1388);
#971=LINE('',#6362,#1389);
#972=LINE('',#6364,#1390);
#973=LINE('',#6365,#1391);
#974=LINE('',#6368,#1392);
#975=LINE('',#6370,#1393);
#976=LINE('',#6371,#1394);
#977=LINE('',#6374,#1395);
#978=LINE('',#6376,#1396);
#979=LINE('',#6377,#1397);
#980=LINE('',#6400,#1398);
#981=LINE('',#6423,#1399);
#982=LINE('',#6446,#1400);
#983=LINE('',#6469,#1401);
#984=LINE('',#6472,#1402);
#985=LINE('',#6474,#1403);
#986=LINE('',#6475,#1404);
#987=LINE('',#6477,#1405);
#988=LINE('',#6478,#1406);
#989=LINE('',#6483,#1407);
#990=LINE('',#6485,#1408);
#991=LINE('',#6487,#1409);
#992=LINE('',#6488,#1410);
#993=LINE('',#6511,#1411);
#994=LINE('',#6534,#1412);
#995=LINE('',#6557,#1413);
#996=LINE('',#6580,#1414);
#997=LINE('',#6603,#1415);
#998=LINE('',#6627,#1416);
#999=LINE('',#6629,#1417);
#1000=LINE('',#6631,#1418);
#1001=LINE('',#6632,#1419);
#1002=LINE('',#6655,#1420);
#1003=LINE('',#6678,#1421);
#1004=LINE('',#6681,#1422);
#1005=LINE('',#6683,#1423);
#1006=LINE('',#6684,#1424);
#1007=LINE('',#6707,#1425);
#1008=LINE('',#6731,#1426);
#1009=LINE('',#6733,#1427);
#1010=LINE('',#6735,#1428);
#1011=LINE('',#6736,#1429);
#1012=LINE('',#6759,#1430);
#1013=LINE('',#6782,#1431);
#1014=LINE('',#6805,#1432);
#1015=LINE('',#6828,#1433);
#1016=LINE('',#6851,#1434);
#1017=LINE('',#6874,#1435);
#1018=LINE('',#6897,#1436);
#1019=LINE('',#6900,#1437);
#1020=LINE('',#6902,#1438);
#1021=LINE('',#6903,#1439);
#1022=LINE('',#6926,#1440);
#1023=LINE('',#6949,#1441);
#1024=LINE('',#6972,#1442);
#1025=LINE('',#6975,#1443);
#1026=LINE('',#6977,#1444);
#1027=LINE('',#6978,#1445);
#1028=LINE('',#6980,#1446);
#1029=LINE('',#6981,#1447);
#1030=LINE('',#6988,#1448);
#1031=LINE('',#6990,#1449);
#1032=LINE('',#6992,#1450);
#1033=LINE('',#6993,#1451);
#1034=LINE('',#6996,#1452);
#1035=LINE('',#6998,#1453);
#1036=LINE('',#6999,#1454);
#1037=LINE('',#7022,#1455);
#1038=LINE('',#7045,#1456);
#1039=LINE('',#7068,#1457);
#1040=LINE('',#7091,#1458);
#1041=LINE('',#7114,#1459);
#1042=LINE('',#7137,#1460);
#1043=LINE('',#7160,#1461);
#1044=LINE('',#7183,#1462);
#1045=LINE('',#7206,#1463);
#1046=LINE('',#7229,#1464);
#1047=LINE('',#7252,#1465);
#1048=LINE('',#7275,#1466);
#1049=LINE('',#7298,#1467);
#1050=LINE('',#7321,#1468);
#1051=LINE('',#7324,#1469);
#1052=LINE('',#7326,#1470);
#1053=LINE('',#7327,#1471);
#1054=LINE('',#7330,#1472);
#1055=LINE('',#7332,#1473);
#1056=LINE('',#7333,#1474);
#1057=LINE('',#7336,#1475);
#1058=LINE('',#7338,#1476);
#1059=LINE('',#7339,#1477);
#1060=LINE('',#7362,#1478);
#1061=LINE('',#7385,#1479);
#1062=LINE('',#7408,#1480);
#1063=LINE('',#7431,#1481);
#1064=LINE('',#7454,#1482);
#1065=LINE('',#7477,#1483);
#1066=LINE('',#7500,#1484);
#1067=LINE('',#7523,#1485);
#1068=LINE('',#7546,#1486);
#1069=LINE('',#7569,#1487);
#1070=LINE('',#7592,#1488);
#1071=LINE('',#7615,#1489);
#1072=LINE('',#7638,#1490);
#1073=LINE('',#7661,#1491);
#1074=LINE('',#7684,#1492);
#1075=LINE('',#7686,#1493);
#1076=LINE('',#7687,#1494);
#1077=LINE('',#7692,#1495);
#1078=LINE('',#7694,#1496);
#1079=LINE('',#7696,#1497);
#1080=LINE('',#7697,#1498);
#1081=LINE('',#7700,#1499);
#1082=LINE('',#7702,#1500);
#1083=LINE('',#7703,#1501);
#1084=LINE('',#7706,#1502);
#1085=LINE('',#7708,#1503);
#1086=LINE('',#7709,#1504);
#1087=LINE('',#7712,#1505);
#1088=LINE('',#7714,#1506);
#1089=LINE('',#7715,#1507);
#1090=LINE('',#7718,#1508);
#1091=LINE('',#7720,#1509);
#1092=LINE('',#7721,#1510);
#1093=LINE('',#7724,#1511);
#1094=LINE('',#7726,#1512);
#1095=LINE('',#7727,#1513);
#1096=LINE('',#7730,#1514);
#1097=LINE('',#7732,#1515);
#1098=LINE('',#7733,#1516);
#1099=LINE('',#7736,#1517);
#1100=LINE('',#7738,#1518);
#1101=LINE('',#7739,#1519);
#1102=LINE('',#7742,#1520);
#1103=LINE('',#7744,#1521);
#1104=LINE('',#7745,#1522);
#1105=LINE('',#7748,#1523);
#1106=LINE('',#7750,#1524);
#1107=LINE('',#7751,#1525);
#1108=LINE('',#7753,#1526);
#1109=LINE('',#7754,#1527);
#1110=LINE('',#7759,#1528);
#1111=LINE('',#7761,#1529);
#1112=LINE('',#7763,#1530);
#1113=LINE('',#7764,#1531);
#1114=LINE('',#7767,#1532);
#1115=LINE('',#7769,#1533);
#1116=LINE('',#7770,#1534);
#1117=LINE('',#7773,#1535);
#1118=LINE('',#7775,#1536);
#1119=LINE('',#7776,#1537);
#1120=LINE('',#7778,#1538);
#1121=LINE('',#7779,#1539);
#1122=LINE('',#7784,#1540);
#1123=LINE('',#7786,#1541);
#1124=LINE('',#7788,#1542);
#1125=LINE('',#7789,#1543);
#1126=LINE('',#7795,#1544);
#1127=LINE('',#7798,#1545);
#1128=LINE('',#7800,#1546);
#1129=LINE('',#7801,#1547);
#1130=LINE('',#7807,#1548);
#1131=LINE('',#7810,#1549);
#1132=LINE('',#7812,#1550);
#1133=LINE('',#7813,#1551);
#1134=LINE('',#7818,#1552);
#1135=LINE('',#7822,#1553);
#1136=LINE('',#7824,#1554);
#1137=LINE('',#7825,#1555);
#1138=LINE('',#7832,#1556);
#1139=LINE('',#7834,#1557);
#1140=LINE('',#7836,#1558);
#1141=LINE('',#7837,#1559);
#1142=LINE('',#7843,#1560);
#1143=LINE('',#7846,#1561);
#1144=LINE('',#7848,#1562);
#1145=LINE('',#7849,#1563);
#1146=LINE('',#7855,#1564);
#1147=LINE('',#7858,#1565);
#1148=LINE('',#7860,#1566);
#1149=LINE('',#7861,#1567);
#1150=LINE('',#7866,#1568);
#1151=LINE('',#7870,#1569);
#1152=LINE('',#7872,#1570);
#1153=LINE('',#7873,#1571);
#1154=LINE('',#7880,#1572);
#1155=LINE('',#7882,#1573);
#1156=LINE('',#7884,#1574);
#1157=LINE('',#7885,#1575);
#1158=LINE('',#7888,#1576);
#1159=LINE('',#7890,#1577);
#1160=LINE('',#7891,#1578);
#1161=LINE('',#7894,#1579);
#1162=LINE('',#7896,#1580);
#1163=LINE('',#7897,#1581);
#1164=LINE('',#7899,#1582);
#1165=LINE('',#7900,#1583);
#1166=LINE('',#7904,#1584);
#1167=LINE('',#7906,#1585);
#1168=LINE('',#7908,#1586);
#1169=LINE('',#7909,#1587);
#1170=LINE('',#7912,#1588);
#1171=LINE('',#7914,#1589);
#1172=LINE('',#7915,#1590);
#1173=LINE('',#7918,#1591);
#1174=LINE('',#7920,#1592);
#1175=LINE('',#7921,#1593);
#1176=LINE('',#7923,#1594);
#1177=LINE('',#7924,#1595);
#1178=LINE('',#7928,#1596);
#1179=LINE('',#7930,#1597);
#1180=LINE('',#7932,#1598);
#1181=LINE('',#7933,#1599);
#1182=LINE('',#7936,#1600);
#1183=LINE('',#7938,#1601);
#1184=LINE('',#7939,#1602);
#1185=LINE('',#7942,#1603);
#1186=LINE('',#7944,#1604);
#1187=LINE('',#7945,#1605);
#1188=LINE('',#7947,#1606);
#1189=LINE('',#7948,#1607);
#1190=LINE('',#7952,#1608);
#1191=LINE('',#7954,#1609);
#1192=LINE('',#7956,#1610);
#1193=LINE('',#7958,#1611);
#1194=LINE('',#7959,#1612);
#1195=LINE('',#7962,#1613);
#1196=LINE('',#7964,#1614);
#1197=LINE('',#7965,#1615);
#1198=LINE('',#7968,#1616);
#1199=LINE('',#7969,#1617);
#1200=LINE('',#7972,#1618);
#1201=LINE('',#7973,#1619);
#1202=LINE('',#7977,#1620);
#1203=LINE('',#7979,#1621);
#1204=LINE('',#7981,#1622);
#1205=LINE('',#7983,#1623);
#1206=LINE('',#7984,#1624);
#1207=LINE('',#7986,#1625);
#1208=LINE('',#7987,#1626);
#1209=LINE('',#7989,#1627);
#1210=LINE('',#7994,#1628);
#1211=LINE('',#7995,#1629);
#1212=LINE('',#7996,#1630);
#1213=LINE('',#7999,#1631);
#1214=LINE('',#8000,#1632);
#1215=LINE('',#8003,#1633);
#1216=LINE('',#8004,#1634);
#1217=LINE('',#8007,#1635);
#1218=LINE('',#8008,#1636);
#1219=LINE('',#8010,#1637);
#1220=LINE('',#8015,#1638);
#1221=LINE('',#8017,#1639);
#1222=LINE('',#8019,#1640);
#1223=LINE('',#8020,#1641);
#1224=LINE('',#8023,#1642);
#1225=LINE('',#8025,#1643);
#1226=LINE('',#8026,#1644);
#1227=LINE('',#8029,#1645);
#1228=LINE('',#8031,#1646);
#1229=LINE('',#8032,#1647);
#1230=LINE('',#8035,#1648);
#1231=LINE('',#8037,#1649);
#1232=LINE('',#8038,#1650);
#1233=LINE('',#8040,#1651);
#1234=LINE('',#8041,#1652);
#1235=LINE('',#8047,#1653);
#1236=LINE('',#8049,#1654);
#1237=LINE('',#8051,#1655);
#1238=LINE('',#8052,#1656);
#1239=LINE('',#8055,#1657);
#1240=LINE('',#8057,#1658);
#1241=LINE('',#8058,#1659);
#1242=LINE('',#8061,#1660);
#1243=LINE('',#8063,#1661);
#1244=LINE('',#8064,#1662);
#1245=LINE('',#8067,#1663);
#1246=LINE('',#8069,#1664);
#1247=LINE('',#8070,#1665);
#1248=LINE('',#8072,#1666);
#1249=LINE('',#8073,#1667);
#1250=VECTOR('',#4478,10.);
#1251=VECTOR('',#4479,10.);
#1252=VECTOR('',#4480,10.);
#1253=VECTOR('',#4481,10.);
#1254=VECTOR('',#4484,10.);
#1255=VECTOR('',#4485,10.);
#1256=VECTOR('',#4486,10.);
#1257=VECTOR('',#4489,10.);
#1258=VECTOR('',#4490,10.);
#1259=VECTOR('',#4491,10.);
#1260=VECTOR('',#4494,10.);
#1261=VECTOR('',#4495,10.);
#1262=VECTOR('',#4496,10.);
#1263=VECTOR('',#4497,10.);
#1264=VECTOR('',#4498,10.);
#1265=VECTOR('',#4501,10.);
#1266=VECTOR('',#4502,10.);
#1267=VECTOR('',#4503,10.);
#1268=VECTOR('',#4506,10.);
#1269=VECTOR('',#4507,10.);
#1270=VECTOR('',#4512,10.);
#1271=VECTOR('',#4513,10.);
#1272=VECTOR('',#4514,10.);
#1273=VECTOR('',#4515,10.);
#1274=VECTOR('',#4516,10.);
#1275=VECTOR('',#4517,10.);
#1276=VECTOR('',#4518,10.);
#1277=VECTOR('',#4519,10.);
#1278=VECTOR('',#4520,10.);
#1279=VECTOR('',#4521,10.);
#1280=VECTOR('',#4522,10.);
#1281=VECTOR('',#4523,10.);
#1282=VECTOR('',#4526,10.);
#1283=VECTOR('',#4527,10.);
#1284=VECTOR('',#4528,10.);
#1285=VECTOR('',#4531,10.);
#1286=VECTOR('',#4532,10.);
#1287=VECTOR('',#4533,10.);
#1288=VECTOR('',#4536,10.);
#1289=VECTOR('',#4537,10.);
#1290=VECTOR('',#4538,10.);
#1291=VECTOR('',#4539,10.);
#1292=VECTOR('',#4540,10.);
#1293=VECTOR('',#4541,10.);
#1294=VECTOR('',#4542,10.);
#1295=VECTOR('',#4545,10.);
#1296=VECTOR('',#4546,10.);
#1297=VECTOR('',#4547,10.);
#1298=VECTOR('',#4550,10.);
#1299=VECTOR('',#4551,10.);
#1300=VECTOR('',#4556,10.);
#1301=VECTOR('',#4557,10.);
#1302=VECTOR('',#4558,10.);
#1303=VECTOR('',#4559,10.);
#1304=VECTOR('',#4560,10.);
#1305=VECTOR('',#4561,10.);
#1306=VECTOR('',#4562,10.);
#1307=VECTOR('',#4563,10.);
#1308=VECTOR('',#4564,10.);
#1309=VECTOR('',#4567,10.);
#1310=VECTOR('',#4568,10.);
#1311=VECTOR('',#4569,10.);
#1312=VECTOR('',#4570,10.);
#1313=VECTOR('',#4571,10.);
#1314=VECTOR('',#4572,10.);
#1315=VECTOR('',#4575,10.);
#1316=VECTOR('',#4576,10.);
#1317=VECTOR('',#4577,10.);
#1318=VECTOR('',#4578,10.);
#1319=VECTOR('',#4581,10.);
#1320=VECTOR('',#4582,10.);
#1321=VECTOR('',#4583,10.);
#1322=VECTOR('',#4584,10.);
#1323=VECTOR('',#4585,10.);
#1324=VECTOR('',#4586,10.);
#1325=VECTOR('',#4587,10.);
#1326=VECTOR('',#4588,10.);
#1327=VECTOR('',#4589,10.);
#1328=VECTOR('',#4590,10.);
#1329=VECTOR('',#4591,10.);
#1330=VECTOR('',#4594,10.);
#1331=VECTOR('',#4595,10.);
#1332=VECTOR('',#4596,10.);
#1333=VECTOR('',#4597,10.);
#1334=VECTOR('',#4598,10.);
#1335=VECTOR('',#4599,10.);
#1336=VECTOR('',#4602,10.);
#1337=VECTOR('',#4603,10.);
#1338=VECTOR('',#4604,10.);
#1339=VECTOR('',#4607,10.);
#1340=VECTOR('',#4608,10.);
#1341=VECTOR('',#4617,10.);
#1342=VECTOR('',#4618,10.);
#1343=VECTOR('',#4619,10.);
#1344=VECTOR('',#4620,10.);
#1345=VECTOR('',#4623,10.);
#1346=VECTOR('',#4624,10.);
#1347=VECTOR('',#4625,10.);
#1348=VECTOR('',#4628,10.);
#1349=VECTOR('',#4629,10.);
#1350=VECTOR('',#4630,10.);
#1351=VECTOR('',#4633,10.);
#1352=VECTOR('',#4634,10.);
#1353=VECTOR('',#4635,10.);
#1354=VECTOR('',#4638,10.);
#1355=VECTOR('',#4639,10.);
#1356=VECTOR('',#4640,10.);
#1357=VECTOR('',#4643,10.);
#1358=VECTOR('',#4644,10.);
#1359=VECTOR('',#4645,10.);
#1360=VECTOR('',#4648,10.);
#1361=VECTOR('',#4649,10.);
#1362=VECTOR('',#4650,10.);
#1363=VECTOR('',#4653,10.);
#1364=VECTOR('',#4654,10.);
#1365=VECTOR('',#4655,10.);
#1366=VECTOR('',#4658,10.);
#1367=VECTOR('',#4659,10.);
#1368=VECTOR('',#4660,10.);
#1369=VECTOR('',#4663,10.);
#1370=VECTOR('',#4664,10.);
#1371=VECTOR('',#4665,10.);
#1372=VECTOR('',#4668,10.);
#1373=VECTOR('',#4669,10.);
#1374=VECTOR('',#4670,10.);
#1375=VECTOR('',#4673,10.);
#1376=VECTOR('',#4674,10.);
#1377=VECTOR('',#4679,10.);
#1378=VECTOR('',#4680,10.);
#1379=VECTOR('',#4681,10.);
#1380=VECTOR('',#4682,10.);
#1381=VECTOR('',#4683,10.);
#1382=VECTOR('',#4684,10.);
#1383=VECTOR('',#4685,10.);
#1384=VECTOR('',#4686,10.);
#1385=VECTOR('',#4687,10.);
#1386=VECTOR('',#4688,10.);
#1387=VECTOR('',#4689,10.);
#1388=VECTOR('',#4690,10.);
#1389=VECTOR('',#4693,10.);
#1390=VECTOR('',#4694,10.);
#1391=VECTOR('',#4695,10.);
#1392=VECTOR('',#4698,10.);
#1393=VECTOR('',#4699,10.);
#1394=VECTOR('',#4700,10.);
#1395=VECTOR('',#4703,10.);
#1396=VECTOR('',#4704,10.);
#1397=VECTOR('',#4705,10.);
#1398=VECTOR('',#4706,10.);
#1399=VECTOR('',#4707,10.);
#1400=VECTOR('',#4708,10.);
#1401=VECTOR('',#4709,10.);
#1402=VECTOR('',#4712,10.);
#1403=VECTOR('',#4713,10.);
#1404=VECTOR('',#4714,10.);
#1405=VECTOR('',#4717,10.);
#1406=VECTOR('',#4718,10.);
#1407=VECTOR('',#4723,10.);
#1408=VECTOR('',#4724,10.);
#1409=VECTOR('',#4725,10.);
#1410=VECTOR('',#4726,10.);
#1411=VECTOR('',#4727,10.);
#1412=VECTOR('',#4728,10.);
#1413=VECTOR('',#4729,10.);
#1414=VECTOR('',#4730,10.);
#1415=VECTOR('',#4731,10.);
#1416=VECTOR('',#4734,10.);
#1417=VECTOR('',#4735,10.);
#1418=VECTOR('',#4736,10.);
#1419=VECTOR('',#4737,10.);
#1420=VECTOR('',#4738,10.);
#1421=VECTOR('',#4739,10.);
#1422=VECTOR('',#4742,10.);
#1423=VECTOR('',#4743,10.);
#1424=VECTOR('',#4744,10.);
#1425=VECTOR('',#4745,10.);
#1426=VECTOR('',#4748,10.);
#1427=VECTOR('',#4749,10.);
#1428=VECTOR('',#4750,10.);
#1429=VECTOR('',#4751,10.);
#1430=VECTOR('',#4752,10.);
#1431=VECTOR('',#4753,10.);
#1432=VECTOR('',#4754,10.);
#1433=VECTOR('',#4755,10.);
#1434=VECTOR('',#4756,10.);
#1435=VECTOR('',#4757,10.);
#1436=VECTOR('',#4758,10.);
#1437=VECTOR('',#4761,10.);
#1438=VECTOR('',#4762,10.);
#1439=VECTOR('',#4763,10.);
#1440=VECTOR('',#4764,10.);
#1441=VECTOR('',#4765,10.);
#1442=VECTOR('',#4766,10.);
#1443=VECTOR('',#4769,10.);
#1444=VECTOR('',#4770,10.);
#1445=VECTOR('',#4771,10.);
#1446=VECTOR('',#4774,10.);
#1447=VECTOR('',#4775,10.);
#1448=VECTOR('',#4784,10.);
#1449=VECTOR('',#4785,10.);
#1450=VECTOR('',#4786,10.);
#1451=VECTOR('',#4787,10.);
#1452=VECTOR('',#4790,10.);
#1453=VECTOR('',#4791,10.);
#1454=VECTOR('',#4792,10.);
#1455=VECTOR('',#4793,10.);
#1456=VECTOR('',#4794,10.);
#1457=VECTOR('',#4795,10.);
#1458=VECTOR('',#4796,10.);
#1459=VECTOR('',#4797,10.);
#1460=VECTOR('',#4798,10.);
#1461=VECTOR('',#4799,10.);
#1462=VECTOR('',#4800,10.);
#1463=VECTOR('',#4801,10.);
#1464=VECTOR('',#4802,10.);
#1465=VECTOR('',#4803,10.);
#1466=VECTOR('',#4804,10.);
#1467=VECTOR('',#4805,10.);
#1468=VECTOR('',#4806,10.);
#1469=VECTOR('',#4809,10.);
#1470=VECTOR('',#4810,10.);
#1471=VECTOR('',#4811,10.);
#1472=VECTOR('',#4814,10.);
#1473=VECTOR('',#4815,10.);
#1474=VECTOR('',#4816,10.);
#1475=VECTOR('',#4819,10.);
#1476=VECTOR('',#4820,10.);
#1477=VECTOR('',#4821,10.);
#1478=VECTOR('',#4822,10.);
#1479=VECTOR('',#4823,10.);
#1480=VECTOR('',#4824,10.);
#1481=VECTOR('',#4825,10.);
#1482=VECTOR('',#4826,10.);
#1483=VECTOR('',#4827,10.);
#1484=VECTOR('',#4828,10.);
#1485=VECTOR('',#4829,10.);
#1486=VECTOR('',#4830,10.);
#1487=VECTOR('',#4831,10.);
#1488=VECTOR('',#4832,10.);
#1489=VECTOR('',#4833,10.);
#1490=VECTOR('',#4834,10.);
#1491=VECTOR('',#4835,10.);
#1492=VECTOR('',#4836,10.);
#1493=VECTOR('',#4839,10.);
#1494=VECTOR('',#4840,10.);
#1495=VECTOR('',#4845,10.);
#1496=VECTOR('',#4846,10.);
#1497=VECTOR('',#4847,10.);
#1498=VECTOR('',#4848,10.);
#1499=VECTOR('',#4851,10.);
#1500=VECTOR('',#4852,10.);
#1501=VECTOR('',#4853,10.);
#1502=VECTOR('',#4856,10.);
#1503=VECTOR('',#4857,10.);
#1504=VECTOR('',#4858,10.);
#1505=VECTOR('',#4861,10.);
#1506=VECTOR('',#4862,10.);
#1507=VECTOR('',#4863,10.);
#1508=VECTOR('',#4866,10.);
#1509=VECTOR('',#4867,10.);
#1510=VECTOR('',#4868,10.);
#1511=VECTOR('',#4871,10.);
#1512=VECTOR('',#4872,10.);
#1513=VECTOR('',#4873,10.);
#1514=VECTOR('',#4876,10.);
#1515=VECTOR('',#4877,10.);
#1516=VECTOR('',#4878,10.);
#1517=VECTOR('',#4881,10.);
#1518=VECTOR('',#4882,10.);
#1519=VECTOR('',#4883,10.);
#1520=VECTOR('',#4886,10.);
#1521=VECTOR('',#4887,10.);
#1522=VECTOR('',#4888,10.);
#1523=VECTOR('',#4891,10.);
#1524=VECTOR('',#4892,10.);
#1525=VECTOR('',#4893,10.);
#1526=VECTOR('',#4896,10.);
#1527=VECTOR('',#4897,10.);
#1528=VECTOR('',#4902,10.);
#1529=VECTOR('',#4903,10.);
#1530=VECTOR('',#4904,10.);
#1531=VECTOR('',#4905,10.);
#1532=VECTOR('',#4908,10.);
#1533=VECTOR('',#4909,10.);
#1534=VECTOR('',#4910,10.);
#1535=VECTOR('',#4913,10.);
#1536=VECTOR('',#4914,10.);
#1537=VECTOR('',#4915,10.);
#1538=VECTOR('',#4918,10.);
#1539=VECTOR('',#4919,10.);
#1540=VECTOR('',#4924,10.);
#1541=VECTOR('',#4925,10.);
#1542=VECTOR('',#4926,10.);
#1543=VECTOR('',#4927,10.);
#1544=VECTOR('',#4934,10.);
#1545=VECTOR('',#4937,10.);
#1546=VECTOR('',#4938,10.);
#1547=VECTOR('',#4939,10.);
#1548=VECTOR('',#4946,10.);
#1549=VECTOR('',#4949,10.);
#1550=VECTOR('',#4950,10.);
#1551=VECTOR('',#4951,10.);
#1552=VECTOR('',#4956,10.);
#1553=VECTOR('',#4961,10.);
#1554=VECTOR('',#4962,10.);
#1555=VECTOR('',#4963,10.);
#1556=VECTOR('',#4972,10.);
#1557=VECTOR('',#4973,10.);
#1558=VECTOR('',#4974,10.);
#1559=VECTOR('',#4975,10.);
#1560=VECTOR('',#4982,10.);
#1561=VECTOR('',#4985,10.);
#1562=VECTOR('',#4986,10.);
#1563=VECTOR('',#4987,10.);
#1564=VECTOR('',#4994,10.);
#1565=VECTOR('',#4997,10.);
#1566=VECTOR('',#4998,10.);
#1567=VECTOR('',#4999,10.);
#1568=VECTOR('',#5004,10.);
#1569=VECTOR('',#5009,10.);
#1570=VECTOR('',#5010,10.);
#1571=VECTOR('',#5011,10.);
#1572=VECTOR('',#5020,10.);
#1573=VECTOR('',#5021,10.);
#1574=VECTOR('',#5022,10.);
#1575=VECTOR('',#5023,10.);
#1576=VECTOR('',#5026,10.);
#1577=VECTOR('',#5027,10.);
#1578=VECTOR('',#5028,10.);
#1579=VECTOR('',#5031,10.);
#1580=VECTOR('',#5032,10.);
#1581=VECTOR('',#5033,10.);
#1582=VECTOR('',#5036,10.);
#1583=VECTOR('',#5037,10.);
#1584=VECTOR('',#5040,10.);
#1585=VECTOR('',#5041,10.);
#1586=VECTOR('',#5042,10.);
#1587=VECTOR('',#5043,10.);
#1588=VECTOR('',#5046,10.);
#1589=VECTOR('',#5047,10.);
#1590=VECTOR('',#5048,10.);
#1591=VECTOR('',#5051,10.);
#1592=VECTOR('',#5052,10.);
#1593=VECTOR('',#5053,10.);
#1594=VECTOR('',#5056,10.);
#1595=VECTOR('',#5057,10.);
#1596=VECTOR('',#5060,10.);
#1597=VECTOR('',#5061,10.);
#1598=VECTOR('',#5062,10.);
#1599=VECTOR('',#5063,10.);
#1600=VECTOR('',#5066,10.);
#1601=VECTOR('',#5067,10.);
#1602=VECTOR('',#5068,10.);
#1603=VECTOR('',#5071,10.);
#1604=VECTOR('',#5072,10.);
#1605=VECTOR('',#5073,10.);
#1606=VECTOR('',#5076,10.);
#1607=VECTOR('',#5077,10.);
#1608=VECTOR('',#5080,10.);
#1609=VECTOR('',#5081,10.);
#1610=VECTOR('',#5082,10.);
#1611=VECTOR('',#5083,10.);
#1612=VECTOR('',#5084,10.);
#1613=VECTOR('',#5087,10.);
#1614=VECTOR('',#5088,10.);
#1615=VECTOR('',#5089,10.);
#1616=VECTOR('',#5092,10.);
#1617=VECTOR('',#5093,10.);
#1618=VECTOR('',#5096,10.);
#1619=VECTOR('',#5097,10.);
#1620=VECTOR('',#5100,10.);
#1621=VECTOR('',#5101,10.);
#1622=VECTOR('',#5102,10.);
#1623=VECTOR('',#5103,10.);
#1624=VECTOR('',#5104,10.);
#1625=VECTOR('',#5105,10.);
#1626=VECTOR('',#5106,10.);
#1627=VECTOR('',#5109,10.);
#1628=VECTOR('',#5114,10.);
#1629=VECTOR('',#5115,10.);
#1630=VECTOR('',#5116,10.);
#1631=VECTOR('',#5119,10.);
#1632=VECTOR('',#5120,10.);
#1633=VECTOR('',#5123,10.);
#1634=VECTOR('',#5124,10.);
#1635=VECTOR('',#5127,10.);
#1636=VECTOR('',#5128,10.);
#1637=VECTOR('',#5131,10.);
#1638=VECTOR('',#5136,10.);
#1639=VECTOR('',#5137,10.);
#1640=VECTOR('',#5138,10.);
#1641=VECTOR('',#5139,10.);
#1642=VECTOR('',#5142,10.);
#1643=VECTOR('',#5143,10.);
#1644=VECTOR('',#5144,10.);
#1645=VECTOR('',#5147,10.);
#1646=VECTOR('',#5148,10.);
#1647=VECTOR('',#5149,10.);
#1648=VECTOR('',#5152,10.);
#1649=VECTOR('',#5153,10.);
#1650=VECTOR('',#5154,10.);
#1651=VECTOR('',#5157,10.);
#1652=VECTOR('',#5158,10.);
#1653=VECTOR('',#5165,10.);
#1654=VECTOR('',#5166,10.);
#1655=VECTOR('',#5167,10.);
#1656=VECTOR('',#5168,10.);
#1657=VECTOR('',#5171,10.);
#1658=VECTOR('',#5172,10.);
#1659=VECTOR('',#5173,10.);
#1660=VECTOR('',#5176,10.);
#1661=VECTOR('',#5177,10.);
#1662=VECTOR('',#5178,10.);
#1663=VECTOR('',#5181,10.);
#1664=VECTOR('',#5182,10.);
#1665=VECTOR('',#5183,10.);
#1666=VECTOR('',#5186,10.);
#1667=VECTOR('',#5187,10.);
#1668=VERTEX_POINT('',#5194);
#1669=VERTEX_POINT('',#5195);
#1670=VERTEX_POINT('',#5197);
#1671=VERTEX_POINT('',#5199);
#1672=VERTEX_POINT('',#5203);
#1673=VERTEX_POINT('',#5205);
#1674=VERTEX_POINT('',#5209);
#1675=VERTEX_POINT('',#5211);
#1676=VERTEX_POINT('',#5215);
#1677=VERTEX_POINT('',#5217);
#1678=VERTEX_POINT('',#5230);
#1679=VERTEX_POINT('',#5236);
#1680=VERTEX_POINT('',#5253);
#1681=VERTEX_POINT('',#5259);
#1682=VERTEX_POINT('',#5267);
#1683=VERTEX_POINT('',#5269);
#1684=VERTEX_POINT('',#5277);
#1685=VERTEX_POINT('',#5278);
#1686=VERTEX_POINT('',#5280);
#1687=VERTEX_POINT('',#5282);
#1688=VERTEX_POINT('',#5295);
#1689=VERTEX_POINT('',#5301);
#1690=VERTEX_POINT('',#5318);
#1691=VERTEX_POINT('',#5324);
#1692=VERTEX_POINT('',#5341);
#1693=VERTEX_POINT('',#5347);
#1694=VERTEX_POINT('',#5364);
#1695=VERTEX_POINT('',#5370);
#1696=VERTEX_POINT('',#5387);
#1697=VERTEX_POINT('',#5393);
#1698=VERTEX_POINT('',#5410);
#1699=VERTEX_POINT('',#5416);
#1700=VERTEX_POINT('',#5433);
#1701=VERTEX_POINT('',#5439);
#1702=VERTEX_POINT('',#5456);
#1703=VERTEX_POINT('',#5462);
#1704=VERTEX_POINT('',#5470);
#1705=VERTEX_POINT('',#5472);
#1706=VERTEX_POINT('',#5476);
#1707=VERTEX_POINT('',#5478);
#1708=VERTEX_POINT('',#5482);
#1709=VERTEX_POINT('',#5484);
#1710=VERTEX_POINT('',#5497);
#1711=VERTEX_POINT('',#5503);
#1712=VERTEX_POINT('',#5520);
#1713=VERTEX_POINT('',#5526);
#1714=VERTEX_POINT('',#5543);
#1715=VERTEX_POINT('',#5549);
#1716=VERTEX_POINT('',#5566);
#1717=VERTEX_POINT('',#5572);
#1718=VERTEX_POINT('',#5580);
#1719=VERTEX_POINT('',#5582);
#1720=VERTEX_POINT('',#5590);
#1721=VERTEX_POINT('',#5591);
#1722=VERTEX_POINT('',#5593);
#1723=VERTEX_POINT('',#5595);
#1724=VERTEX_POINT('',#5608);
#1725=VERTEX_POINT('',#5614);
#1726=VERTEX_POINT('',#5631);
#1727=VERTEX_POINT('',#5637);
#1728=VERTEX_POINT('',#5654);
#1729=VERTEX_POINT('',#5660);
#1730=VERTEX_POINT('',#5677);
#1731=VERTEX_POINT('',#5683);
#1732=VERTEX_POINT('',#5700);
#1733=VERTEX_POINT('',#5706);
#1734=VERTEX_POINT('',#5734);
#1735=VERTEX_POINT('',#5735);
#1736=VERTEX_POINT('',#5737);
#1737=VERTEX_POINT('',#5739);
#1738=VERTEX_POINT('',#5752);
#1739=VERTEX_POINT('',#5758);
#1740=VERTEX_POINT('',#5775);
#1741=VERTEX_POINT('',#5781);
#1742=VERTEX_POINT('',#5789);
#1743=VERTEX_POINT('',#5791);
#1744=VERTEX_POINT('',#5804);
#1745=VERTEX_POINT('',#5810);
#1746=VERTEX_POINT('',#5838);
#1747=VERTEX_POINT('',#5839);
#1748=VERTEX_POINT('',#5841);
#1749=VERTEX_POINT('',#5843);
#1750=VERTEX_POINT('',#5856);
#1751=VERTEX_POINT('',#5862);
#1752=VERTEX_POINT('',#5879);
#1753=VERTEX_POINT('',#5885);
#1754=VERTEX_POINT('',#5902);
#1755=VERTEX_POINT('',#5908);
#1756=VERTEX_POINT('',#5925);
#1757=VERTEX_POINT('',#5931);
#1758=VERTEX_POINT('',#5948);
#1759=VERTEX_POINT('',#5954);
#1760=VERTEX_POINT('',#5971);
#1761=VERTEX_POINT('',#5977);
#1762=VERTEX_POINT('',#5994);
#1763=VERTEX_POINT('',#6000);
#1764=VERTEX_POINT('',#6008);
#1765=VERTEX_POINT('',#6010);
#1766=VERTEX_POINT('',#6023);
#1767=VERTEX_POINT('',#6029);
#1768=VERTEX_POINT('',#6046);
#1769=VERTEX_POINT('',#6052);
#1770=VERTEX_POINT('',#6069);
#1771=VERTEX_POINT('',#6075);
#1772=VERTEX_POINT('',#6083);
#1773=VERTEX_POINT('',#6085);
#1774=VERTEX_POINT('',#6095);
#1775=VERTEX_POINT('',#6096);
#1776=VERTEX_POINT('',#6098);
#1777=VERTEX_POINT('',#6100);
#1778=VERTEX_POINT('',#6104);
#1779=VERTEX_POINT('',#6106);
#1780=VERTEX_POINT('',#6110);
#1781=VERTEX_POINT('',#6112);
#1782=VERTEX_POINT('',#6116);
#1783=VERTEX_POINT('',#6118);
#1784=VERTEX_POINT('',#6122);
#1785=VERTEX_POINT('',#6124);
#1786=VERTEX_POINT('',#6128);
#1787=VERTEX_POINT('',#6130);
#1788=VERTEX_POINT('',#6134);
#1789=VERTEX_POINT('',#6136);
#1790=VERTEX_POINT('',#6140);
#1791=VERTEX_POINT('',#6142);
#1792=VERTEX_POINT('',#6146);
#1793=VERTEX_POINT('',#6148);
#1794=VERTEX_POINT('',#6152);
#1795=VERTEX_POINT('',#6154);
#1796=VERTEX_POINT('',#6158);
#1797=VERTEX_POINT('',#6160);
#1798=VERTEX_POINT('',#6168);
#1799=VERTEX_POINT('',#6169);
#1800=VERTEX_POINT('',#6171);
#1801=VERTEX_POINT('',#6173);
#1802=VERTEX_POINT('',#6186);
#1803=VERTEX_POINT('',#6192);
#1804=VERTEX_POINT('',#6209);
#1805=VERTEX_POINT('',#6215);
#1806=VERTEX_POINT('',#6232);
#1807=VERTEX_POINT('',#6238);
#1808=VERTEX_POINT('',#6255);
#1809=VERTEX_POINT('',#6261);
#1810=VERTEX_POINT('',#6278);
#1811=VERTEX_POINT('',#6284);
#1812=VERTEX_POINT('',#6301);
#1813=VERTEX_POINT('',#6307);
#1814=VERTEX_POINT('',#6324);
#1815=VERTEX_POINT('',#6330);
#1816=VERTEX_POINT('',#6347);
#1817=VERTEX_POINT('',#6353);
#1818=VERTEX_POINT('',#6361);
#1819=VERTEX_POINT('',#6363);
#1820=VERTEX_POINT('',#6367);
#1821=VERTEX_POINT('',#6369);
#1822=VERTEX_POINT('',#6373);
#1823=VERTEX_POINT('',#6375);
#1824=VERTEX_POINT('',#6388);
#1825=VERTEX_POINT('',#6394);
#1826=VERTEX_POINT('',#6411);
#1827=VERTEX_POINT('',#6417);
#1828=VERTEX_POINT('',#6434);
#1829=VERTEX_POINT('',#6440);
#1830=VERTEX_POINT('',#6457);
#1831=VERTEX_POINT('',#6463);
#1832=VERTEX_POINT('',#6471);
#1833=VERTEX_POINT('',#6473);
#1834=VERTEX_POINT('',#6481);
#1835=VERTEX_POINT('',#6482);
#1836=VERTEX_POINT('',#6484);
#1837=VERTEX_POINT('',#6486);
#1838=VERTEX_POINT('',#6499);
#1839=VERTEX_POINT('',#6505);
#1840=VERTEX_POINT('',#6522);
#1841=VERTEX_POINT('',#6528);
#1842=VERTEX_POINT('',#6545);
#1843=VERTEX_POINT('',#6551);
#1844=VERTEX_POINT('',#6568);
#1845=VERTEX_POINT('',#6574);
#1846=VERTEX_POINT('',#6591);
#1847=VERTEX_POINT('',#6597);
#1848=VERTEX_POINT('',#6625);
#1849=VERTEX_POINT('',#6626);
#1850=VERTEX_POINT('',#6628);
#1851=VERTEX_POINT('',#6630);
#1852=VERTEX_POINT('',#6643);
#1853=VERTEX_POINT('',#6649);
#1854=VERTEX_POINT('',#6666);
#1855=VERTEX_POINT('',#6672);
#1856=VERTEX_POINT('',#6680);
#1857=VERTEX_POINT('',#6682);
#1858=VERTEX_POINT('',#6695);
#1859=VERTEX_POINT('',#6701);
#1860=VERTEX_POINT('',#6729);
#1861=VERTEX_POINT('',#6730);
#1862=VERTEX_POINT('',#6732);
#1863=VERTEX_POINT('',#6734);
#1864=VERTEX_POINT('',#6747);
#1865=VERTEX_POINT('',#6753);
#1866=VERTEX_POINT('',#6770);
#1867=VERTEX_POINT('',#6776);
#1868=VERTEX_POINT('',#6793);
#1869=VERTEX_POINT('',#6799);
#1870=VERTEX_POINT('',#6816);
#1871=VERTEX_POINT('',#6822);
#1872=VERTEX_POINT('',#6839);
#1873=VERTEX_POINT('',#6845);
#1874=VERTEX_POINT('',#6862);
#1875=VERTEX_POINT('',#6868);
#1876=VERTEX_POINT('',#6885);
#1877=VERTEX_POINT('',#6891);
#1878=VERTEX_POINT('',#6899);
#1879=VERTEX_POINT('',#6901);
#1880=VERTEX_POINT('',#6914);
#1881=VERTEX_POINT('',#6920);
#1882=VERTEX_POINT('',#6937);
#1883=VERTEX_POINT('',#6943);
#1884=VERTEX_POINT('',#6960);
#1885=VERTEX_POINT('',#6966);
#1886=VERTEX_POINT('',#6974);
#1887=VERTEX_POINT('',#6976);
#1888=VERTEX_POINT('',#6986);
#1889=VERTEX_POINT('',#6987);
#1890=VERTEX_POINT('',#6989);
#1891=VERTEX_POINT('',#6991);
#1892=VERTEX_POINT('',#6995);
#1893=VERTEX_POINT('',#6997);
#1894=VERTEX_POINT('',#7010);
#1895=VERTEX_POINT('',#7016);
#1896=VERTEX_POINT('',#7033);
#1897=VERTEX_POINT('',#7039);
#1898=VERTEX_POINT('',#7056);
#1899=VERTEX_POINT('',#7062);
#1900=VERTEX_POINT('',#7079);
#1901=VERTEX_POINT('',#7085);
#1902=VERTEX_POINT('',#7102);
#1903=VERTEX_POINT('',#7108);
#1904=VERTEX_POINT('',#7125);
#1905=VERTEX_POINT('',#7131);
#1906=VERTEX_POINT('',#7148);
#1907=VERTEX_POINT('',#7154);
#1908=VERTEX_POINT('',#7171);
#1909=VERTEX_POINT('',#7177);
#1910=VERTEX_POINT('',#7194);
#1911=VERTEX_POINT('',#7200);
#1912=VERTEX_POINT('',#7217);
#1913=VERTEX_POINT('',#7223);
#1914=VERTEX_POINT('',#7240);
#1915=VERTEX_POINT('',#7246);
#1916=VERTEX_POINT('',#7263);
#1917=VERTEX_POINT('',#7269);
#1918=VERTEX_POINT('',#7286);
#1919=VERTEX_POINT('',#7292);
#1920=VERTEX_POINT('',#7309);
#1921=VERTEX_POINT('',#7315);
#1922=VERTEX_POINT('',#7323);
#1923=VERTEX_POINT('',#7325);
#1924=VERTEX_POINT('',#7329);
#1925=VERTEX_POINT('',#7331);
#1926=VERTEX_POINT('',#7335);
#1927=VERTEX_POINT('',#7337);
#1928=VERTEX_POINT('',#7350);
#1929=VERTEX_POINT('',#7356);
#1930=VERTEX_POINT('',#7373);
#1931=VERTEX_POINT('',#7379);
#1932=VERTEX_POINT('',#7396);
#1933=VERTEX_POINT('',#7402);
#1934=VERTEX_POINT('',#7419);
#1935=VERTEX_POINT('',#7425);
#1936=VERTEX_POINT('',#7442);
#1937=VERTEX_POINT('',#7448);
#1938=VERTEX_POINT('',#7465);
#1939=VERTEX_POINT('',#7471);
#1940=VERTEX_POINT('',#7488);
#1941=VERTEX_POINT('',#7494);
#1942=VERTEX_POINT('',#7511);
#1943=VERTEX_POINT('',#7517);
#1944=VERTEX_POINT('',#7534);
#1945=VERTEX_POINT('',#7540);
#1946=VERTEX_POINT('',#7557);
#1947=VERTEX_POINT('',#7563);
#1948=VERTEX_POINT('',#7580);
#1949=VERTEX_POINT('',#7586);
#1950=VERTEX_POINT('',#7603);
#1951=VERTEX_POINT('',#7609);
#1952=VERTEX_POINT('',#7626);
#1953=VERTEX_POINT('',#7632);
#1954=VERTEX_POINT('',#7649);
#1955=VERTEX_POINT('',#7655);
#1956=VERTEX_POINT('',#7672);
#1957=VERTEX_POINT('',#7678);
#1958=VERTEX_POINT('',#7690);
#1959=VERTEX_POINT('',#7691);
#1960=VERTEX_POINT('',#7693);
#1961=VERTEX_POINT('',#7695);
#1962=VERTEX_POINT('',#7699);
#1963=VERTEX_POINT('',#7701);
#1964=VERTEX_POINT('',#7705);
#1965=VERTEX_POINT('',#7707);
#1966=VERTEX_POINT('',#7711);
#1967=VERTEX_POINT('',#7713);
#1968=VERTEX_POINT('',#7717);
#1969=VERTEX_POINT('',#7719);
#1970=VERTEX_POINT('',#7723);
#1971=VERTEX_POINT('',#7725);
#1972=VERTEX_POINT('',#7729);
#1973=VERTEX_POINT('',#7731);
#1974=VERTEX_POINT('',#7735);
#1975=VERTEX_POINT('',#7737);
#1976=VERTEX_POINT('',#7741);
#1977=VERTEX_POINT('',#7743);
#1978=VERTEX_POINT('',#7747);
#1979=VERTEX_POINT('',#7749);
#1980=VERTEX_POINT('',#7757);
#1981=VERTEX_POINT('',#7758);
#1982=VERTEX_POINT('',#7760);
#1983=VERTEX_POINT('',#7762);
#1984=VERTEX_POINT('',#7766);
#1985=VERTEX_POINT('',#7768);
#1986=VERTEX_POINT('',#7772);
#1987=VERTEX_POINT('',#7774);
#1988=VERTEX_POINT('',#7782);
#1989=VERTEX_POINT('',#7783);
#1990=VERTEX_POINT('',#7785);
#1991=VERTEX_POINT('',#7787);
#1992=VERTEX_POINT('',#7791);
#1993=VERTEX_POINT('',#7793);
#1994=VERTEX_POINT('',#7797);
#1995=VERTEX_POINT('',#7799);
#1996=VERTEX_POINT('',#7803);
#1997=VERTEX_POINT('',#7805);
#1998=VERTEX_POINT('',#7809);
#1999=VERTEX_POINT('',#7811);
#2000=VERTEX_POINT('',#7815);
#2001=VERTEX_POINT('',#7817);
#2002=VERTEX_POINT('',#7821);
#2003=VERTEX_POINT('',#7823);
#2004=VERTEX_POINT('',#7830);
#2005=VERTEX_POINT('',#7831);
#2006=VERTEX_POINT('',#7833);
#2007=VERTEX_POINT('',#7835);
#2008=VERTEX_POINT('',#7839);
#2009=VERTEX_POINT('',#7841);
#2010=VERTEX_POINT('',#7845);
#2011=VERTEX_POINT('',#7847);
#2012=VERTEX_POINT('',#7851);
#2013=VERTEX_POINT('',#7853);
#2014=VERTEX_POINT('',#7857);
#2015=VERTEX_POINT('',#7859);
#2016=VERTEX_POINT('',#7863);
#2017=VERTEX_POINT('',#7865);
#2018=VERTEX_POINT('',#7869);
#2019=VERTEX_POINT('',#7871);
#2020=VERTEX_POINT('',#7878);
#2021=VERTEX_POINT('',#7879);
#2022=VERTEX_POINT('',#7881);
#2023=VERTEX_POINT('',#7883);
#2024=VERTEX_POINT('',#7887);
#2025=VERTEX_POINT('',#7889);
#2026=VERTEX_POINT('',#7893);
#2027=VERTEX_POINT('',#7895);
#2028=VERTEX_POINT('',#7902);
#2029=VERTEX_POINT('',#7903);
#2030=VERTEX_POINT('',#7905);
#2031=VERTEX_POINT('',#7907);
#2032=VERTEX_POINT('',#7911);
#2033=VERTEX_POINT('',#7913);
#2034=VERTEX_POINT('',#7917);
#2035=VERTEX_POINT('',#7919);
#2036=VERTEX_POINT('',#7926);
#2037=VERTEX_POINT('',#7927);
#2038=VERTEX_POINT('',#7929);
#2039=VERTEX_POINT('',#7931);
#2040=VERTEX_POINT('',#7935);
#2041=VERTEX_POINT('',#7937);
#2042=VERTEX_POINT('',#7941);
#2043=VERTEX_POINT('',#7943);
#2044=VERTEX_POINT('',#7950);
#2045=VERTEX_POINT('',#7951);
#2046=VERTEX_POINT('',#7953);
#2047=VERTEX_POINT('',#7955);
#2048=VERTEX_POINT('',#7957);
#2049=VERTEX_POINT('',#7961);
#2050=VERTEX_POINT('',#7963);
#2051=VERTEX_POINT('',#7967);
#2052=VERTEX_POINT('',#7971);
#2053=VERTEX_POINT('',#7975);
#2054=VERTEX_POINT('',#7976);
#2055=VERTEX_POINT('',#7978);
#2056=VERTEX_POINT('',#7980);
#2057=VERTEX_POINT('',#7982);
#2058=VERTEX_POINT('',#7985);
#2059=VERTEX_POINT('',#7992);
#2060=VERTEX_POINT('',#7993);
#2061=VERTEX_POINT('',#7998);
#2062=VERTEX_POINT('',#8002);
#2063=VERTEX_POINT('',#8006);
#2064=VERTEX_POINT('',#8013);
#2065=VERTEX_POINT('',#8014);
#2066=VERTEX_POINT('',#8016);
#2067=VERTEX_POINT('',#8018);
#2068=VERTEX_POINT('',#8022);
#2069=VERTEX_POINT('',#8024);
#2070=VERTEX_POINT('',#8028);
#2071=VERTEX_POINT('',#8030);
#2072=VERTEX_POINT('',#8034);
#2073=VERTEX_POINT('',#8036);
#2074=VERTEX_POINT('',#8045);
#2075=VERTEX_POINT('',#8046);
#2076=VERTEX_POINT('',#8048);
#2077=VERTEX_POINT('',#8050);
#2078=VERTEX_POINT('',#8054);
#2079=VERTEX_POINT('',#8056);
#2080=VERTEX_POINT('',#8060);
#2081=VERTEX_POINT('',#8062);
#2082=VERTEX_POINT('',#8066);
#2083=VERTEX_POINT('',#8068);
#2084=EDGE_CURVE('',#1668,#1669,#832,.T.);
#2085=EDGE_CURVE('',#1668,#1670,#833,.T.);
#2086=EDGE_CURVE('',#1671,#1670,#834,.T.);
#2087=EDGE_CURVE('',#1669,#1671,#835,.T.);
#2088=EDGE_CURVE('',#1669,#1672,#836,.T.);
#2089=EDGE_CURVE('',#1673,#1671,#837,.T.);
#2090=EDGE_CURVE('',#1672,#1673,#838,.T.);
#2091=EDGE_CURVE('',#1672,#1674,#839,.T.);
#2092=EDGE_CURVE('',#1675,#1673,#840,.T.);
#2093=EDGE_CURVE('',#1674,#1675,#841,.T.);
#2094=EDGE_CURVE('',#1674,#1676,#842,.T.);
#2095=EDGE_CURVE('',#1677,#1675,#843,.T.);
#2096=EDGE_CURVE('',#1676,#1677,#844,.T.);
#2097=EDGE_CURVE('',#1676,#1678,#67,.T.);
#2098=EDGE_CURVE('',#1679,#1677,#68,.T.);
#2099=EDGE_CURVE('',#1678,#1679,#845,.T.);
#2100=EDGE_CURVE('',#1678,#1680,#69,.T.);
#2101=EDGE_CURVE('',#1681,#1679,#70,.T.);
#2102=EDGE_CURVE('',#1680,#1681,#846,.T.);
#2103=EDGE_CURVE('',#1680,#1682,#847,.T.);
#2104=EDGE_CURVE('',#1683,#1681,#848,.T.);
#2105=EDGE_CURVE('',#1682,#1683,#849,.T.);
#2106=EDGE_CURVE('',#1682,#1668,#850,.T.);
#2107=EDGE_CURVE('',#1670,#1683,#851,.T.);
#2108=EDGE_CURVE('',#1684,#1685,#852,.T.);
#2109=EDGE_CURVE('',#1684,#1686,#853,.T.);
#2110=EDGE_CURVE('',#1687,#1686,#854,.T.);
#2111=EDGE_CURVE('',#1685,#1687,#855,.T.);
#2112=EDGE_CURVE('',#1685,#1688,#71,.T.);
#2113=EDGE_CURVE('',#1689,#1687,#72,.T.);
#2114=EDGE_CURVE('',#1688,#1689,#856,.T.);
#2115=EDGE_CURVE('',#1688,#1690,#73,.T.);
#2116=EDGE_CURVE('',#1691,#1689,#74,.T.);
#2117=EDGE_CURVE('',#1690,#1691,#857,.T.);
#2118=EDGE_CURVE('',#1690,#1692,#75,.T.);
#2119=EDGE_CURVE('',#1693,#1691,#76,.T.);
#2120=EDGE_CURVE('',#1692,#1693,#858,.T.);
#2121=EDGE_CURVE('',#1692,#1694,#77,.T.);
#2122=EDGE_CURVE('',#1695,#1693,#78,.T.);
#2123=EDGE_CURVE('',#1694,#1695,#859,.T.);
#2124=EDGE_CURVE('',#1694,#1696,#79,.T.);
#2125=EDGE_CURVE('',#1697,#1695,#80,.T.);
#2126=EDGE_CURVE('',#1696,#1697,#860,.T.);
#2127=EDGE_CURVE('',#1696,#1698,#81,.T.);
#2128=EDGE_CURVE('',#1699,#1697,#82,.T.);
#2129=EDGE_CURVE('',#1698,#1699,#861,.T.);
#2130=EDGE_CURVE('',#1698,#1700,#83,.T.);
#2131=EDGE_CURVE('',#1701,#1699,#84,.T.);
#2132=EDGE_CURVE('',#1700,#1701,#862,.T.);
#2133=EDGE_CURVE('',#1700,#1702,#85,.T.);
#2134=EDGE_CURVE('',#1703,#1701,#86,.T.);
#2135=EDGE_CURVE('',#1702,#1703,#863,.T.);
#2136=EDGE_CURVE('',#1702,#1704,#864,.T.);
#2137=EDGE_CURVE('',#1705,#1703,#865,.T.);
#2138=EDGE_CURVE('',#1704,#1705,#866,.T.);
#2139=EDGE_CURVE('',#1704,#1706,#867,.T.);
#2140=EDGE_CURVE('',#1707,#1705,#868,.T.);
#2141=EDGE_CURVE('',#1706,#1707,#869,.T.);
#2142=EDGE_CURVE('',#1706,#1708,#870,.T.);
#2143=EDGE_CURVE('',#1709,#1707,#871,.T.);
#2144=EDGE_CURVE('',#1708,#1709,#872,.T.);
#2145=EDGE_CURVE('',#1708,#1710,#87,.T.);
#2146=EDGE_CURVE('',#1711,#1709,#88,.T.);
#2147=EDGE_CURVE('',#1710,#1711,#873,.T.);
#2148=EDGE_CURVE('',#1710,#1712,#89,.T.);
#2149=EDGE_CURVE('',#1713,#1711,#90,.T.);
#2150=EDGE_CURVE('',#1712,#1713,#874,.T.);
#2151=EDGE_CURVE('',#1712,#1714,#91,.T.);
#2152=EDGE_CURVE('',#1715,#1713,#92,.T.);
#2153=EDGE_CURVE('',#1714,#1715,#875,.T.);
#2154=EDGE_CURVE('',#1714,#1716,#93,.T.);
#2155=EDGE_CURVE('',#1717,#1715,#94,.T.);
#2156=EDGE_CURVE('',#1716,#1717,#876,.T.);
#2157=EDGE_CURVE('',#1716,#1718,#877,.T.);
#2158=EDGE_CURVE('',#1719,#1717,#878,.T.);
#2159=EDGE_CURVE('',#1718,#1719,#879,.T.);
#2160=EDGE_CURVE('',#1718,#1684,#880,.T.);
#2161=EDGE_CURVE('',#1686,#1719,#881,.T.);
#2162=EDGE_CURVE('',#1720,#1721,#882,.T.);
#2163=EDGE_CURVE('',#1720,#1722,#883,.T.);
#2164=EDGE_CURVE('',#1723,#1722,#884,.T.);
#2165=EDGE_CURVE('',#1721,#1723,#885,.T.);
#2166=EDGE_CURVE('',#1721,#1724,#95,.T.);
#2167=EDGE_CURVE('',#1725,#1723,#96,.T.);
#2168=EDGE_CURVE('',#1724,#1725,#886,.T.);
#2169=EDGE_CURVE('',#1724,#1726,#97,.T.);
#2170=EDGE_CURVE('',#1727,#1725,#98,.T.);
#2171=EDGE_CURVE('',#1726,#1727,#887,.T.);
#2172=EDGE_CURVE('',#1726,#1728,#99,.T.);
#2173=EDGE_CURVE('',#1729,#1727,#100,.T.);
#2174=EDGE_CURVE('',#1728,#1729,#888,.T.);
#2175=EDGE_CURVE('',#1728,#1730,#101,.T.);
#2176=EDGE_CURVE('',#1731,#1729,#102,.T.);
#2177=EDGE_CURVE('',#1730,#1731,#889,.T.);
#2178=EDGE_CURVE('',#1730,#1732,#103,.T.);
#2179=EDGE_CURVE('',#1733,#1731,#104,.T.);
#2180=EDGE_CURVE('',#1732,#1733,#890,.T.);
#2181=EDGE_CURVE('',#1732,#1720,#105,.T.);
#2182=EDGE_CURVE('',#1722,#1733,#106,.T.);
#2183=EDGE_CURVE('',#1734,#1735,#891,.T.);
#2184=EDGE_CURVE('',#1734,#1736,#892,.T.);
#2185=EDGE_CURVE('',#1737,#1736,#893,.T.);
#2186=EDGE_CURVE('',#1735,#1737,#894,.T.);
#2187=EDGE_CURVE('',#1735,#1738,#107,.T.);
#2188=EDGE_CURVE('',#1739,#1737,#108,.T.);
#2189=EDGE_CURVE('',#1738,#1739,#895,.T.);
#2190=EDGE_CURVE('',#1738,#1740,#109,.T.);
#2191=EDGE_CURVE('',#1741,#1739,#110,.T.);
#2192=EDGE_CURVE('',#1740,#1741,#896,.T.);
#2193=EDGE_CURVE('',#1740,#1742,#897,.T.);
#2194=EDGE_CURVE('',#1743,#1741,#898,.T.);
#2195=EDGE_CURVE('',#1742,#1743,#899,.T.);
#2196=EDGE_CURVE('',#1742,#1744,#111,.T.);
#2197=EDGE_CURVE('',#1745,#1743,#112,.T.);
#2198=EDGE_CURVE('',#1744,#1745,#900,.T.);
#2199=EDGE_CURVE('',#1744,#1734,#113,.T.);
#2200=EDGE_CURVE('',#1736,#1745,#114,.T.);
#2201=EDGE_CURVE('',#1746,#1747,#901,.T.);
#2202=EDGE_CURVE('',#1746,#1748,#902,.T.);
#2203=EDGE_CURVE('',#1749,#1748,#903,.T.);
#2204=EDGE_CURVE('',#1747,#1749,#904,.T.);
#2205=EDGE_CURVE('',#1747,#1750,#115,.T.);
#2206=EDGE_CURVE('',#1751,#1749,#116,.T.);
#2207=EDGE_CURVE('',#1750,#1751,#905,.T.);
#2208=EDGE_CURVE('',#1750,#1752,#117,.T.);
#2209=EDGE_CURVE('',#1753,#1751,#118,.T.);
#2210=EDGE_CURVE('',#1752,#1753,#906,.T.);
#2211=EDGE_CURVE('',#1752,#1754,#119,.T.);
#2212=EDGE_CURVE('',#1755,#1753,#120,.T.);
#2213=EDGE_CURVE('',#1754,#1755,#907,.T.);
#2214=EDGE_CURVE('',#1754,#1756,#121,.T.);
#2215=EDGE_CURVE('',#1757,#1755,#122,.T.);
#2216=EDGE_CURVE('',#1756,#1757,#908,.T.);
#2217=EDGE_CURVE('',#1756,#1758,#123,.T.);
#2218=EDGE_CURVE('',#1759,#1757,#124,.T.);
#2219=EDGE_CURVE('',#1758,#1759,#909,.T.);
#2220=EDGE_CURVE('',#1758,#1760,#125,.T.);
#2221=EDGE_CURVE('',#1761,#1759,#126,.T.);
#2222=EDGE_CURVE('',#1760,#1761,#910,.T.);
#2223=EDGE_CURVE('',#1760,#1762,#127,.T.);
#2224=EDGE_CURVE('',#1763,#1761,#128,.T.);
#2225=EDGE_CURVE('',#1762,#1763,#911,.T.);
#2226=EDGE_CURVE('',#1762,#1764,#912,.T.);
#2227=EDGE_CURVE('',#1765,#1763,#913,.T.);
#2228=EDGE_CURVE('',#1764,#1765,#914,.T.);
#2229=EDGE_CURVE('',#1764,#1766,#129,.T.);
#2230=EDGE_CURVE('',#1767,#1765,#130,.T.);
#2231=EDGE_CURVE('',#1766,#1767,#915,.T.);
#2232=EDGE_CURVE('',#1766,#1768,#131,.T.);
#2233=EDGE_CURVE('',#1769,#1767,#132,.T.);
#2234=EDGE_CURVE('',#1768,#1769,#916,.T.);
#2235=EDGE_CURVE('',#1768,#1770,#133,.T.);
#2236=EDGE_CURVE('',#1771,#1769,#134,.T.);
#2237=EDGE_CURVE('',#1770,#1771,#917,.T.);
#2238=EDGE_CURVE('',#1770,#1772,#918,.T.);
#2239=EDGE_CURVE('',#1773,#1771,#919,.T.);
#2240=EDGE_CURVE('',#1772,#1773,#920,.T.);
#2241=EDGE_CURVE('',#1772,#1746,#921,.T.);
#2242=EDGE_CURVE('',#1748,#1773,#922,.T.);
#2243=EDGE_CURVE('',#1774,#1775,#923,.T.);
#2244=EDGE_CURVE('',#1774,#1776,#924,.T.);
#2245=EDGE_CURVE('',#1777,#1776,#925,.T.);
#2246=EDGE_CURVE('',#1775,#1777,#926,.T.);
#2247=EDGE_CURVE('',#1775,#1778,#927,.T.);
#2248=EDGE_CURVE('',#1779,#1777,#928,.T.);
#2249=EDGE_CURVE('',#1778,#1779,#929,.T.);
#2250=EDGE_CURVE('',#1778,#1780,#930,.T.);
#2251=EDGE_CURVE('',#1781,#1779,#931,.T.);
#2252=EDGE_CURVE('',#1780,#1781,#932,.T.);
#2253=EDGE_CURVE('',#1780,#1782,#933,.T.);
#2254=EDGE_CURVE('',#1783,#1781,#934,.T.);
#2255=EDGE_CURVE('',#1782,#1783,#935,.T.);
#2256=EDGE_CURVE('',#1782,#1784,#936,.T.);
#2257=EDGE_CURVE('',#1785,#1783,#937,.T.);
#2258=EDGE_CURVE('',#1784,#1785,#938,.T.);
#2259=EDGE_CURVE('',#1784,#1786,#939,.T.);
#2260=EDGE_CURVE('',#1787,#1785,#940,.T.);
#2261=EDGE_CURVE('',#1786,#1787,#941,.T.);
#2262=EDGE_CURVE('',#1786,#1788,#942,.T.);
#2263=EDGE_CURVE('',#1789,#1787,#943,.T.);
#2264=EDGE_CURVE('',#1788,#1789,#944,.T.);
#2265=EDGE_CURVE('',#1788,#1790,#945,.T.);
#2266=EDGE_CURVE('',#1791,#1789,#946,.T.);
#2267=EDGE_CURVE('',#1790,#1791,#947,.T.);
#2268=EDGE_CURVE('',#1790,#1792,#948,.T.);
#2269=EDGE_CURVE('',#1793,#1791,#949,.T.);
#2270=EDGE_CURVE('',#1792,#1793,#950,.T.);
#2271=EDGE_CURVE('',#1792,#1794,#951,.T.);
#2272=EDGE_CURVE('',#1795,#1793,#952,.T.);
#2273=EDGE_CURVE('',#1794,#1795,#953,.T.);
#2274=EDGE_CURVE('',#1794,#1796,#954,.T.);
#2275=EDGE_CURVE('',#1797,#1795,#955,.T.);
#2276=EDGE_CURVE('',#1796,#1797,#956,.T.);
#2277=EDGE_CURVE('',#1796,#1774,#957,.T.);
#2278=EDGE_CURVE('',#1776,#1797,#958,.T.);
#2279=EDGE_CURVE('',#1798,#1799,#959,.T.);
#2280=EDGE_CURVE('',#1798,#1800,#960,.T.);
#2281=EDGE_CURVE('',#1801,#1800,#961,.T.);
#2282=EDGE_CURVE('',#1799,#1801,#962,.T.);
#2283=EDGE_CURVE('',#1799,#1802,#135,.T.);
#2284=EDGE_CURVE('',#1803,#1801,#136,.T.);
#2285=EDGE_CURVE('',#1802,#1803,#963,.T.);
#2286=EDGE_CURVE('',#1802,#1804,#137,.T.);
#2287=EDGE_CURVE('',#1805,#1803,#138,.T.);
#2288=EDGE_CURVE('',#1804,#1805,#964,.T.);
#2289=EDGE_CURVE('',#1804,#1806,#139,.T.);
#2290=EDGE_CURVE('',#1807,#1805,#140,.T.);
#2291=EDGE_CURVE('',#1806,#1807,#965,.T.);
#2292=EDGE_CURVE('',#1806,#1808,#141,.T.);
#2293=EDGE_CURVE('',#1809,#1807,#142,.T.);
#2294=EDGE_CURVE('',#1808,#1809,#966,.T.);
#2295=EDGE_CURVE('',#1808,#1810,#143,.T.);
#2296=EDGE_CURVE('',#1811,#1809,#144,.T.);
#2297=EDGE_CURVE('',#1810,#1811,#967,.T.);
#2298=EDGE_CURVE('',#1810,#1812,#145,.T.);
#2299=EDGE_CURVE('',#1813,#1811,#146,.T.);
#2300=EDGE_CURVE('',#1812,#1813,#968,.T.);
#2301=EDGE_CURVE('',#1812,#1814,#147,.T.);
#2302=EDGE_CURVE('',#1815,#1813,#148,.T.);
#2303=EDGE_CURVE('',#1814,#1815,#969,.T.);
#2304=EDGE_CURVE('',#1814,#1816,#149,.T.);
#2305=EDGE_CURVE('',#1817,#1815,#150,.T.);
#2306=EDGE_CURVE('',#1816,#1817,#970,.T.);
#2307=EDGE_CURVE('',#1816,#1818,#971,.T.);
#2308=EDGE_CURVE('',#1819,#1817,#972,.T.);
#2309=EDGE_CURVE('',#1818,#1819,#973,.T.);
#2310=EDGE_CURVE('',#1818,#1820,#974,.T.);
#2311=EDGE_CURVE('',#1821,#1819,#975,.T.);
#2312=EDGE_CURVE('',#1820,#1821,#976,.T.);
#2313=EDGE_CURVE('',#1820,#1822,#977,.T.);
#2314=EDGE_CURVE('',#1823,#1821,#978,.T.);
#2315=EDGE_CURVE('',#1822,#1823,#979,.T.);
#2316=EDGE_CURVE('',#1822,#1824,#151,.T.);
#2317=EDGE_CURVE('',#1825,#1823,#152,.T.);
#2318=EDGE_CURVE('',#1824,#1825,#980,.T.);
#2319=EDGE_CURVE('',#1824,#1826,#153,.T.);
#2320=EDGE_CURVE('',#1827,#1825,#154,.T.);
#2321=EDGE_CURVE('',#1826,#1827,#981,.T.);
#2322=EDGE_CURVE('',#1826,#1828,#155,.T.);
#2323=EDGE_CURVE('',#1829,#1827,#156,.T.);
#2324=EDGE_CURVE('',#1828,#1829,#982,.T.);
#2325=EDGE_CURVE('',#1828,#1830,#157,.T.);
#2326=EDGE_CURVE('',#1831,#1829,#158,.T.);
#2327=EDGE_CURVE('',#1830,#1831,#983,.T.);
#2328=EDGE_CURVE('',#1830,#1832,#984,.T.);
#2329=EDGE_CURVE('',#1833,#1831,#985,.T.);
#2330=EDGE_CURVE('',#1832,#1833,#986,.T.);
#2331=EDGE_CURVE('',#1832,#1798,#987,.T.);
#2332=EDGE_CURVE('',#1800,#1833,#988,.T.);
#2333=EDGE_CURVE('',#1834,#1835,#989,.T.);
#2334=EDGE_CURVE('',#1834,#1836,#990,.T.);
#2335=EDGE_CURVE('',#1837,#1836,#991,.T.);
#2336=EDGE_CURVE('',#1835,#1837,#992,.T.);
#2337=EDGE_CURVE('',#1835,#1838,#159,.T.);
#2338=EDGE_CURVE('',#1839,#1837,#160,.T.);
#2339=EDGE_CURVE('',#1838,#1839,#993,.T.);
#2340=EDGE_CURVE('',#1838,#1840,#161,.T.);
#2341=EDGE_CURVE('',#1841,#1839,#162,.T.);
#2342=EDGE_CURVE('',#1840,#1841,#994,.T.);
#2343=EDGE_CURVE('',#1840,#1842,#163,.T.);
#2344=EDGE_CURVE('',#1843,#1841,#164,.T.);
#2345=EDGE_CURVE('',#1842,#1843,#995,.T.);
#2346=EDGE_CURVE('',#1842,#1844,#165,.T.);
#2347=EDGE_CURVE('',#1845,#1843,#166,.T.);
#2348=EDGE_CURVE('',#1844,#1845,#996,.T.);
#2349=EDGE_CURVE('',#1844,#1846,#167,.T.);
#2350=EDGE_CURVE('',#1847,#1845,#168,.T.);
#2351=EDGE_CURVE('',#1846,#1847,#997,.T.);
#2352=EDGE_CURVE('',#1846,#1834,#169,.T.);
#2353=EDGE_CURVE('',#1836,#1847,#170,.T.);
#2354=EDGE_CURVE('',#1848,#1849,#998,.T.);
#2355=EDGE_CURVE('',#1848,#1850,#999,.T.);
#2356=EDGE_CURVE('',#1851,#1850,#1000,.T.);
#2357=EDGE_CURVE('',#1849,#1851,#1001,.T.);
#2358=EDGE_CURVE('',#1849,#1852,#171,.T.);
#2359=EDGE_CURVE('',#1853,#1851,#172,.T.);
#2360=EDGE_CURVE('',#1852,#1853,#1002,.T.);
#2361=EDGE_CURVE('',#1852,#1854,#173,.T.);
#2362=EDGE_CURVE('',#1855,#1853,#174,.T.);
#2363=EDGE_CURVE('',#1854,#1855,#1003,.T.);
#2364=EDGE_CURVE('',#1854,#1856,#1004,.T.);
#2365=EDGE_CURVE('',#1857,#1855,#1005,.T.);
#2366=EDGE_CURVE('',#1856,#1857,#1006,.T.);
#2367=EDGE_CURVE('',#1856,#1858,#175,.T.);
#2368=EDGE_CURVE('',#1859,#1857,#176,.T.);
#2369=EDGE_CURVE('',#1858,#1859,#1007,.T.);
#2370=EDGE_CURVE('',#1858,#1848,#177,.T.);
#2371=EDGE_CURVE('',#1850,#1859,#178,.T.);
#2372=EDGE_CURVE('',#1860,#1861,#1008,.T.);
#2373=EDGE_CURVE('',#1860,#1862,#1009,.T.);
#2374=EDGE_CURVE('',#1863,#1862,#1010,.T.);
#2375=EDGE_CURVE('',#1861,#1863,#1011,.T.);
#2376=EDGE_CURVE('',#1861,#1864,#179,.T.);
#2377=EDGE_CURVE('',#1865,#1863,#180,.T.);
#2378=EDGE_CURVE('',#1864,#1865,#1012,.T.);
#2379=EDGE_CURVE('',#1864,#1866,#181,.T.);
#2380=EDGE_CURVE('',#1867,#1865,#182,.T.);
#2381=EDGE_CURVE('',#1866,#1867,#1013,.T.);
#2382=EDGE_CURVE('',#1866,#1868,#183,.T.);
#2383=EDGE_CURVE('',#1869,#1867,#184,.T.);
#2384=EDGE_CURVE('',#1868,#1869,#1014,.T.);
#2385=EDGE_CURVE('',#1868,#1870,#185,.T.);
#2386=EDGE_CURVE('',#1871,#1869,#186,.T.);
#2387=EDGE_CURVE('',#1870,#1871,#1015,.T.);
#2388=EDGE_CURVE('',#1870,#1872,#187,.T.);
#2389=EDGE_CURVE('',#1873,#1871,#188,.T.);
#2390=EDGE_CURVE('',#1872,#1873,#1016,.T.);
#2391=EDGE_CURVE('',#1872,#1874,#189,.T.);
#2392=EDGE_CURVE('',#1875,#1873,#190,.T.);
#2393=EDGE_CURVE('',#1874,#1875,#1017,.T.);
#2394=EDGE_CURVE('',#1874,#1876,#191,.T.);
#2395=EDGE_CURVE('',#1877,#1875,#192,.T.);
#2396=EDGE_CURVE('',#1876,#1877,#1018,.T.);
#2397=EDGE_CURVE('',#1876,#1878,#1019,.T.);
#2398=EDGE_CURVE('',#1879,#1877,#1020,.T.);
#2399=EDGE_CURVE('',#1878,#1879,#1021,.T.);
#2400=EDGE_CURVE('',#1878,#1880,#193,.T.);
#2401=EDGE_CURVE('',#1881,#1879,#194,.T.);
#2402=EDGE_CURVE('',#1880,#1881,#1022,.T.);
#2403=EDGE_CURVE('',#1880,#1882,#195,.T.);
#2404=EDGE_CURVE('',#1883,#1881,#196,.T.);
#2405=EDGE_CURVE('',#1882,#1883,#1023,.T.);
#2406=EDGE_CURVE('',#1882,#1884,#197,.T.);
#2407=EDGE_CURVE('',#1885,#1883,#198,.T.);
#2408=EDGE_CURVE('',#1884,#1885,#1024,.T.);
#2409=EDGE_CURVE('',#1884,#1886,#1025,.T.);
#2410=EDGE_CURVE('',#1887,#1885,#1026,.T.);
#2411=EDGE_CURVE('',#1886,#1887,#1027,.T.);
#2412=EDGE_CURVE('',#1886,#1860,#1028,.T.);
#2413=EDGE_CURVE('',#1862,#1887,#1029,.T.);
#2414=EDGE_CURVE('',#1888,#1889,#1030,.T.);
#2415=EDGE_CURVE('',#1888,#1890,#1031,.T.);
#2416=EDGE_CURVE('',#1891,#1890,#1032,.T.);
#2417=EDGE_CURVE('',#1889,#1891,#1033,.T.);
#2418=EDGE_CURVE('',#1889,#1892,#1034,.T.);
#2419=EDGE_CURVE('',#1893,#1891,#1035,.T.);
#2420=EDGE_CURVE('',#1892,#1893,#1036,.T.);
#2421=EDGE_CURVE('',#1892,#1894,#199,.T.);
#2422=EDGE_CURVE('',#1895,#1893,#200,.T.);
#2423=EDGE_CURVE('',#1894,#1895,#1037,.T.);
#2424=EDGE_CURVE('',#1894,#1896,#201,.T.);
#2425=EDGE_CURVE('',#1897,#1895,#202,.T.);
#2426=EDGE_CURVE('',#1896,#1897,#1038,.T.);
#2427=EDGE_CURVE('',#1896,#1898,#203,.T.);
#2428=EDGE_CURVE('',#1899,#1897,#204,.T.);
#2429=EDGE_CURVE('',#1898,#1899,#1039,.T.);
#2430=EDGE_CURVE('',#1898,#1900,#205,.T.);
#2431=EDGE_CURVE('',#1901,#1899,#206,.T.);
#2432=EDGE_CURVE('',#1900,#1901,#1040,.T.);
#2433=EDGE_CURVE('',#1900,#1902,#207,.T.);
#2434=EDGE_CURVE('',#1903,#1901,#208,.T.);
#2435=EDGE_CURVE('',#1902,#1903,#1041,.T.);
#2436=EDGE_CURVE('',#1902,#1904,#209,.T.);
#2437=EDGE_CURVE('',#1905,#1903,#210,.T.);
#2438=EDGE_CURVE('',#1904,#1905,#1042,.T.);
#2439=EDGE_CURVE('',#1904,#1906,#211,.T.);
#2440=EDGE_CURVE('',#1907,#1905,#212,.T.);
#2441=EDGE_CURVE('',#1906,#1907,#1043,.T.);
#2442=EDGE_CURVE('',#1906,#1908,#213,.T.);
#2443=EDGE_CURVE('',#1909,#1907,#214,.T.);
#2444=EDGE_CURVE('',#1908,#1909,#1044,.T.);
#2445=EDGE_CURVE('',#1908,#1910,#215,.T.);
#2446=EDGE_CURVE('',#1911,#1909,#216,.T.);
#2447=EDGE_CURVE('',#1910,#1911,#1045,.T.);
#2448=EDGE_CURVE('',#1910,#1912,#217,.T.);
#2449=EDGE_CURVE('',#1913,#1911,#218,.T.);
#2450=EDGE_CURVE('',#1912,#1913,#1046,.T.);
#2451=EDGE_CURVE('',#1912,#1914,#219,.T.);
#2452=EDGE_CURVE('',#1915,#1913,#220,.T.);
#2453=EDGE_CURVE('',#1914,#1915,#1047,.T.);
#2454=EDGE_CURVE('',#1914,#1916,#221,.T.);
#2455=EDGE_CURVE('',#1917,#1915,#222,.T.);
#2456=EDGE_CURVE('',#1916,#1917,#1048,.T.);
#2457=EDGE_CURVE('',#1916,#1918,#223,.T.);
#2458=EDGE_CURVE('',#1919,#1917,#224,.T.);
#2459=EDGE_CURVE('',#1918,#1919,#1049,.T.);
#2460=EDGE_CURVE('',#1918,#1920,#225,.T.);
#2461=EDGE_CURVE('',#1921,#1919,#226,.T.);
#2462=EDGE_CURVE('',#1920,#1921,#1050,.T.);
#2463=EDGE_CURVE('',#1920,#1922,#1051,.T.);
#2464=EDGE_CURVE('',#1923,#1921,#1052,.T.);
#2465=EDGE_CURVE('',#1922,#1923,#1053,.T.);
#2466=EDGE_CURVE('',#1922,#1924,#1054,.T.);
#2467=EDGE_CURVE('',#1925,#1923,#1055,.T.);
#2468=EDGE_CURVE('',#1924,#1925,#1056,.T.);
#2469=EDGE_CURVE('',#1924,#1926,#1057,.T.);
#2470=EDGE_CURVE('',#1927,#1925,#1058,.T.);
#2471=EDGE_CURVE('',#1926,#1927,#1059,.T.);
#2472=EDGE_CURVE('',#1926,#1928,#227,.T.);
#2473=EDGE_CURVE('',#1929,#1927,#228,.T.);
#2474=EDGE_CURVE('',#1928,#1929,#1060,.T.);
#2475=EDGE_CURVE('',#1928,#1930,#229,.T.);
#2476=EDGE_CURVE('',#1931,#1929,#230,.T.);
#2477=EDGE_CURVE('',#1930,#1931,#1061,.T.);
#2478=EDGE_CURVE('',#1930,#1932,#231,.T.);
#2479=EDGE_CURVE('',#1933,#1931,#232,.T.);
#2480=EDGE_CURVE('',#1932,#1933,#1062,.T.);
#2481=EDGE_CURVE('',#1932,#1934,#233,.T.);
#2482=EDGE_CURVE('',#1935,#1933,#234,.T.);
#2483=EDGE_CURVE('',#1934,#1935,#1063,.T.);
#2484=EDGE_CURVE('',#1934,#1936,#235,.T.);
#2485=EDGE_CURVE('',#1937,#1935,#236,.T.);
#2486=EDGE_CURVE('',#1936,#1937,#1064,.T.);
#2487=EDGE_CURVE('',#1936,#1938,#237,.T.);
#2488=EDGE_CURVE('',#1939,#1937,#238,.T.);
#2489=EDGE_CURVE('',#1938,#1939,#1065,.T.);
#2490=EDGE_CURVE('',#1938,#1940,#239,.T.);
#2491=EDGE_CURVE('',#1941,#1939,#240,.T.);
#2492=EDGE_CURVE('',#1940,#1941,#1066,.T.);
#2493=EDGE_CURVE('',#1940,#1942,#241,.T.);
#2494=EDGE_CURVE('',#1943,#1941,#242,.T.);
#2495=EDGE_CURVE('',#1942,#1943,#1067,.T.);
#2496=EDGE_CURVE('',#1942,#1944,#243,.T.);
#2497=EDGE_CURVE('',#1945,#1943,#244,.T.);
#2498=EDGE_CURVE('',#1944,#1945,#1068,.T.);
#2499=EDGE_CURVE('',#1944,#1946,#245,.T.);
#2500=EDGE_CURVE('',#1947,#1945,#246,.T.);
#2501=EDGE_CURVE('',#1946,#1947,#1069,.T.);
#2502=EDGE_CURVE('',#1946,#1948,#247,.T.);
#2503=EDGE_CURVE('',#1949,#1947,#248,.T.);
#2504=EDGE_CURVE('',#1948,#1949,#1070,.T.);
#2505=EDGE_CURVE('',#1948,#1950,#249,.T.);
#2506=EDGE_CURVE('',#1951,#1949,#250,.T.);
#2507=EDGE_CURVE('',#1950,#1951,#1071,.T.);
#2508=EDGE_CURVE('',#1950,#1952,#251,.T.);
#2509=EDGE_CURVE('',#1953,#1951,#252,.T.);
#2510=EDGE_CURVE('',#1952,#1953,#1072,.T.);
#2511=EDGE_CURVE('',#1952,#1954,#253,.T.);
#2512=EDGE_CURVE('',#1955,#1953,#254,.T.);
#2513=EDGE_CURVE('',#1954,#1955,#1073,.T.);
#2514=EDGE_CURVE('',#1954,#1956,#255,.T.);
#2515=EDGE_CURVE('',#1957,#1955,#256,.T.);
#2516=EDGE_CURVE('',#1956,#1957,#1074,.T.);
#2517=EDGE_CURVE('',#1956,#1888,#1075,.T.);
#2518=EDGE_CURVE('',#1890,#1957,#1076,.T.);
#2519=EDGE_CURVE('',#1958,#1959,#1077,.T.);
#2520=EDGE_CURVE('',#1958,#1960,#1078,.T.);
#2521=EDGE_CURVE('',#1961,#1960,#1079,.T.);
#2522=EDGE_CURVE('',#1959,#1961,#1080,.T.);
#2523=EDGE_CURVE('',#1959,#1962,#1081,.T.);
#2524=EDGE_CURVE('',#1963,#1961,#1082,.T.);
#2525=EDGE_CURVE('',#1962,#1963,#1083,.T.);
#2526=EDGE_CURVE('',#1962,#1964,#1084,.T.);
#2527=EDGE_CURVE('',#1965,#1963,#1085,.T.);
#2528=EDGE_CURVE('',#1964,#1965,#1086,.T.);
#2529=EDGE_CURVE('',#1964,#1966,#1087,.T.);
#2530=EDGE_CURVE('',#1967,#1965,#1088,.T.);
#2531=EDGE_CURVE('',#1966,#1967,#1089,.T.);
#2532=EDGE_CURVE('',#1966,#1968,#1090,.T.);
#2533=EDGE_CURVE('',#1969,#1967,#1091,.T.);
#2534=EDGE_CURVE('',#1968,#1969,#1092,.T.);
#2535=EDGE_CURVE('',#1968,#1970,#1093,.T.);
#2536=EDGE_CURVE('',#1971,#1969,#1094,.T.);
#2537=EDGE_CURVE('',#1970,#1971,#1095,.T.);
#2538=EDGE_CURVE('',#1970,#1972,#1096,.T.);
#2539=EDGE_CURVE('',#1973,#1971,#1097,.T.);
#2540=EDGE_CURVE('',#1972,#1973,#1098,.T.);
#2541=EDGE_CURVE('',#1972,#1974,#1099,.T.);
#2542=EDGE_CURVE('',#1975,#1973,#1100,.T.);
#2543=EDGE_CURVE('',#1974,#1975,#1101,.T.);
#2544=EDGE_CURVE('',#1974,#1976,#1102,.T.);
#2545=EDGE_CURVE('',#1977,#1975,#1103,.T.);
#2546=EDGE_CURVE('',#1976,#1977,#1104,.T.);
#2547=EDGE_CURVE('',#1976,#1978,#1105,.T.);
#2548=EDGE_CURVE('',#1979,#1977,#1106,.T.);
#2549=EDGE_CURVE('',#1978,#1979,#1107,.T.);
#2550=EDGE_CURVE('',#1978,#1958,#1108,.T.);
#2551=EDGE_CURVE('',#1960,#1979,#1109,.T.);
#2552=EDGE_CURVE('',#1980,#1981,#1110,.T.);
#2553=EDGE_CURVE('',#1980,#1982,#1111,.T.);
#2554=EDGE_CURVE('',#1983,#1982,#1112,.T.);
#2555=EDGE_CURVE('',#1981,#1983,#1113,.T.);
#2556=EDGE_CURVE('',#1981,#1984,#1114,.T.);
#2557=EDGE_CURVE('',#1985,#1983,#1115,.T.);
#2558=EDGE_CURVE('',#1984,#1985,#1116,.T.);
#2559=EDGE_CURVE('',#1984,#1986,#1117,.T.);
#2560=EDGE_CURVE('',#1987,#1985,#1118,.T.);
#2561=EDGE_CURVE('',#1986,#1987,#1119,.T.);
#2562=EDGE_CURVE('',#1986,#1980,#1120,.T.);
#2563=EDGE_CURVE('',#1982,#1987,#1121,.T.);
#2564=EDGE_CURVE('',#1988,#1989,#1122,.T.);
#2565=EDGE_CURVE('',#1988,#1990,#1123,.T.);
#2566=EDGE_CURVE('',#1991,#1990,#1124,.T.);
#2567=EDGE_CURVE('',#1989,#1991,#1125,.T.);
#2568=EDGE_CURVE('',#1989,#1992,#19,.T.);
#2569=EDGE_CURVE('',#1993,#1991,#20,.T.);
#2570=EDGE_CURVE('',#1992,#1993,#1126,.T.);
#2571=EDGE_CURVE('',#1992,#1994,#1127,.T.);
#2572=EDGE_CURVE('',#1995,#1993,#1128,.T.);
#2573=EDGE_CURVE('',#1994,#1995,#1129,.T.);
#2574=EDGE_CURVE('',#1994,#1996,#21,.T.);
#2575=EDGE_CURVE('',#1997,#1995,#22,.T.);
#2576=EDGE_CURVE('',#1996,#1997,#1130,.T.);
#2577=EDGE_CURVE('',#1996,#1998,#1131,.T.);
#2578=EDGE_CURVE('',#1999,#1997,#1132,.T.);
#2579=EDGE_CURVE('',#1998,#1999,#1133,.T.);
#2580=EDGE_CURVE('',#2000,#1988,#23,.T.);
#2581=EDGE_CURVE('',#2000,#2001,#1134,.T.);
#2582=EDGE_CURVE('',#1990,#2001,#24,.T.);
#2583=EDGE_CURVE('',#2002,#2000,#1135,.T.);
#2584=EDGE_CURVE('',#2002,#2003,#1136,.T.);
#2585=EDGE_CURVE('',#2001,#2003,#1137,.T.);
#2586=EDGE_CURVE('',#1998,#2002,#25,.T.);
#2587=EDGE_CURVE('',#2003,#1999,#26,.T.);
#2588=EDGE_CURVE('',#2004,#2005,#1138,.T.);
#2589=EDGE_CURVE('',#2004,#2006,#1139,.T.);
#2590=EDGE_CURVE('',#2007,#2006,#1140,.T.);
#2591=EDGE_CURVE('',#2005,#2007,#1141,.T.);
#2592=EDGE_CURVE('',#2005,#2008,#27,.T.);
#2593=EDGE_CURVE('',#2009,#2007,#28,.T.);
#2594=EDGE_CURVE('',#2008,#2009,#1142,.T.);
#2595=EDGE_CURVE('',#2008,#2010,#1143,.T.);
#2596=EDGE_CURVE('',#2011,#2009,#1144,.T.);
#2597=EDGE_CURVE('',#2010,#2011,#1145,.T.);
#2598=EDGE_CURVE('',#2010,#2012,#29,.T.);
#2599=EDGE_CURVE('',#2013,#2011,#30,.T.);
#2600=EDGE_CURVE('',#2012,#2013,#1146,.T.);
#2601=EDGE_CURVE('',#2012,#2014,#1147,.T.);
#2602=EDGE_CURVE('',#2015,#2013,#1148,.T.);
#2603=EDGE_CURVE('',#2014,#2015,#1149,.T.);
#2604=EDGE_CURVE('',#2016,#2004,#31,.T.);
#2605=EDGE_CURVE('',#2016,#2017,#1150,.T.);
#2606=EDGE_CURVE('',#2006,#2017,#32,.T.);
#2607=EDGE_CURVE('',#2018,#2016,#1151,.T.);
#2608=EDGE_CURVE('',#2018,#2019,#1152,.T.);
#2609=EDGE_CURVE('',#2017,#2019,#1153,.T.);
#2610=EDGE_CURVE('',#2014,#2018,#33,.T.);
#2611=EDGE_CURVE('',#2019,#2015,#34,.T.);
#2612=EDGE_CURVE('',#2020,#2021,#1154,.T.);
#2613=EDGE_CURVE('',#2020,#2022,#1155,.T.);
#2614=EDGE_CURVE('',#2023,#2022,#1156,.T.);
#2615=EDGE_CURVE('',#2021,#2023,#1157,.T.);
#2616=EDGE_CURVE('',#2021,#2024,#1158,.T.);
#2617=EDGE_CURVE('',#2025,#2023,#1159,.T.);
#2618=EDGE_CURVE('',#2024,#2025,#1160,.T.);
#2619=EDGE_CURVE('',#2024,#2026,#1161,.T.);
#2620=EDGE_CURVE('',#2027,#2025,#1162,.T.);
#2621=EDGE_CURVE('',#2026,#2027,#1163,.T.);
#2622=EDGE_CURVE('',#2026,#2020,#1164,.T.);
#2623=EDGE_CURVE('',#2022,#2027,#1165,.T.);
#2624=EDGE_CURVE('',#2028,#2029,#1166,.T.);
#2625=EDGE_CURVE('',#2028,#2030,#1167,.T.);
#2626=EDGE_CURVE('',#2031,#2030,#1168,.T.);
#2627=EDGE_CURVE('',#2029,#2031,#1169,.T.);
#2628=EDGE_CURVE('',#2029,#2032,#1170,.T.);
#2629=EDGE_CURVE('',#2033,#2031,#1171,.T.);
#2630=EDGE_CURVE('',#2032,#2033,#1172,.T.);
#2631=EDGE_CURVE('',#2032,#2034,#1173,.T.);
#2632=EDGE_CURVE('',#2035,#2033,#1174,.T.);
#2633=EDGE_CURVE('',#2034,#2035,#1175,.T.);
#2634=EDGE_CURVE('',#2034,#2028,#1176,.T.);
#2635=EDGE_CURVE('',#2030,#2035,#1177,.T.);
#2636=EDGE_CURVE('',#2036,#2037,#1178,.T.);
#2637=EDGE_CURVE('',#2036,#2038,#1179,.T.);
#2638=EDGE_CURVE('',#2039,#2038,#1180,.T.);
#2639=EDGE_CURVE('',#2037,#2039,#1181,.T.);
#2640=EDGE_CURVE('',#2037,#2040,#1182,.T.);
#2641=EDGE_CURVE('',#2041,#2039,#1183,.T.);
#2642=EDGE_CURVE('',#2040,#2041,#1184,.T.);
#2643=EDGE_CURVE('',#2040,#2042,#1185,.T.);
#2644=EDGE_CURVE('',#2043,#2041,#1186,.T.);
#2645=EDGE_CURVE('',#2042,#2043,#1187,.T.);
#2646=EDGE_CURVE('',#2042,#2036,#1188,.T.);
#2647=EDGE_CURVE('',#2038,#2043,#1189,.T.);
#2648=EDGE_CURVE('',#2044,#2045,#1190,.T.);
#2649=EDGE_CURVE('',#2046,#2044,#1191,.T.);
#2650=EDGE_CURVE('',#2047,#2046,#1192,.T.);
#2651=EDGE_CURVE('',#2048,#2047,#1193,.T.);
#2652=EDGE_CURVE('',#2045,#2048,#1194,.T.);
#2653=EDGE_CURVE('',#2047,#2049,#1195,.T.);
#2654=EDGE_CURVE('',#2050,#2049,#1196,.T.);
#2655=EDGE_CURVE('',#2048,#2050,#1197,.T.);
#2656=EDGE_CURVE('',#2046,#2051,#1198,.T.);
#2657=EDGE_CURVE('',#2049,#2051,#1199,.T.);
#2658=EDGE_CURVE('',#2044,#2052,#1200,.T.);
#2659=EDGE_CURVE('',#2051,#2052,#1201,.T.);
#2660=EDGE_CURVE('',#2053,#2054,#1202,.T.);
#2661=EDGE_CURVE('',#2054,#2055,#1203,.T.);
#2662=EDGE_CURVE('',#2055,#2056,#1204,.T.);
#2663=EDGE_CURVE('',#2056,#2057,#1205,.T.);
#2664=EDGE_CURVE('',#2057,#2053,#1206,.T.);
#2665=EDGE_CURVE('',#2052,#2058,#1207,.T.);
#2666=EDGE_CURVE('',#2058,#2050,#1208,.T.);
#2667=EDGE_CURVE('',#2045,#2058,#1209,.T.);
#2668=EDGE_CURVE('',#2059,#2060,#1210,.T.);
#2669=EDGE_CURVE('',#2059,#2053,#1211,.T.);
#2670=EDGE_CURVE('',#2060,#2057,#1212,.T.);
#2671=EDGE_CURVE('',#2060,#2061,#1213,.T.);
#2672=EDGE_CURVE('',#2061,#2056,#1214,.T.);
#2673=EDGE_CURVE('',#2061,#2062,#1215,.T.);
#2674=EDGE_CURVE('',#2062,#2055,#1216,.T.);
#2675=EDGE_CURVE('',#2063,#2062,#1217,.T.);
#2676=EDGE_CURVE('',#2063,#2054,#1218,.T.);
#2677=EDGE_CURVE('',#2059,#2063,#1219,.T.);
#2678=EDGE_CURVE('',#2064,#2065,#1220,.T.);
#2679=EDGE_CURVE('',#2064,#2066,#1221,.T.);
#2680=EDGE_CURVE('',#2067,#2066,#1222,.T.);
#2681=EDGE_CURVE('',#2065,#2067,#1223,.T.);
#2682=EDGE_CURVE('',#2065,#2068,#1224,.T.);
#2683=EDGE_CURVE('',#2069,#2067,#1225,.T.);
#2684=EDGE_CURVE('',#2068,#2069,#1226,.T.);
#2685=EDGE_CURVE('',#2068,#2070,#1227,.T.);
#2686=EDGE_CURVE('',#2071,#2069,#1228,.T.);
#2687=EDGE_CURVE('',#2070,#2071,#1229,.T.);
#2688=EDGE_CURVE('',#2070,#2072,#1230,.T.);
#2689=EDGE_CURVE('',#2073,#2071,#1231,.T.);
#2690=EDGE_CURVE('',#2072,#2073,#1232,.T.);
#2691=EDGE_CURVE('',#2072,#2064,#1233,.T.);
#2692=EDGE_CURVE('',#2066,#2073,#1234,.T.);
#2693=EDGE_CURVE('',#2074,#2075,#1235,.T.);
#2694=EDGE_CURVE('',#2074,#2076,#1236,.T.);
#2695=EDGE_CURVE('',#2077,#2076,#1237,.T.);
#2696=EDGE_CURVE('',#2075,#2077,#1238,.T.);
#2697=EDGE_CURVE('',#2075,#2078,#1239,.T.);
#2698=EDGE_CURVE('',#2079,#2077,#1240,.T.);
#2699=EDGE_CURVE('',#2078,#2079,#1241,.T.);
#2700=EDGE_CURVE('',#2078,#2080,#1242,.T.);
#2701=EDGE_CURVE('',#2081,#2079,#1243,.T.);
#2702=EDGE_CURVE('',#2080,#2081,#1244,.T.);
#2703=EDGE_CURVE('',#2080,#2082,#1245,.T.);
#2704=EDGE_CURVE('',#2083,#2081,#1246,.T.);
#2705=EDGE_CURVE('',#2082,#2083,#1247,.T.);
#2706=EDGE_CURVE('',#2082,#2074,#1248,.T.);
#2707=EDGE_CURVE('',#2076,#2083,#1249,.T.);
#2708=ORIENTED_EDGE('',*,*,#2084,.F.);
#2709=ORIENTED_EDGE('',*,*,#2085,.T.);
#2710=ORIENTED_EDGE('',*,*,#2086,.F.);
#2711=ORIENTED_EDGE('',*,*,#2087,.F.);
#2712=ORIENTED_EDGE('',*,*,#2088,.F.);
#2713=ORIENTED_EDGE('',*,*,#2087,.T.);
#2714=ORIENTED_EDGE('',*,*,#2089,.F.);
#2715=ORIENTED_EDGE('',*,*,#2090,.F.);
#2716=ORIENTED_EDGE('',*,*,#2091,.F.);
#2717=ORIENTED_EDGE('',*,*,#2090,.T.);
#2718=ORIENTED_EDGE('',*,*,#2092,.F.);
#2719=ORIENTED_EDGE('',*,*,#2093,.F.);
#2720=ORIENTED_EDGE('',*,*,#2094,.F.);
#2721=ORIENTED_EDGE('',*,*,#2093,.T.);
#2722=ORIENTED_EDGE('',*,*,#2095,.F.);
#2723=ORIENTED_EDGE('',*,*,#2096,.F.);
#2724=ORIENTED_EDGE('',*,*,#2097,.F.);
#2725=ORIENTED_EDGE('',*,*,#2096,.T.);
#2726=ORIENTED_EDGE('',*,*,#2098,.F.);
#2727=ORIENTED_EDGE('',*,*,#2099,.F.);
#2728=ORIENTED_EDGE('',*,*,#2100,.F.);
#2729=ORIENTED_EDGE('',*,*,#2099,.T.);
#2730=ORIENTED_EDGE('',*,*,#2101,.F.);
#2731=ORIENTED_EDGE('',*,*,#2102,.F.);
#2732=ORIENTED_EDGE('',*,*,#2103,.F.);
#2733=ORIENTED_EDGE('',*,*,#2102,.T.);
#2734=ORIENTED_EDGE('',*,*,#2104,.F.);
#2735=ORIENTED_EDGE('',*,*,#2105,.F.);
#2736=ORIENTED_EDGE('',*,*,#2106,.F.);
#2737=ORIENTED_EDGE('',*,*,#2105,.T.);
#2738=ORIENTED_EDGE('',*,*,#2107,.F.);
#2739=ORIENTED_EDGE('',*,*,#2085,.F.);
#2740=ORIENTED_EDGE('',*,*,#2107,.T.);
#2741=ORIENTED_EDGE('',*,*,#2104,.T.);
#2742=ORIENTED_EDGE('',*,*,#2101,.T.);
#2743=ORIENTED_EDGE('',*,*,#2098,.T.);
#2744=ORIENTED_EDGE('',*,*,#2095,.T.);
#2745=ORIENTED_EDGE('',*,*,#2092,.T.);
#2746=ORIENTED_EDGE('',*,*,#2089,.T.);
#2747=ORIENTED_EDGE('',*,*,#2086,.T.);
#2748=ORIENTED_EDGE('',*,*,#2108,.F.);
#2749=ORIENTED_EDGE('',*,*,#2109,.T.);
#2750=ORIENTED_EDGE('',*,*,#2110,.F.);
#2751=ORIENTED_EDGE('',*,*,#2111,.F.);
#2752=ORIENTED_EDGE('',*,*,#2112,.F.);
#2753=ORIENTED_EDGE('',*,*,#2111,.T.);
#2754=ORIENTED_EDGE('',*,*,#2113,.F.);
#2755=ORIENTED_EDGE('',*,*,#2114,.F.);
#2756=ORIENTED_EDGE('',*,*,#2115,.F.);
#2757=ORIENTED_EDGE('',*,*,#2114,.T.);
#2758=ORIENTED_EDGE('',*,*,#2116,.F.);
#2759=ORIENTED_EDGE('',*,*,#2117,.F.);
#2760=ORIENTED_EDGE('',*,*,#2118,.F.);
#2761=ORIENTED_EDGE('',*,*,#2117,.T.);
#2762=ORIENTED_EDGE('',*,*,#2119,.F.);
#2763=ORIENTED_EDGE('',*,*,#2120,.F.);
#2764=ORIENTED_EDGE('',*,*,#2121,.F.);
#2765=ORIENTED_EDGE('',*,*,#2120,.T.);
#2766=ORIENTED_EDGE('',*,*,#2122,.F.);
#2767=ORIENTED_EDGE('',*,*,#2123,.F.);
#2768=ORIENTED_EDGE('',*,*,#2124,.F.);
#2769=ORIENTED_EDGE('',*,*,#2123,.T.);
#2770=ORIENTED_EDGE('',*,*,#2125,.F.);
#2771=ORIENTED_EDGE('',*,*,#2126,.F.);
#2772=ORIENTED_EDGE('',*,*,#2127,.F.);
#2773=ORIENTED_EDGE('',*,*,#2126,.T.);
#2774=ORIENTED_EDGE('',*,*,#2128,.F.);
#2775=ORIENTED_EDGE('',*,*,#2129,.F.);
#2776=ORIENTED_EDGE('',*,*,#2130,.F.);
#2777=ORIENTED_EDGE('',*,*,#2129,.T.);
#2778=ORIENTED_EDGE('',*,*,#2131,.F.);
#2779=ORIENTED_EDGE('',*,*,#2132,.F.);
#2780=ORIENTED_EDGE('',*,*,#2133,.F.);
#2781=ORIENTED_EDGE('',*,*,#2132,.T.);
#2782=ORIENTED_EDGE('',*,*,#2134,.F.);
#2783=ORIENTED_EDGE('',*,*,#2135,.F.);
#2784=ORIENTED_EDGE('',*,*,#2136,.F.);
#2785=ORIENTED_EDGE('',*,*,#2135,.T.);
#2786=ORIENTED_EDGE('',*,*,#2137,.F.);
#2787=ORIENTED_EDGE('',*,*,#2138,.F.);
#2788=ORIENTED_EDGE('',*,*,#2139,.F.);
#2789=ORIENTED_EDGE('',*,*,#2138,.T.);
#2790=ORIENTED_EDGE('',*,*,#2140,.F.);
#2791=ORIENTED_EDGE('',*,*,#2141,.F.);
#2792=ORIENTED_EDGE('',*,*,#2142,.F.);
#2793=ORIENTED_EDGE('',*,*,#2141,.T.);
#2794=ORIENTED_EDGE('',*,*,#2143,.F.);
#2795=ORIENTED_EDGE('',*,*,#2144,.F.);
#2796=ORIENTED_EDGE('',*,*,#2145,.F.);
#2797=ORIENTED_EDGE('',*,*,#2144,.T.);
#2798=ORIENTED_EDGE('',*,*,#2146,.F.);
#2799=ORIENTED_EDGE('',*,*,#2147,.F.);
#2800=ORIENTED_EDGE('',*,*,#2148,.F.);
#2801=ORIENTED_EDGE('',*,*,#2147,.T.);
#2802=ORIENTED_EDGE('',*,*,#2149,.F.);
#2803=ORIENTED_EDGE('',*,*,#2150,.F.);
#2804=ORIENTED_EDGE('',*,*,#2151,.F.);
#2805=ORIENTED_EDGE('',*,*,#2150,.T.);
#2806=ORIENTED_EDGE('',*,*,#2152,.F.);
#2807=ORIENTED_EDGE('',*,*,#2153,.F.);
#2808=ORIENTED_EDGE('',*,*,#2154,.F.);
#2809=ORIENTED_EDGE('',*,*,#2153,.T.);
#2810=ORIENTED_EDGE('',*,*,#2155,.F.);
#2811=ORIENTED_EDGE('',*,*,#2156,.F.);
#2812=ORIENTED_EDGE('',*,*,#2157,.F.);
#2813=ORIENTED_EDGE('',*,*,#2156,.T.);
#2814=ORIENTED_EDGE('',*,*,#2158,.F.);
#2815=ORIENTED_EDGE('',*,*,#2159,.F.);
#2816=ORIENTED_EDGE('',*,*,#2160,.F.);
#2817=ORIENTED_EDGE('',*,*,#2159,.T.);
#2818=ORIENTED_EDGE('',*,*,#2161,.F.);
#2819=ORIENTED_EDGE('',*,*,#2109,.F.);
#2820=ORIENTED_EDGE('',*,*,#2161,.T.);
#2821=ORIENTED_EDGE('',*,*,#2158,.T.);
#2822=ORIENTED_EDGE('',*,*,#2155,.T.);
#2823=ORIENTED_EDGE('',*,*,#2152,.T.);
#2824=ORIENTED_EDGE('',*,*,#2149,.T.);
#2825=ORIENTED_EDGE('',*,*,#2146,.T.);
#2826=ORIENTED_EDGE('',*,*,#2143,.T.);
#2827=ORIENTED_EDGE('',*,*,#2140,.T.);
#2828=ORIENTED_EDGE('',*,*,#2137,.T.);
#2829=ORIENTED_EDGE('',*,*,#2134,.T.);
#2830=ORIENTED_EDGE('',*,*,#2131,.T.);
#2831=ORIENTED_EDGE('',*,*,#2128,.T.);
#2832=ORIENTED_EDGE('',*,*,#2125,.T.);
#2833=ORIENTED_EDGE('',*,*,#2122,.T.);
#2834=ORIENTED_EDGE('',*,*,#2119,.T.);
#2835=ORIENTED_EDGE('',*,*,#2116,.T.);
#2836=ORIENTED_EDGE('',*,*,#2113,.T.);
#2837=ORIENTED_EDGE('',*,*,#2110,.T.);
#2838=ORIENTED_EDGE('',*,*,#2162,.F.);
#2839=ORIENTED_EDGE('',*,*,#2163,.T.);
#2840=ORIENTED_EDGE('',*,*,#2164,.F.);
#2841=ORIENTED_EDGE('',*,*,#2165,.F.);
#2842=ORIENTED_EDGE('',*,*,#2166,.F.);
#2843=ORIENTED_EDGE('',*,*,#2165,.T.);
#2844=ORIENTED_EDGE('',*,*,#2167,.F.);
#2845=ORIENTED_EDGE('',*,*,#2168,.F.);
#2846=ORIENTED_EDGE('',*,*,#2169,.F.);
#2847=ORIENTED_EDGE('',*,*,#2168,.T.);
#2848=ORIENTED_EDGE('',*,*,#2170,.F.);
#2849=ORIENTED_EDGE('',*,*,#2171,.F.);
#2850=ORIENTED_EDGE('',*,*,#2172,.F.);
#2851=ORIENTED_EDGE('',*,*,#2171,.T.);
#2852=ORIENTED_EDGE('',*,*,#2173,.F.);
#2853=ORIENTED_EDGE('',*,*,#2174,.F.);
#2854=ORIENTED_EDGE('',*,*,#2175,.F.);
#2855=ORIENTED_EDGE('',*,*,#2174,.T.);
#2856=ORIENTED_EDGE('',*,*,#2176,.F.);
#2857=ORIENTED_EDGE('',*,*,#2177,.F.);
#2858=ORIENTED_EDGE('',*,*,#2178,.F.);
#2859=ORIENTED_EDGE('',*,*,#2177,.T.);
#2860=ORIENTED_EDGE('',*,*,#2179,.F.);
#2861=ORIENTED_EDGE('',*,*,#2180,.F.);
#2862=ORIENTED_EDGE('',*,*,#2181,.F.);
#2863=ORIENTED_EDGE('',*,*,#2180,.T.);
#2864=ORIENTED_EDGE('',*,*,#2182,.F.);
#2865=ORIENTED_EDGE('',*,*,#2163,.F.);
#2866=ORIENTED_EDGE('',*,*,#2183,.F.);
#2867=ORIENTED_EDGE('',*,*,#2184,.T.);
#2868=ORIENTED_EDGE('',*,*,#2185,.F.);
#2869=ORIENTED_EDGE('',*,*,#2186,.F.);
#2870=ORIENTED_EDGE('',*,*,#2187,.F.);
#2871=ORIENTED_EDGE('',*,*,#2186,.T.);
#2872=ORIENTED_EDGE('',*,*,#2188,.F.);
#2873=ORIENTED_EDGE('',*,*,#2189,.F.);
#2874=ORIENTED_EDGE('',*,*,#2190,.F.);
#2875=ORIENTED_EDGE('',*,*,#2189,.T.);
#2876=ORIENTED_EDGE('',*,*,#2191,.F.);
#2877=ORIENTED_EDGE('',*,*,#2192,.F.);
#2878=ORIENTED_EDGE('',*,*,#2193,.F.);
#2879=ORIENTED_EDGE('',*,*,#2192,.T.);
#2880=ORIENTED_EDGE('',*,*,#2194,.F.);
#2881=ORIENTED_EDGE('',*,*,#2195,.F.);
#2882=ORIENTED_EDGE('',*,*,#2196,.F.);
#2883=ORIENTED_EDGE('',*,*,#2195,.T.);
#2884=ORIENTED_EDGE('',*,*,#2197,.F.);
#2885=ORIENTED_EDGE('',*,*,#2198,.F.);
#2886=ORIENTED_EDGE('',*,*,#2199,.F.);
#2887=ORIENTED_EDGE('',*,*,#2198,.T.);
#2888=ORIENTED_EDGE('',*,*,#2200,.F.);
#2889=ORIENTED_EDGE('',*,*,#2184,.F.);
#2890=ORIENTED_EDGE('',*,*,#2201,.F.);
#2891=ORIENTED_EDGE('',*,*,#2202,.T.);
#2892=ORIENTED_EDGE('',*,*,#2203,.F.);
#2893=ORIENTED_EDGE('',*,*,#2204,.F.);
#2894=ORIENTED_EDGE('',*,*,#2205,.F.);
#2895=ORIENTED_EDGE('',*,*,#2204,.T.);
#2896=ORIENTED_EDGE('',*,*,#2206,.F.);
#2897=ORIENTED_EDGE('',*,*,#2207,.F.);
#2898=ORIENTED_EDGE('',*,*,#2208,.F.);
#2899=ORIENTED_EDGE('',*,*,#2207,.T.);
#2900=ORIENTED_EDGE('',*,*,#2209,.F.);
#2901=ORIENTED_EDGE('',*,*,#2210,.F.);
#2902=ORIENTED_EDGE('',*,*,#2211,.F.);
#2903=ORIENTED_EDGE('',*,*,#2210,.T.);
#2904=ORIENTED_EDGE('',*,*,#2212,.F.);
#2905=ORIENTED_EDGE('',*,*,#2213,.F.);
#2906=ORIENTED_EDGE('',*,*,#2214,.F.);
#2907=ORIENTED_EDGE('',*,*,#2213,.T.);
#2908=ORIENTED_EDGE('',*,*,#2215,.F.);
#2909=ORIENTED_EDGE('',*,*,#2216,.F.);
#2910=ORIENTED_EDGE('',*,*,#2217,.F.);
#2911=ORIENTED_EDGE('',*,*,#2216,.T.);
#2912=ORIENTED_EDGE('',*,*,#2218,.F.);
#2913=ORIENTED_EDGE('',*,*,#2219,.F.);
#2914=ORIENTED_EDGE('',*,*,#2220,.F.);
#2915=ORIENTED_EDGE('',*,*,#2219,.T.);
#2916=ORIENTED_EDGE('',*,*,#2221,.F.);
#2917=ORIENTED_EDGE('',*,*,#2222,.F.);
#2918=ORIENTED_EDGE('',*,*,#2223,.F.);
#2919=ORIENTED_EDGE('',*,*,#2222,.T.);
#2920=ORIENTED_EDGE('',*,*,#2224,.F.);
#2921=ORIENTED_EDGE('',*,*,#2225,.F.);
#2922=ORIENTED_EDGE('',*,*,#2226,.F.);
#2923=ORIENTED_EDGE('',*,*,#2225,.T.);
#2924=ORIENTED_EDGE('',*,*,#2227,.F.);
#2925=ORIENTED_EDGE('',*,*,#2228,.F.);
#2926=ORIENTED_EDGE('',*,*,#2229,.F.);
#2927=ORIENTED_EDGE('',*,*,#2228,.T.);
#2928=ORIENTED_EDGE('',*,*,#2230,.F.);
#2929=ORIENTED_EDGE('',*,*,#2231,.F.);
#2930=ORIENTED_EDGE('',*,*,#2232,.F.);
#2931=ORIENTED_EDGE('',*,*,#2231,.T.);
#2932=ORIENTED_EDGE('',*,*,#2233,.F.);
#2933=ORIENTED_EDGE('',*,*,#2234,.F.);
#2934=ORIENTED_EDGE('',*,*,#2235,.F.);
#2935=ORIENTED_EDGE('',*,*,#2234,.T.);
#2936=ORIENTED_EDGE('',*,*,#2236,.F.);
#2937=ORIENTED_EDGE('',*,*,#2237,.F.);
#2938=ORIENTED_EDGE('',*,*,#2238,.F.);
#2939=ORIENTED_EDGE('',*,*,#2237,.T.);
#2940=ORIENTED_EDGE('',*,*,#2239,.F.);
#2941=ORIENTED_EDGE('',*,*,#2240,.F.);
#2942=ORIENTED_EDGE('',*,*,#2241,.F.);
#2943=ORIENTED_EDGE('',*,*,#2240,.T.);
#2944=ORIENTED_EDGE('',*,*,#2242,.F.);
#2945=ORIENTED_EDGE('',*,*,#2202,.F.);
#2946=ORIENTED_EDGE('',*,*,#2242,.T.);
#2947=ORIENTED_EDGE('',*,*,#2239,.T.);
#2948=ORIENTED_EDGE('',*,*,#2236,.T.);
#2949=ORIENTED_EDGE('',*,*,#2233,.T.);
#2950=ORIENTED_EDGE('',*,*,#2230,.T.);
#2951=ORIENTED_EDGE('',*,*,#2227,.T.);
#2952=ORIENTED_EDGE('',*,*,#2224,.T.);
#2953=ORIENTED_EDGE('',*,*,#2221,.T.);
#2954=ORIENTED_EDGE('',*,*,#2218,.T.);
#2955=ORIENTED_EDGE('',*,*,#2215,.T.);
#2956=ORIENTED_EDGE('',*,*,#2212,.T.);
#2957=ORIENTED_EDGE('',*,*,#2209,.T.);
#2958=ORIENTED_EDGE('',*,*,#2206,.T.);
#2959=ORIENTED_EDGE('',*,*,#2203,.T.);
#2960=ORIENTED_EDGE('',*,*,#2200,.T.);
#2961=ORIENTED_EDGE('',*,*,#2197,.T.);
#2962=ORIENTED_EDGE('',*,*,#2194,.T.);
#2963=ORIENTED_EDGE('',*,*,#2191,.T.);
#2964=ORIENTED_EDGE('',*,*,#2188,.T.);
#2965=ORIENTED_EDGE('',*,*,#2185,.T.);
#2966=ORIENTED_EDGE('',*,*,#2182,.T.);
#2967=ORIENTED_EDGE('',*,*,#2179,.T.);
#2968=ORIENTED_EDGE('',*,*,#2176,.T.);
#2969=ORIENTED_EDGE('',*,*,#2173,.T.);
#2970=ORIENTED_EDGE('',*,*,#2170,.T.);
#2971=ORIENTED_EDGE('',*,*,#2167,.T.);
#2972=ORIENTED_EDGE('',*,*,#2164,.T.);
#2973=ORIENTED_EDGE('',*,*,#2183,.T.);
#2974=ORIENTED_EDGE('',*,*,#2187,.T.);
#2975=ORIENTED_EDGE('',*,*,#2190,.T.);
#2976=ORIENTED_EDGE('',*,*,#2193,.T.);
#2977=ORIENTED_EDGE('',*,*,#2196,.T.);
#2978=ORIENTED_EDGE('',*,*,#2199,.T.);
#2979=ORIENTED_EDGE('',*,*,#2162,.T.);
#2980=ORIENTED_EDGE('',*,*,#2166,.T.);
#2981=ORIENTED_EDGE('',*,*,#2169,.T.);
#2982=ORIENTED_EDGE('',*,*,#2172,.T.);
#2983=ORIENTED_EDGE('',*,*,#2175,.T.);
#2984=ORIENTED_EDGE('',*,*,#2178,.T.);
#2985=ORIENTED_EDGE('',*,*,#2181,.T.);
#2986=ORIENTED_EDGE('',*,*,#2243,.F.);
#2987=ORIENTED_EDGE('',*,*,#2244,.T.);
#2988=ORIENTED_EDGE('',*,*,#2245,.F.);
#2989=ORIENTED_EDGE('',*,*,#2246,.F.);
#2990=ORIENTED_EDGE('',*,*,#2247,.F.);
#2991=ORIENTED_EDGE('',*,*,#2246,.T.);
#2992=ORIENTED_EDGE('',*,*,#2248,.F.);
#2993=ORIENTED_EDGE('',*,*,#2249,.F.);
#2994=ORIENTED_EDGE('',*,*,#2250,.F.);
#2995=ORIENTED_EDGE('',*,*,#2249,.T.);
#2996=ORIENTED_EDGE('',*,*,#2251,.F.);
#2997=ORIENTED_EDGE('',*,*,#2252,.F.);
#2998=ORIENTED_EDGE('',*,*,#2253,.F.);
#2999=ORIENTED_EDGE('',*,*,#2252,.T.);
#3000=ORIENTED_EDGE('',*,*,#2254,.F.);
#3001=ORIENTED_EDGE('',*,*,#2255,.F.);
#3002=ORIENTED_EDGE('',*,*,#2256,.F.);
#3003=ORIENTED_EDGE('',*,*,#2255,.T.);
#3004=ORIENTED_EDGE('',*,*,#2257,.F.);
#3005=ORIENTED_EDGE('',*,*,#2258,.F.);
#3006=ORIENTED_EDGE('',*,*,#2259,.F.);
#3007=ORIENTED_EDGE('',*,*,#2258,.T.);
#3008=ORIENTED_EDGE('',*,*,#2260,.F.);
#3009=ORIENTED_EDGE('',*,*,#2261,.F.);
#3010=ORIENTED_EDGE('',*,*,#2262,.F.);
#3011=ORIENTED_EDGE('',*,*,#2261,.T.);
#3012=ORIENTED_EDGE('',*,*,#2263,.F.);
#3013=ORIENTED_EDGE('',*,*,#2264,.F.);
#3014=ORIENTED_EDGE('',*,*,#2265,.F.);
#3015=ORIENTED_EDGE('',*,*,#2264,.T.);
#3016=ORIENTED_EDGE('',*,*,#2266,.F.);
#3017=ORIENTED_EDGE('',*,*,#2267,.F.);
#3018=ORIENTED_EDGE('',*,*,#2268,.F.);
#3019=ORIENTED_EDGE('',*,*,#2267,.T.);
#3020=ORIENTED_EDGE('',*,*,#2269,.F.);
#3021=ORIENTED_EDGE('',*,*,#2270,.F.);
#3022=ORIENTED_EDGE('',*,*,#2271,.F.);
#3023=ORIENTED_EDGE('',*,*,#2270,.T.);
#3024=ORIENTED_EDGE('',*,*,#2272,.F.);
#3025=ORIENTED_EDGE('',*,*,#2273,.F.);
#3026=ORIENTED_EDGE('',*,*,#2274,.F.);
#3027=ORIENTED_EDGE('',*,*,#2273,.T.);
#3028=ORIENTED_EDGE('',*,*,#2275,.F.);
#3029=ORIENTED_EDGE('',*,*,#2276,.F.);
#3030=ORIENTED_EDGE('',*,*,#2277,.F.);
#3031=ORIENTED_EDGE('',*,*,#2276,.T.);
#3032=ORIENTED_EDGE('',*,*,#2278,.F.);
#3033=ORIENTED_EDGE('',*,*,#2244,.F.);
#3034=ORIENTED_EDGE('',*,*,#2278,.T.);
#3035=ORIENTED_EDGE('',*,*,#2275,.T.);
#3036=ORIENTED_EDGE('',*,*,#2272,.T.);
#3037=ORIENTED_EDGE('',*,*,#2269,.T.);
#3038=ORIENTED_EDGE('',*,*,#2266,.T.);
#3039=ORIENTED_EDGE('',*,*,#2263,.T.);
#3040=ORIENTED_EDGE('',*,*,#2260,.T.);
#3041=ORIENTED_EDGE('',*,*,#2257,.T.);
#3042=ORIENTED_EDGE('',*,*,#2254,.T.);
#3043=ORIENTED_EDGE('',*,*,#2251,.T.);
#3044=ORIENTED_EDGE('',*,*,#2248,.T.);
#3045=ORIENTED_EDGE('',*,*,#2245,.T.);
#3046=ORIENTED_EDGE('',*,*,#2279,.F.);
#3047=ORIENTED_EDGE('',*,*,#2280,.T.);
#3048=ORIENTED_EDGE('',*,*,#2281,.F.);
#3049=ORIENTED_EDGE('',*,*,#2282,.F.);
#3050=ORIENTED_EDGE('',*,*,#2283,.F.);
#3051=ORIENTED_EDGE('',*,*,#2282,.T.);
#3052=ORIENTED_EDGE('',*,*,#2284,.F.);
#3053=ORIENTED_EDGE('',*,*,#2285,.F.);
#3054=ORIENTED_EDGE('',*,*,#2286,.F.);
#3055=ORIENTED_EDGE('',*,*,#2285,.T.);
#3056=ORIENTED_EDGE('',*,*,#2287,.F.);
#3057=ORIENTED_EDGE('',*,*,#2288,.F.);
#3058=ORIENTED_EDGE('',*,*,#2289,.F.);
#3059=ORIENTED_EDGE('',*,*,#2288,.T.);
#3060=ORIENTED_EDGE('',*,*,#2290,.F.);
#3061=ORIENTED_EDGE('',*,*,#2291,.F.);
#3062=ORIENTED_EDGE('',*,*,#2292,.F.);
#3063=ORIENTED_EDGE('',*,*,#2291,.T.);
#3064=ORIENTED_EDGE('',*,*,#2293,.F.);
#3065=ORIENTED_EDGE('',*,*,#2294,.F.);
#3066=ORIENTED_EDGE('',*,*,#2295,.F.);
#3067=ORIENTED_EDGE('',*,*,#2294,.T.);
#3068=ORIENTED_EDGE('',*,*,#2296,.F.);
#3069=ORIENTED_EDGE('',*,*,#2297,.F.);
#3070=ORIENTED_EDGE('',*,*,#2298,.F.);
#3071=ORIENTED_EDGE('',*,*,#2297,.T.);
#3072=ORIENTED_EDGE('',*,*,#2299,.F.);
#3073=ORIENTED_EDGE('',*,*,#2300,.F.);
#3074=ORIENTED_EDGE('',*,*,#2301,.F.);
#3075=ORIENTED_EDGE('',*,*,#2300,.T.);
#3076=ORIENTED_EDGE('',*,*,#2302,.F.);
#3077=ORIENTED_EDGE('',*,*,#2303,.F.);
#3078=ORIENTED_EDGE('',*,*,#2304,.F.);
#3079=ORIENTED_EDGE('',*,*,#2303,.T.);
#3080=ORIENTED_EDGE('',*,*,#2305,.F.);
#3081=ORIENTED_EDGE('',*,*,#2306,.F.);
#3082=ORIENTED_EDGE('',*,*,#2307,.F.);
#3083=ORIENTED_EDGE('',*,*,#2306,.T.);
#3084=ORIENTED_EDGE('',*,*,#2308,.F.);
#3085=ORIENTED_EDGE('',*,*,#2309,.F.);
#3086=ORIENTED_EDGE('',*,*,#2310,.F.);
#3087=ORIENTED_EDGE('',*,*,#2309,.T.);
#3088=ORIENTED_EDGE('',*,*,#2311,.F.);
#3089=ORIENTED_EDGE('',*,*,#2312,.F.);
#3090=ORIENTED_EDGE('',*,*,#2313,.F.);
#3091=ORIENTED_EDGE('',*,*,#2312,.T.);
#3092=ORIENTED_EDGE('',*,*,#2314,.F.);
#3093=ORIENTED_EDGE('',*,*,#2315,.F.);
#3094=ORIENTED_EDGE('',*,*,#2316,.F.);
#3095=ORIENTED_EDGE('',*,*,#2315,.T.);
#3096=ORIENTED_EDGE('',*,*,#2317,.F.);
#3097=ORIENTED_EDGE('',*,*,#2318,.F.);
#3098=ORIENTED_EDGE('',*,*,#2319,.F.);
#3099=ORIENTED_EDGE('',*,*,#2318,.T.);
#3100=ORIENTED_EDGE('',*,*,#2320,.F.);
#3101=ORIENTED_EDGE('',*,*,#2321,.F.);
#3102=ORIENTED_EDGE('',*,*,#2322,.F.);
#3103=ORIENTED_EDGE('',*,*,#2321,.T.);
#3104=ORIENTED_EDGE('',*,*,#2323,.F.);
#3105=ORIENTED_EDGE('',*,*,#2324,.F.);
#3106=ORIENTED_EDGE('',*,*,#2325,.F.);
#3107=ORIENTED_EDGE('',*,*,#2324,.T.);
#3108=ORIENTED_EDGE('',*,*,#2326,.F.);
#3109=ORIENTED_EDGE('',*,*,#2327,.F.);
#3110=ORIENTED_EDGE('',*,*,#2328,.F.);
#3111=ORIENTED_EDGE('',*,*,#2327,.T.);
#3112=ORIENTED_EDGE('',*,*,#2329,.F.);
#3113=ORIENTED_EDGE('',*,*,#2330,.F.);
#3114=ORIENTED_EDGE('',*,*,#2331,.F.);
#3115=ORIENTED_EDGE('',*,*,#2330,.T.);
#3116=ORIENTED_EDGE('',*,*,#2332,.F.);
#3117=ORIENTED_EDGE('',*,*,#2280,.F.);
#3118=ORIENTED_EDGE('',*,*,#2332,.T.);
#3119=ORIENTED_EDGE('',*,*,#2329,.T.);
#3120=ORIENTED_EDGE('',*,*,#2326,.T.);
#3121=ORIENTED_EDGE('',*,*,#2323,.T.);
#3122=ORIENTED_EDGE('',*,*,#2320,.T.);
#3123=ORIENTED_EDGE('',*,*,#2317,.T.);
#3124=ORIENTED_EDGE('',*,*,#2314,.T.);
#3125=ORIENTED_EDGE('',*,*,#2311,.T.);
#3126=ORIENTED_EDGE('',*,*,#2308,.T.);
#3127=ORIENTED_EDGE('',*,*,#2305,.T.);
#3128=ORIENTED_EDGE('',*,*,#2302,.T.);
#3129=ORIENTED_EDGE('',*,*,#2299,.T.);
#3130=ORIENTED_EDGE('',*,*,#2296,.T.);
#3131=ORIENTED_EDGE('',*,*,#2293,.T.);
#3132=ORIENTED_EDGE('',*,*,#2290,.T.);
#3133=ORIENTED_EDGE('',*,*,#2287,.T.);
#3134=ORIENTED_EDGE('',*,*,#2284,.T.);
#3135=ORIENTED_EDGE('',*,*,#2281,.T.);
#3136=ORIENTED_EDGE('',*,*,#2333,.F.);
#3137=ORIENTED_EDGE('',*,*,#2334,.T.);
#3138=ORIENTED_EDGE('',*,*,#2335,.F.);
#3139=ORIENTED_EDGE('',*,*,#2336,.F.);
#3140=ORIENTED_EDGE('',*,*,#2337,.F.);
#3141=ORIENTED_EDGE('',*,*,#2336,.T.);
#3142=ORIENTED_EDGE('',*,*,#2338,.F.);
#3143=ORIENTED_EDGE('',*,*,#2339,.F.);
#3144=ORIENTED_EDGE('',*,*,#2340,.F.);
#3145=ORIENTED_EDGE('',*,*,#2339,.T.);
#3146=ORIENTED_EDGE('',*,*,#2341,.F.);
#3147=ORIENTED_EDGE('',*,*,#2342,.F.);
#3148=ORIENTED_EDGE('',*,*,#2343,.F.);
#3149=ORIENTED_EDGE('',*,*,#2342,.T.);
#3150=ORIENTED_EDGE('',*,*,#2344,.F.);
#3151=ORIENTED_EDGE('',*,*,#2345,.F.);
#3152=ORIENTED_EDGE('',*,*,#2346,.F.);
#3153=ORIENTED_EDGE('',*,*,#2345,.T.);
#3154=ORIENTED_EDGE('',*,*,#2347,.F.);
#3155=ORIENTED_EDGE('',*,*,#2348,.F.);
#3156=ORIENTED_EDGE('',*,*,#2349,.F.);
#3157=ORIENTED_EDGE('',*,*,#2348,.T.);
#3158=ORIENTED_EDGE('',*,*,#2350,.F.);
#3159=ORIENTED_EDGE('',*,*,#2351,.F.);
#3160=ORIENTED_EDGE('',*,*,#2352,.F.);
#3161=ORIENTED_EDGE('',*,*,#2351,.T.);
#3162=ORIENTED_EDGE('',*,*,#2353,.F.);
#3163=ORIENTED_EDGE('',*,*,#2334,.F.);
#3164=ORIENTED_EDGE('',*,*,#2354,.F.);
#3165=ORIENTED_EDGE('',*,*,#2355,.T.);
#3166=ORIENTED_EDGE('',*,*,#2356,.F.);
#3167=ORIENTED_EDGE('',*,*,#2357,.F.);
#3168=ORIENTED_EDGE('',*,*,#2358,.F.);
#3169=ORIENTED_EDGE('',*,*,#2357,.T.);
#3170=ORIENTED_EDGE('',*,*,#2359,.F.);
#3171=ORIENTED_EDGE('',*,*,#2360,.F.);
#3172=ORIENTED_EDGE('',*,*,#2361,.F.);
#3173=ORIENTED_EDGE('',*,*,#2360,.T.);
#3174=ORIENTED_EDGE('',*,*,#2362,.F.);
#3175=ORIENTED_EDGE('',*,*,#2363,.F.);
#3176=ORIENTED_EDGE('',*,*,#2364,.F.);
#3177=ORIENTED_EDGE('',*,*,#2363,.T.);
#3178=ORIENTED_EDGE('',*,*,#2365,.F.);
#3179=ORIENTED_EDGE('',*,*,#2366,.F.);
#3180=ORIENTED_EDGE('',*,*,#2367,.F.);
#3181=ORIENTED_EDGE('',*,*,#2366,.T.);
#3182=ORIENTED_EDGE('',*,*,#2368,.F.);
#3183=ORIENTED_EDGE('',*,*,#2369,.F.);
#3184=ORIENTED_EDGE('',*,*,#2370,.F.);
#3185=ORIENTED_EDGE('',*,*,#2369,.T.);
#3186=ORIENTED_EDGE('',*,*,#2371,.F.);
#3187=ORIENTED_EDGE('',*,*,#2355,.F.);
#3188=ORIENTED_EDGE('',*,*,#2372,.F.);
#3189=ORIENTED_EDGE('',*,*,#2373,.T.);
#3190=ORIENTED_EDGE('',*,*,#2374,.F.);
#3191=ORIENTED_EDGE('',*,*,#2375,.F.);
#3192=ORIENTED_EDGE('',*,*,#2376,.F.);
#3193=ORIENTED_EDGE('',*,*,#2375,.T.);
#3194=ORIENTED_EDGE('',*,*,#2377,.F.);
#3195=ORIENTED_EDGE('',*,*,#2378,.F.);
#3196=ORIENTED_EDGE('',*,*,#2379,.F.);
#3197=ORIENTED_EDGE('',*,*,#2378,.T.);
#3198=ORIENTED_EDGE('',*,*,#2380,.F.);
#3199=ORIENTED_EDGE('',*,*,#2381,.F.);
#3200=ORIENTED_EDGE('',*,*,#2382,.F.);
#3201=ORIENTED_EDGE('',*,*,#2381,.T.);
#3202=ORIENTED_EDGE('',*,*,#2383,.F.);
#3203=ORIENTED_EDGE('',*,*,#2384,.F.);
#3204=ORIENTED_EDGE('',*,*,#2385,.F.);
#3205=ORIENTED_EDGE('',*,*,#2384,.T.);
#3206=ORIENTED_EDGE('',*,*,#2386,.F.);
#3207=ORIENTED_EDGE('',*,*,#2387,.F.);
#3208=ORIENTED_EDGE('',*,*,#2388,.F.);
#3209=ORIENTED_EDGE('',*,*,#2387,.T.);
#3210=ORIENTED_EDGE('',*,*,#2389,.F.);
#3211=ORIENTED_EDGE('',*,*,#2390,.F.);
#3212=ORIENTED_EDGE('',*,*,#2391,.F.);
#3213=ORIENTED_EDGE('',*,*,#2390,.T.);
#3214=ORIENTED_EDGE('',*,*,#2392,.F.);
#3215=ORIENTED_EDGE('',*,*,#2393,.F.);
#3216=ORIENTED_EDGE('',*,*,#2394,.F.);
#3217=ORIENTED_EDGE('',*,*,#2393,.T.);
#3218=ORIENTED_EDGE('',*,*,#2395,.F.);
#3219=ORIENTED_EDGE('',*,*,#2396,.F.);
#3220=ORIENTED_EDGE('',*,*,#2397,.F.);
#3221=ORIENTED_EDGE('',*,*,#2396,.T.);
#3222=ORIENTED_EDGE('',*,*,#2398,.F.);
#3223=ORIENTED_EDGE('',*,*,#2399,.F.);
#3224=ORIENTED_EDGE('',*,*,#2400,.F.);
#3225=ORIENTED_EDGE('',*,*,#2399,.T.);
#3226=ORIENTED_EDGE('',*,*,#2401,.F.);
#3227=ORIENTED_EDGE('',*,*,#2402,.F.);
#3228=ORIENTED_EDGE('',*,*,#2403,.F.);
#3229=ORIENTED_EDGE('',*,*,#2402,.T.);
#3230=ORIENTED_EDGE('',*,*,#2404,.F.);
#3231=ORIENTED_EDGE('',*,*,#2405,.F.);
#3232=ORIENTED_EDGE('',*,*,#2406,.F.);
#3233=ORIENTED_EDGE('',*,*,#2405,.T.);
#3234=ORIENTED_EDGE('',*,*,#2407,.F.);
#3235=ORIENTED_EDGE('',*,*,#2408,.F.);
#3236=ORIENTED_EDGE('',*,*,#2409,.F.);
#3237=ORIENTED_EDGE('',*,*,#2408,.T.);
#3238=ORIENTED_EDGE('',*,*,#2410,.F.);
#3239=ORIENTED_EDGE('',*,*,#2411,.F.);
#3240=ORIENTED_EDGE('',*,*,#2412,.F.);
#3241=ORIENTED_EDGE('',*,*,#2411,.T.);
#3242=ORIENTED_EDGE('',*,*,#2413,.F.);
#3243=ORIENTED_EDGE('',*,*,#2373,.F.);
#3244=ORIENTED_EDGE('',*,*,#2413,.T.);
#3245=ORIENTED_EDGE('',*,*,#2410,.T.);
#3246=ORIENTED_EDGE('',*,*,#2407,.T.);
#3247=ORIENTED_EDGE('',*,*,#2404,.T.);
#3248=ORIENTED_EDGE('',*,*,#2401,.T.);
#3249=ORIENTED_EDGE('',*,*,#2398,.T.);
#3250=ORIENTED_EDGE('',*,*,#2395,.T.);
#3251=ORIENTED_EDGE('',*,*,#2392,.T.);
#3252=ORIENTED_EDGE('',*,*,#2389,.T.);
#3253=ORIENTED_EDGE('',*,*,#2386,.T.);
#3254=ORIENTED_EDGE('',*,*,#2383,.T.);
#3255=ORIENTED_EDGE('',*,*,#2380,.T.);
#3256=ORIENTED_EDGE('',*,*,#2377,.T.);
#3257=ORIENTED_EDGE('',*,*,#2374,.T.);
#3258=ORIENTED_EDGE('',*,*,#2371,.T.);
#3259=ORIENTED_EDGE('',*,*,#2368,.T.);
#3260=ORIENTED_EDGE('',*,*,#2365,.T.);
#3261=ORIENTED_EDGE('',*,*,#2362,.T.);
#3262=ORIENTED_EDGE('',*,*,#2359,.T.);
#3263=ORIENTED_EDGE('',*,*,#2356,.T.);
#3264=ORIENTED_EDGE('',*,*,#2353,.T.);
#3265=ORIENTED_EDGE('',*,*,#2350,.T.);
#3266=ORIENTED_EDGE('',*,*,#2347,.T.);
#3267=ORIENTED_EDGE('',*,*,#2344,.T.);
#3268=ORIENTED_EDGE('',*,*,#2341,.T.);
#3269=ORIENTED_EDGE('',*,*,#2338,.T.);
#3270=ORIENTED_EDGE('',*,*,#2335,.T.);
#3271=ORIENTED_EDGE('',*,*,#2354,.T.);
#3272=ORIENTED_EDGE('',*,*,#2358,.T.);
#3273=ORIENTED_EDGE('',*,*,#2361,.T.);
#3274=ORIENTED_EDGE('',*,*,#2364,.T.);
#3275=ORIENTED_EDGE('',*,*,#2367,.T.);
#3276=ORIENTED_EDGE('',*,*,#2370,.T.);
#3277=ORIENTED_EDGE('',*,*,#2333,.T.);
#3278=ORIENTED_EDGE('',*,*,#2337,.T.);
#3279=ORIENTED_EDGE('',*,*,#2340,.T.);
#3280=ORIENTED_EDGE('',*,*,#2343,.T.);
#3281=ORIENTED_EDGE('',*,*,#2346,.T.);
#3282=ORIENTED_EDGE('',*,*,#2349,.T.);
#3283=ORIENTED_EDGE('',*,*,#2352,.T.);
#3284=ORIENTED_EDGE('',*,*,#2414,.F.);
#3285=ORIENTED_EDGE('',*,*,#2415,.T.);
#3286=ORIENTED_EDGE('',*,*,#2416,.F.);
#3287=ORIENTED_EDGE('',*,*,#2417,.F.);
#3288=ORIENTED_EDGE('',*,*,#2418,.F.);
#3289=ORIENTED_EDGE('',*,*,#2417,.T.);
#3290=ORIENTED_EDGE('',*,*,#2419,.F.);
#3291=ORIENTED_EDGE('',*,*,#2420,.F.);
#3292=ORIENTED_EDGE('',*,*,#2421,.F.);
#3293=ORIENTED_EDGE('',*,*,#2420,.T.);
#3294=ORIENTED_EDGE('',*,*,#2422,.F.);
#3295=ORIENTED_EDGE('',*,*,#2423,.F.);
#3296=ORIENTED_EDGE('',*,*,#2424,.F.);
#3297=ORIENTED_EDGE('',*,*,#2423,.T.);
#3298=ORIENTED_EDGE('',*,*,#2425,.F.);
#3299=ORIENTED_EDGE('',*,*,#2426,.F.);
#3300=ORIENTED_EDGE('',*,*,#2427,.F.);
#3301=ORIENTED_EDGE('',*,*,#2426,.T.);
#3302=ORIENTED_EDGE('',*,*,#2428,.F.);
#3303=ORIENTED_EDGE('',*,*,#2429,.F.);
#3304=ORIENTED_EDGE('',*,*,#2430,.F.);
#3305=ORIENTED_EDGE('',*,*,#2429,.T.);
#3306=ORIENTED_EDGE('',*,*,#2431,.F.);
#3307=ORIENTED_EDGE('',*,*,#2432,.F.);
#3308=ORIENTED_EDGE('',*,*,#2433,.F.);
#3309=ORIENTED_EDGE('',*,*,#2432,.T.);
#3310=ORIENTED_EDGE('',*,*,#2434,.F.);
#3311=ORIENTED_EDGE('',*,*,#2435,.F.);
#3312=ORIENTED_EDGE('',*,*,#2436,.F.);
#3313=ORIENTED_EDGE('',*,*,#2435,.T.);
#3314=ORIENTED_EDGE('',*,*,#2437,.F.);
#3315=ORIENTED_EDGE('',*,*,#2438,.F.);
#3316=ORIENTED_EDGE('',*,*,#2439,.F.);
#3317=ORIENTED_EDGE('',*,*,#2438,.T.);
#3318=ORIENTED_EDGE('',*,*,#2440,.F.);
#3319=ORIENTED_EDGE('',*,*,#2441,.F.);
#3320=ORIENTED_EDGE('',*,*,#2442,.F.);
#3321=ORIENTED_EDGE('',*,*,#2441,.T.);
#3322=ORIENTED_EDGE('',*,*,#2443,.F.);
#3323=ORIENTED_EDGE('',*,*,#2444,.F.);
#3324=ORIENTED_EDGE('',*,*,#2445,.F.);
#3325=ORIENTED_EDGE('',*,*,#2444,.T.);
#3326=ORIENTED_EDGE('',*,*,#2446,.F.);
#3327=ORIENTED_EDGE('',*,*,#2447,.F.);
#3328=ORIENTED_EDGE('',*,*,#2448,.F.);
#3329=ORIENTED_EDGE('',*,*,#2447,.T.);
#3330=ORIENTED_EDGE('',*,*,#2449,.F.);
#3331=ORIENTED_EDGE('',*,*,#2450,.F.);
#3332=ORIENTED_EDGE('',*,*,#2451,.F.);
#3333=ORIENTED_EDGE('',*,*,#2450,.T.);
#3334=ORIENTED_EDGE('',*,*,#2452,.F.);
#3335=ORIENTED_EDGE('',*,*,#2453,.F.);
#3336=ORIENTED_EDGE('',*,*,#2454,.F.);
#3337=ORIENTED_EDGE('',*,*,#2453,.T.);
#3338=ORIENTED_EDGE('',*,*,#2455,.F.);
#3339=ORIENTED_EDGE('',*,*,#2456,.F.);
#3340=ORIENTED_EDGE('',*,*,#2457,.F.);
#3341=ORIENTED_EDGE('',*,*,#2456,.T.);
#3342=ORIENTED_EDGE('',*,*,#2458,.F.);
#3343=ORIENTED_EDGE('',*,*,#2459,.F.);
#3344=ORIENTED_EDGE('',*,*,#2460,.F.);
#3345=ORIENTED_EDGE('',*,*,#2459,.T.);
#3346=ORIENTED_EDGE('',*,*,#2461,.F.);
#3347=ORIENTED_EDGE('',*,*,#2462,.F.);
#3348=ORIENTED_EDGE('',*,*,#2463,.F.);
#3349=ORIENTED_EDGE('',*,*,#2462,.T.);
#3350=ORIENTED_EDGE('',*,*,#2464,.F.);
#3351=ORIENTED_EDGE('',*,*,#2465,.F.);
#3352=ORIENTED_EDGE('',*,*,#2466,.F.);
#3353=ORIENTED_EDGE('',*,*,#2465,.T.);
#3354=ORIENTED_EDGE('',*,*,#2467,.F.);
#3355=ORIENTED_EDGE('',*,*,#2468,.F.);
#3356=ORIENTED_EDGE('',*,*,#2469,.F.);
#3357=ORIENTED_EDGE('',*,*,#2468,.T.);
#3358=ORIENTED_EDGE('',*,*,#2470,.F.);
#3359=ORIENTED_EDGE('',*,*,#2471,.F.);
#3360=ORIENTED_EDGE('',*,*,#2472,.F.);
#3361=ORIENTED_EDGE('',*,*,#2471,.T.);
#3362=ORIENTED_EDGE('',*,*,#2473,.F.);
#3363=ORIENTED_EDGE('',*,*,#2474,.F.);
#3364=ORIENTED_EDGE('',*,*,#2475,.F.);
#3365=ORIENTED_EDGE('',*,*,#2474,.T.);
#3366=ORIENTED_EDGE('',*,*,#2476,.F.);
#3367=ORIENTED_EDGE('',*,*,#2477,.F.);
#3368=ORIENTED_EDGE('',*,*,#2478,.F.);
#3369=ORIENTED_EDGE('',*,*,#2477,.T.);
#3370=ORIENTED_EDGE('',*,*,#2479,.F.);
#3371=ORIENTED_EDGE('',*,*,#2480,.F.);
#3372=ORIENTED_EDGE('',*,*,#2481,.F.);
#3373=ORIENTED_EDGE('',*,*,#2480,.T.);
#3374=ORIENTED_EDGE('',*,*,#2482,.F.);
#3375=ORIENTED_EDGE('',*,*,#2483,.F.);
#3376=ORIENTED_EDGE('',*,*,#2484,.F.);
#3377=ORIENTED_EDGE('',*,*,#2483,.T.);
#3378=ORIENTED_EDGE('',*,*,#2485,.F.);
#3379=ORIENTED_EDGE('',*,*,#2486,.F.);
#3380=ORIENTED_EDGE('',*,*,#2487,.F.);
#3381=ORIENTED_EDGE('',*,*,#2486,.T.);
#3382=ORIENTED_EDGE('',*,*,#2488,.F.);
#3383=ORIENTED_EDGE('',*,*,#2489,.F.);
#3384=ORIENTED_EDGE('',*,*,#2490,.F.);
#3385=ORIENTED_EDGE('',*,*,#2489,.T.);
#3386=ORIENTED_EDGE('',*,*,#2491,.F.);
#3387=ORIENTED_EDGE('',*,*,#2492,.F.);
#3388=ORIENTED_EDGE('',*,*,#2493,.F.);
#3389=ORIENTED_EDGE('',*,*,#2492,.T.);
#3390=ORIENTED_EDGE('',*,*,#2494,.F.);
#3391=ORIENTED_EDGE('',*,*,#2495,.F.);
#3392=ORIENTED_EDGE('',*,*,#2496,.F.);
#3393=ORIENTED_EDGE('',*,*,#2495,.T.);
#3394=ORIENTED_EDGE('',*,*,#2497,.F.);
#3395=ORIENTED_EDGE('',*,*,#2498,.F.);
#3396=ORIENTED_EDGE('',*,*,#2499,.F.);
#3397=ORIENTED_EDGE('',*,*,#2498,.T.);
#3398=ORIENTED_EDGE('',*,*,#2500,.F.);
#3399=ORIENTED_EDGE('',*,*,#2501,.F.);
#3400=ORIENTED_EDGE('',*,*,#2502,.F.);
#3401=ORIENTED_EDGE('',*,*,#2501,.T.);
#3402=ORIENTED_EDGE('',*,*,#2503,.F.);
#3403=ORIENTED_EDGE('',*,*,#2504,.F.);
#3404=ORIENTED_EDGE('',*,*,#2505,.F.);
#3405=ORIENTED_EDGE('',*,*,#2504,.T.);
#3406=ORIENTED_EDGE('',*,*,#2506,.F.);
#3407=ORIENTED_EDGE('',*,*,#2507,.F.);
#3408=ORIENTED_EDGE('',*,*,#2508,.F.);
#3409=ORIENTED_EDGE('',*,*,#2507,.T.);
#3410=ORIENTED_EDGE('',*,*,#2509,.F.);
#3411=ORIENTED_EDGE('',*,*,#2510,.F.);
#3412=ORIENTED_EDGE('',*,*,#2511,.F.);
#3413=ORIENTED_EDGE('',*,*,#2510,.T.);
#3414=ORIENTED_EDGE('',*,*,#2512,.F.);
#3415=ORIENTED_EDGE('',*,*,#2513,.F.);
#3416=ORIENTED_EDGE('',*,*,#2514,.F.);
#3417=ORIENTED_EDGE('',*,*,#2513,.T.);
#3418=ORIENTED_EDGE('',*,*,#2515,.F.);
#3419=ORIENTED_EDGE('',*,*,#2516,.F.);
#3420=ORIENTED_EDGE('',*,*,#2517,.F.);
#3421=ORIENTED_EDGE('',*,*,#2516,.T.);
#3422=ORIENTED_EDGE('',*,*,#2518,.F.);
#3423=ORIENTED_EDGE('',*,*,#2415,.F.);
#3424=ORIENTED_EDGE('',*,*,#2518,.T.);
#3425=ORIENTED_EDGE('',*,*,#2515,.T.);
#3426=ORIENTED_EDGE('',*,*,#2512,.T.);
#3427=ORIENTED_EDGE('',*,*,#2509,.T.);
#3428=ORIENTED_EDGE('',*,*,#2506,.T.);
#3429=ORIENTED_EDGE('',*,*,#2503,.T.);
#3430=ORIENTED_EDGE('',*,*,#2500,.T.);
#3431=ORIENTED_EDGE('',*,*,#2497,.T.);
#3432=ORIENTED_EDGE('',*,*,#2494,.T.);
#3433=ORIENTED_EDGE('',*,*,#2491,.T.);
#3434=ORIENTED_EDGE('',*,*,#2488,.T.);
#3435=ORIENTED_EDGE('',*,*,#2485,.T.);
#3436=ORIENTED_EDGE('',*,*,#2482,.T.);
#3437=ORIENTED_EDGE('',*,*,#2479,.T.);
#3438=ORIENTED_EDGE('',*,*,#2476,.T.);
#3439=ORIENTED_EDGE('',*,*,#2473,.T.);
#3440=ORIENTED_EDGE('',*,*,#2470,.T.);
#3441=ORIENTED_EDGE('',*,*,#2467,.T.);
#3442=ORIENTED_EDGE('',*,*,#2464,.T.);
#3443=ORIENTED_EDGE('',*,*,#2461,.T.);
#3444=ORIENTED_EDGE('',*,*,#2458,.T.);
#3445=ORIENTED_EDGE('',*,*,#2455,.T.);
#3446=ORIENTED_EDGE('',*,*,#2452,.T.);
#3447=ORIENTED_EDGE('',*,*,#2449,.T.);
#3448=ORIENTED_EDGE('',*,*,#2446,.T.);
#3449=ORIENTED_EDGE('',*,*,#2443,.T.);
#3450=ORIENTED_EDGE('',*,*,#2440,.T.);
#3451=ORIENTED_EDGE('',*,*,#2437,.T.);
#3452=ORIENTED_EDGE('',*,*,#2434,.T.);
#3453=ORIENTED_EDGE('',*,*,#2431,.T.);
#3454=ORIENTED_EDGE('',*,*,#2428,.T.);
#3455=ORIENTED_EDGE('',*,*,#2425,.T.);
#3456=ORIENTED_EDGE('',*,*,#2422,.T.);
#3457=ORIENTED_EDGE('',*,*,#2419,.T.);
#3458=ORIENTED_EDGE('',*,*,#2416,.T.);
#3459=ORIENTED_EDGE('',*,*,#2519,.F.);
#3460=ORIENTED_EDGE('',*,*,#2520,.T.);
#3461=ORIENTED_EDGE('',*,*,#2521,.F.);
#3462=ORIENTED_EDGE('',*,*,#2522,.F.);
#3463=ORIENTED_EDGE('',*,*,#2523,.F.);
#3464=ORIENTED_EDGE('',*,*,#2522,.T.);
#3465=ORIENTED_EDGE('',*,*,#2524,.F.);
#3466=ORIENTED_EDGE('',*,*,#2525,.F.);
#3467=ORIENTED_EDGE('',*,*,#2526,.F.);
#3468=ORIENTED_EDGE('',*,*,#2525,.T.);
#3469=ORIENTED_EDGE('',*,*,#2527,.F.);
#3470=ORIENTED_EDGE('',*,*,#2528,.F.);
#3471=ORIENTED_EDGE('',*,*,#2529,.F.);
#3472=ORIENTED_EDGE('',*,*,#2528,.T.);
#3473=ORIENTED_EDGE('',*,*,#2530,.F.);
#3474=ORIENTED_EDGE('',*,*,#2531,.F.);
#3475=ORIENTED_EDGE('',*,*,#2532,.F.);
#3476=ORIENTED_EDGE('',*,*,#2531,.T.);
#3477=ORIENTED_EDGE('',*,*,#2533,.F.);
#3478=ORIENTED_EDGE('',*,*,#2534,.F.);
#3479=ORIENTED_EDGE('',*,*,#2535,.F.);
#3480=ORIENTED_EDGE('',*,*,#2534,.T.);
#3481=ORIENTED_EDGE('',*,*,#2536,.F.);
#3482=ORIENTED_EDGE('',*,*,#2537,.F.);
#3483=ORIENTED_EDGE('',*,*,#2538,.F.);
#3484=ORIENTED_EDGE('',*,*,#2537,.T.);
#3485=ORIENTED_EDGE('',*,*,#2539,.F.);
#3486=ORIENTED_EDGE('',*,*,#2540,.F.);
#3487=ORIENTED_EDGE('',*,*,#2541,.F.);
#3488=ORIENTED_EDGE('',*,*,#2540,.T.);
#3489=ORIENTED_EDGE('',*,*,#2542,.F.);
#3490=ORIENTED_EDGE('',*,*,#2543,.F.);
#3491=ORIENTED_EDGE('',*,*,#2544,.F.);
#3492=ORIENTED_EDGE('',*,*,#2543,.T.);
#3493=ORIENTED_EDGE('',*,*,#2545,.F.);
#3494=ORIENTED_EDGE('',*,*,#2546,.F.);
#3495=ORIENTED_EDGE('',*,*,#2547,.F.);
#3496=ORIENTED_EDGE('',*,*,#2546,.T.);
#3497=ORIENTED_EDGE('',*,*,#2548,.F.);
#3498=ORIENTED_EDGE('',*,*,#2549,.F.);
#3499=ORIENTED_EDGE('',*,*,#2550,.F.);
#3500=ORIENTED_EDGE('',*,*,#2549,.T.);
#3501=ORIENTED_EDGE('',*,*,#2551,.F.);
#3502=ORIENTED_EDGE('',*,*,#2520,.F.);
#3503=ORIENTED_EDGE('',*,*,#2551,.T.);
#3504=ORIENTED_EDGE('',*,*,#2548,.T.);
#3505=ORIENTED_EDGE('',*,*,#2545,.T.);
#3506=ORIENTED_EDGE('',*,*,#2542,.T.);
#3507=ORIENTED_EDGE('',*,*,#2539,.T.);
#3508=ORIENTED_EDGE('',*,*,#2536,.T.);
#3509=ORIENTED_EDGE('',*,*,#2533,.T.);
#3510=ORIENTED_EDGE('',*,*,#2530,.T.);
#3511=ORIENTED_EDGE('',*,*,#2527,.T.);
#3512=ORIENTED_EDGE('',*,*,#2524,.T.);
#3513=ORIENTED_EDGE('',*,*,#2521,.T.);
#3514=ORIENTED_EDGE('',*,*,#2552,.F.);
#3515=ORIENTED_EDGE('',*,*,#2553,.T.);
#3516=ORIENTED_EDGE('',*,*,#2554,.F.);
#3517=ORIENTED_EDGE('',*,*,#2555,.F.);
#3518=ORIENTED_EDGE('',*,*,#2556,.F.);
#3519=ORIENTED_EDGE('',*,*,#2555,.T.);
#3520=ORIENTED_EDGE('',*,*,#2557,.F.);
#3521=ORIENTED_EDGE('',*,*,#2558,.F.);
#3522=ORIENTED_EDGE('',*,*,#2559,.F.);
#3523=ORIENTED_EDGE('',*,*,#2558,.T.);
#3524=ORIENTED_EDGE('',*,*,#2560,.F.);
#3525=ORIENTED_EDGE('',*,*,#2561,.F.);
#3526=ORIENTED_EDGE('',*,*,#2562,.F.);
#3527=ORIENTED_EDGE('',*,*,#2561,.T.);
#3528=ORIENTED_EDGE('',*,*,#2563,.F.);
#3529=ORIENTED_EDGE('',*,*,#2553,.F.);
#3530=ORIENTED_EDGE('',*,*,#2563,.T.);
#3531=ORIENTED_EDGE('',*,*,#2560,.T.);
#3532=ORIENTED_EDGE('',*,*,#2557,.T.);
#3533=ORIENTED_EDGE('',*,*,#2554,.T.);
#3534=ORIENTED_EDGE('',*,*,#2564,.F.);
#3535=ORIENTED_EDGE('',*,*,#2565,.T.);
#3536=ORIENTED_EDGE('',*,*,#2566,.F.);
#3537=ORIENTED_EDGE('',*,*,#2567,.F.);
#3538=ORIENTED_EDGE('',*,*,#2568,.F.);
#3539=ORIENTED_EDGE('',*,*,#2567,.T.);
#3540=ORIENTED_EDGE('',*,*,#2569,.F.);
#3541=ORIENTED_EDGE('',*,*,#2570,.F.);
#3542=ORIENTED_EDGE('',*,*,#2571,.F.);
#3543=ORIENTED_EDGE('',*,*,#2570,.T.);
#3544=ORIENTED_EDGE('',*,*,#2572,.F.);
#3545=ORIENTED_EDGE('',*,*,#2573,.F.);
#3546=ORIENTED_EDGE('',*,*,#2574,.F.);
#3547=ORIENTED_EDGE('',*,*,#2573,.T.);
#3548=ORIENTED_EDGE('',*,*,#2575,.F.);
#3549=ORIENTED_EDGE('',*,*,#2576,.F.);
#3550=ORIENTED_EDGE('',*,*,#2577,.F.);
#3551=ORIENTED_EDGE('',*,*,#2576,.T.);
#3552=ORIENTED_EDGE('',*,*,#2578,.F.);
#3553=ORIENTED_EDGE('',*,*,#2579,.F.);
#3554=ORIENTED_EDGE('',*,*,#2580,.F.);
#3555=ORIENTED_EDGE('',*,*,#2581,.T.);
#3556=ORIENTED_EDGE('',*,*,#2582,.F.);
#3557=ORIENTED_EDGE('',*,*,#2565,.F.);
#3558=ORIENTED_EDGE('',*,*,#2583,.F.);
#3559=ORIENTED_EDGE('',*,*,#2584,.T.);
#3560=ORIENTED_EDGE('',*,*,#2585,.F.);
#3561=ORIENTED_EDGE('',*,*,#2581,.F.);
#3562=ORIENTED_EDGE('',*,*,#2586,.F.);
#3563=ORIENTED_EDGE('',*,*,#2579,.T.);
#3564=ORIENTED_EDGE('',*,*,#2587,.F.);
#3565=ORIENTED_EDGE('',*,*,#2584,.F.);
#3566=ORIENTED_EDGE('',*,*,#2588,.F.);
#3567=ORIENTED_EDGE('',*,*,#2589,.T.);
#3568=ORIENTED_EDGE('',*,*,#2590,.F.);
#3569=ORIENTED_EDGE('',*,*,#2591,.F.);
#3570=ORIENTED_EDGE('',*,*,#2592,.F.);
#3571=ORIENTED_EDGE('',*,*,#2591,.T.);
#3572=ORIENTED_EDGE('',*,*,#2593,.F.);
#3573=ORIENTED_EDGE('',*,*,#2594,.F.);
#3574=ORIENTED_EDGE('',*,*,#2595,.F.);
#3575=ORIENTED_EDGE('',*,*,#2594,.T.);
#3576=ORIENTED_EDGE('',*,*,#2596,.F.);
#3577=ORIENTED_EDGE('',*,*,#2597,.F.);
#3578=ORIENTED_EDGE('',*,*,#2598,.F.);
#3579=ORIENTED_EDGE('',*,*,#2597,.T.);
#3580=ORIENTED_EDGE('',*,*,#2599,.F.);
#3581=ORIENTED_EDGE('',*,*,#2600,.F.);
#3582=ORIENTED_EDGE('',*,*,#2601,.F.);
#3583=ORIENTED_EDGE('',*,*,#2600,.T.);
#3584=ORIENTED_EDGE('',*,*,#2602,.F.);
#3585=ORIENTED_EDGE('',*,*,#2603,.F.);
#3586=ORIENTED_EDGE('',*,*,#2604,.F.);
#3587=ORIENTED_EDGE('',*,*,#2605,.T.);
#3588=ORIENTED_EDGE('',*,*,#2606,.F.);
#3589=ORIENTED_EDGE('',*,*,#2589,.F.);
#3590=ORIENTED_EDGE('',*,*,#2607,.F.);
#3591=ORIENTED_EDGE('',*,*,#2608,.T.);
#3592=ORIENTED_EDGE('',*,*,#2609,.F.);
#3593=ORIENTED_EDGE('',*,*,#2605,.F.);
#3594=ORIENTED_EDGE('',*,*,#2610,.F.);
#3595=ORIENTED_EDGE('',*,*,#2603,.T.);
#3596=ORIENTED_EDGE('',*,*,#2611,.F.);
#3597=ORIENTED_EDGE('',*,*,#2608,.F.);
#3598=ORIENTED_EDGE('',*,*,#2612,.F.);
#3599=ORIENTED_EDGE('',*,*,#2613,.T.);
#3600=ORIENTED_EDGE('',*,*,#2614,.F.);
#3601=ORIENTED_EDGE('',*,*,#2615,.F.);
#3602=ORIENTED_EDGE('',*,*,#2616,.F.);
#3603=ORIENTED_EDGE('',*,*,#2615,.T.);
#3604=ORIENTED_EDGE('',*,*,#2617,.F.);
#3605=ORIENTED_EDGE('',*,*,#2618,.F.);
#3606=ORIENTED_EDGE('',*,*,#2619,.F.);
#3607=ORIENTED_EDGE('',*,*,#2618,.T.);
#3608=ORIENTED_EDGE('',*,*,#2620,.F.);
#3609=ORIENTED_EDGE('',*,*,#2621,.F.);
#3610=ORIENTED_EDGE('',*,*,#2622,.F.);
#3611=ORIENTED_EDGE('',*,*,#2621,.T.);
#3612=ORIENTED_EDGE('',*,*,#2623,.F.);
#3613=ORIENTED_EDGE('',*,*,#2613,.F.);
#3614=ORIENTED_EDGE('',*,*,#2624,.F.);
#3615=ORIENTED_EDGE('',*,*,#2625,.T.);
#3616=ORIENTED_EDGE('',*,*,#2626,.F.);
#3617=ORIENTED_EDGE('',*,*,#2627,.F.);
#3618=ORIENTED_EDGE('',*,*,#2628,.F.);
#3619=ORIENTED_EDGE('',*,*,#2627,.T.);
#3620=ORIENTED_EDGE('',*,*,#2629,.F.);
#3621=ORIENTED_EDGE('',*,*,#2630,.F.);
#3622=ORIENTED_EDGE('',*,*,#2631,.F.);
#3623=ORIENTED_EDGE('',*,*,#2630,.T.);
#3624=ORIENTED_EDGE('',*,*,#2632,.F.);
#3625=ORIENTED_EDGE('',*,*,#2633,.F.);
#3626=ORIENTED_EDGE('',*,*,#2634,.F.);
#3627=ORIENTED_EDGE('',*,*,#2633,.T.);
#3628=ORIENTED_EDGE('',*,*,#2635,.F.);
#3629=ORIENTED_EDGE('',*,*,#2625,.F.);
#3630=ORIENTED_EDGE('',*,*,#2636,.F.);
#3631=ORIENTED_EDGE('',*,*,#2637,.T.);
#3632=ORIENTED_EDGE('',*,*,#2638,.F.);
#3633=ORIENTED_EDGE('',*,*,#2639,.F.);
#3634=ORIENTED_EDGE('',*,*,#2640,.F.);
#3635=ORIENTED_EDGE('',*,*,#2639,.T.);
#3636=ORIENTED_EDGE('',*,*,#2641,.F.);
#3637=ORIENTED_EDGE('',*,*,#2642,.F.);
#3638=ORIENTED_EDGE('',*,*,#2643,.F.);
#3639=ORIENTED_EDGE('',*,*,#2642,.T.);
#3640=ORIENTED_EDGE('',*,*,#2644,.F.);
#3641=ORIENTED_EDGE('',*,*,#2645,.F.);
#3642=ORIENTED_EDGE('',*,*,#2646,.F.);
#3643=ORIENTED_EDGE('',*,*,#2645,.T.);
#3644=ORIENTED_EDGE('',*,*,#2647,.F.);
#3645=ORIENTED_EDGE('',*,*,#2637,.F.);
#3646=ORIENTED_EDGE('',*,*,#2648,.F.);
#3647=ORIENTED_EDGE('',*,*,#2649,.F.);
#3648=ORIENTED_EDGE('',*,*,#2650,.F.);
#3649=ORIENTED_EDGE('',*,*,#2651,.F.);
#3650=ORIENTED_EDGE('',*,*,#2652,.F.);
#3651=ORIENTED_EDGE('',*,*,#2651,.T.);
#3652=ORIENTED_EDGE('',*,*,#2653,.T.);
#3653=ORIENTED_EDGE('',*,*,#2654,.F.);
#3654=ORIENTED_EDGE('',*,*,#2655,.F.);
#3655=ORIENTED_EDGE('',*,*,#2619,.T.);
#3656=ORIENTED_EDGE('',*,*,#2622,.T.);
#3657=ORIENTED_EDGE('',*,*,#2612,.T.);
#3658=ORIENTED_EDGE('',*,*,#2616,.T.);
#3659=ORIENTED_EDGE('',*,*,#2631,.T.);
#3660=ORIENTED_EDGE('',*,*,#2634,.T.);
#3661=ORIENTED_EDGE('',*,*,#2624,.T.);
#3662=ORIENTED_EDGE('',*,*,#2628,.T.);
#3663=ORIENTED_EDGE('',*,*,#2643,.T.);
#3664=ORIENTED_EDGE('',*,*,#2646,.T.);
#3665=ORIENTED_EDGE('',*,*,#2636,.T.);
#3666=ORIENTED_EDGE('',*,*,#2640,.T.);
#3667=ORIENTED_EDGE('',*,*,#2650,.T.);
#3668=ORIENTED_EDGE('',*,*,#2656,.T.);
#3669=ORIENTED_EDGE('',*,*,#2657,.F.);
#3670=ORIENTED_EDGE('',*,*,#2653,.F.);
#3671=ORIENTED_EDGE('',*,*,#2649,.T.);
#3672=ORIENTED_EDGE('',*,*,#2658,.T.);
#3673=ORIENTED_EDGE('',*,*,#2659,.F.);
#3674=ORIENTED_EDGE('',*,*,#2656,.F.);
#3675=ORIENTED_EDGE('',*,*,#2577,.T.);
#3676=ORIENTED_EDGE('',*,*,#2586,.T.);
#3677=ORIENTED_EDGE('',*,*,#2583,.T.);
#3678=ORIENTED_EDGE('',*,*,#2580,.T.);
#3679=ORIENTED_EDGE('',*,*,#2564,.T.);
#3680=ORIENTED_EDGE('',*,*,#2568,.T.);
#3681=ORIENTED_EDGE('',*,*,#2571,.T.);
#3682=ORIENTED_EDGE('',*,*,#2574,.T.);
#3683=ORIENTED_EDGE('',*,*,#2660,.T.);
#3684=ORIENTED_EDGE('',*,*,#2661,.T.);
#3685=ORIENTED_EDGE('',*,*,#2662,.T.);
#3686=ORIENTED_EDGE('',*,*,#2663,.T.);
#3687=ORIENTED_EDGE('',*,*,#2664,.T.);
#3688=ORIENTED_EDGE('',*,*,#2665,.T.);
#3689=ORIENTED_EDGE('',*,*,#2666,.T.);
#3690=ORIENTED_EDGE('',*,*,#2654,.T.);
#3691=ORIENTED_EDGE('',*,*,#2657,.T.);
#3692=ORIENTED_EDGE('',*,*,#2659,.T.);
#3693=ORIENTED_EDGE('',*,*,#2652,.T.);
#3694=ORIENTED_EDGE('',*,*,#2655,.T.);
#3695=ORIENTED_EDGE('',*,*,#2666,.F.);
#3696=ORIENTED_EDGE('',*,*,#2667,.F.);
#3697=ORIENTED_EDGE('',*,*,#2601,.T.);
#3698=ORIENTED_EDGE('',*,*,#2610,.T.);
#3699=ORIENTED_EDGE('',*,*,#2607,.T.);
#3700=ORIENTED_EDGE('',*,*,#2604,.T.);
#3701=ORIENTED_EDGE('',*,*,#2588,.T.);
#3702=ORIENTED_EDGE('',*,*,#2592,.T.);
#3703=ORIENTED_EDGE('',*,*,#2595,.T.);
#3704=ORIENTED_EDGE('',*,*,#2598,.T.);
#3705=ORIENTED_EDGE('',*,*,#2648,.T.);
#3706=ORIENTED_EDGE('',*,*,#2667,.T.);
#3707=ORIENTED_EDGE('',*,*,#2665,.F.);
#3708=ORIENTED_EDGE('',*,*,#2658,.F.);
#3709=ORIENTED_EDGE('',*,*,#2668,.F.);
#3710=ORIENTED_EDGE('',*,*,#2669,.T.);
#3711=ORIENTED_EDGE('',*,*,#2664,.F.);
#3712=ORIENTED_EDGE('',*,*,#2670,.F.);
#3713=ORIENTED_EDGE('',*,*,#2671,.F.);
#3714=ORIENTED_EDGE('',*,*,#2670,.T.);
#3715=ORIENTED_EDGE('',*,*,#2663,.F.);
#3716=ORIENTED_EDGE('',*,*,#2672,.F.);
#3717=ORIENTED_EDGE('',*,*,#2602,.T.);
#3718=ORIENTED_EDGE('',*,*,#2599,.T.);
#3719=ORIENTED_EDGE('',*,*,#2596,.T.);
#3720=ORIENTED_EDGE('',*,*,#2593,.T.);
#3721=ORIENTED_EDGE('',*,*,#2590,.T.);
#3722=ORIENTED_EDGE('',*,*,#2606,.T.);
#3723=ORIENTED_EDGE('',*,*,#2609,.T.);
#3724=ORIENTED_EDGE('',*,*,#2611,.T.);
#3725=ORIENTED_EDGE('',*,*,#2673,.F.);
#3726=ORIENTED_EDGE('',*,*,#2672,.T.);
#3727=ORIENTED_EDGE('',*,*,#2662,.F.);
#3728=ORIENTED_EDGE('',*,*,#2674,.F.);
#3729=ORIENTED_EDGE('',*,*,#2620,.T.);
#3730=ORIENTED_EDGE('',*,*,#2617,.T.);
#3731=ORIENTED_EDGE('',*,*,#2614,.T.);
#3732=ORIENTED_EDGE('',*,*,#2623,.T.);
#3733=ORIENTED_EDGE('',*,*,#2632,.T.);
#3734=ORIENTED_EDGE('',*,*,#2629,.T.);
#3735=ORIENTED_EDGE('',*,*,#2626,.T.);
#3736=ORIENTED_EDGE('',*,*,#2635,.T.);
#3737=ORIENTED_EDGE('',*,*,#2644,.T.);
#3738=ORIENTED_EDGE('',*,*,#2641,.T.);
#3739=ORIENTED_EDGE('',*,*,#2638,.T.);
#3740=ORIENTED_EDGE('',*,*,#2647,.T.);
#3741=ORIENTED_EDGE('',*,*,#2675,.T.);
#3742=ORIENTED_EDGE('',*,*,#2674,.T.);
#3743=ORIENTED_EDGE('',*,*,#2661,.F.);
#3744=ORIENTED_EDGE('',*,*,#2676,.F.);
#3745=ORIENTED_EDGE('',*,*,#2677,.T.);
#3746=ORIENTED_EDGE('',*,*,#2676,.T.);
#3747=ORIENTED_EDGE('',*,*,#2660,.F.);
#3748=ORIENTED_EDGE('',*,*,#2669,.F.);
#3749=ORIENTED_EDGE('',*,*,#2578,.T.);
#3750=ORIENTED_EDGE('',*,*,#2575,.T.);
#3751=ORIENTED_EDGE('',*,*,#2572,.T.);
#3752=ORIENTED_EDGE('',*,*,#2569,.T.);
#3753=ORIENTED_EDGE('',*,*,#2566,.T.);
#3754=ORIENTED_EDGE('',*,*,#2582,.T.);
#3755=ORIENTED_EDGE('',*,*,#2585,.T.);
#3756=ORIENTED_EDGE('',*,*,#2587,.T.);
#3757=ORIENTED_EDGE('',*,*,#2677,.F.);
#3758=ORIENTED_EDGE('',*,*,#2668,.T.);
#3759=ORIENTED_EDGE('',*,*,#2671,.T.);
#3760=ORIENTED_EDGE('',*,*,#2673,.T.);
#3761=ORIENTED_EDGE('',*,*,#2675,.F.);
#3762=ORIENTED_EDGE('',*,*,#2108,.T.);
#3763=ORIENTED_EDGE('',*,*,#2112,.T.);
#3764=ORIENTED_EDGE('',*,*,#2115,.T.);
#3765=ORIENTED_EDGE('',*,*,#2118,.T.);
#3766=ORIENTED_EDGE('',*,*,#2121,.T.);
#3767=ORIENTED_EDGE('',*,*,#2124,.T.);
#3768=ORIENTED_EDGE('',*,*,#2127,.T.);
#3769=ORIENTED_EDGE('',*,*,#2130,.T.);
#3770=ORIENTED_EDGE('',*,*,#2133,.T.);
#3771=ORIENTED_EDGE('',*,*,#2136,.T.);
#3772=ORIENTED_EDGE('',*,*,#2139,.T.);
#3773=ORIENTED_EDGE('',*,*,#2142,.T.);
#3774=ORIENTED_EDGE('',*,*,#2145,.T.);
#3775=ORIENTED_EDGE('',*,*,#2148,.T.);
#3776=ORIENTED_EDGE('',*,*,#2151,.T.);
#3777=ORIENTED_EDGE('',*,*,#2154,.T.);
#3778=ORIENTED_EDGE('',*,*,#2157,.T.);
#3779=ORIENTED_EDGE('',*,*,#2160,.T.);
#3780=ORIENTED_EDGE('',*,*,#2372,.T.);
#3781=ORIENTED_EDGE('',*,*,#2376,.T.);
#3782=ORIENTED_EDGE('',*,*,#2379,.T.);
#3783=ORIENTED_EDGE('',*,*,#2382,.T.);
#3784=ORIENTED_EDGE('',*,*,#2385,.T.);
#3785=ORIENTED_EDGE('',*,*,#2388,.T.);
#3786=ORIENTED_EDGE('',*,*,#2391,.T.);
#3787=ORIENTED_EDGE('',*,*,#2394,.T.);
#3788=ORIENTED_EDGE('',*,*,#2397,.T.);
#3789=ORIENTED_EDGE('',*,*,#2400,.T.);
#3790=ORIENTED_EDGE('',*,*,#2403,.T.);
#3791=ORIENTED_EDGE('',*,*,#2406,.T.);
#3792=ORIENTED_EDGE('',*,*,#2409,.T.);
#3793=ORIENTED_EDGE('',*,*,#2412,.T.);
#3794=ORIENTED_EDGE('',*,*,#2414,.T.);
#3795=ORIENTED_EDGE('',*,*,#2418,.T.);
#3796=ORIENTED_EDGE('',*,*,#2421,.T.);
#3797=ORIENTED_EDGE('',*,*,#2424,.T.);
#3798=ORIENTED_EDGE('',*,*,#2427,.T.);
#3799=ORIENTED_EDGE('',*,*,#2430,.T.);
#3800=ORIENTED_EDGE('',*,*,#2433,.T.);
#3801=ORIENTED_EDGE('',*,*,#2436,.T.);
#3802=ORIENTED_EDGE('',*,*,#2439,.T.);
#3803=ORIENTED_EDGE('',*,*,#2442,.T.);
#3804=ORIENTED_EDGE('',*,*,#2445,.T.);
#3805=ORIENTED_EDGE('',*,*,#2448,.T.);
#3806=ORIENTED_EDGE('',*,*,#2451,.T.);
#3807=ORIENTED_EDGE('',*,*,#2454,.T.);
#3808=ORIENTED_EDGE('',*,*,#2457,.T.);
#3809=ORIENTED_EDGE('',*,*,#2460,.T.);
#3810=ORIENTED_EDGE('',*,*,#2463,.T.);
#3811=ORIENTED_EDGE('',*,*,#2466,.T.);
#3812=ORIENTED_EDGE('',*,*,#2469,.T.);
#3813=ORIENTED_EDGE('',*,*,#2472,.T.);
#3814=ORIENTED_EDGE('',*,*,#2475,.T.);
#3815=ORIENTED_EDGE('',*,*,#2478,.T.);
#3816=ORIENTED_EDGE('',*,*,#2481,.T.);
#3817=ORIENTED_EDGE('',*,*,#2484,.T.);
#3818=ORIENTED_EDGE('',*,*,#2487,.T.);
#3819=ORIENTED_EDGE('',*,*,#2490,.T.);
#3820=ORIENTED_EDGE('',*,*,#2493,.T.);
#3821=ORIENTED_EDGE('',*,*,#2496,.T.);
#3822=ORIENTED_EDGE('',*,*,#2499,.T.);
#3823=ORIENTED_EDGE('',*,*,#2502,.T.);
#3824=ORIENTED_EDGE('',*,*,#2505,.T.);
#3825=ORIENTED_EDGE('',*,*,#2508,.T.);
#3826=ORIENTED_EDGE('',*,*,#2511,.T.);
#3827=ORIENTED_EDGE('',*,*,#2514,.T.);
#3828=ORIENTED_EDGE('',*,*,#2517,.T.);
#3829=ORIENTED_EDGE('',*,*,#2519,.T.);
#3830=ORIENTED_EDGE('',*,*,#2523,.T.);
#3831=ORIENTED_EDGE('',*,*,#2526,.T.);
#3832=ORIENTED_EDGE('',*,*,#2529,.T.);
#3833=ORIENTED_EDGE('',*,*,#2532,.T.);
#3834=ORIENTED_EDGE('',*,*,#2535,.T.);
#3835=ORIENTED_EDGE('',*,*,#2538,.T.);
#3836=ORIENTED_EDGE('',*,*,#2541,.T.);
#3837=ORIENTED_EDGE('',*,*,#2544,.T.);
#3838=ORIENTED_EDGE('',*,*,#2547,.T.);
#3839=ORIENTED_EDGE('',*,*,#2550,.T.);
#3840=ORIENTED_EDGE('',*,*,#2552,.T.);
#3841=ORIENTED_EDGE('',*,*,#2556,.T.);
#3842=ORIENTED_EDGE('',*,*,#2559,.T.);
#3843=ORIENTED_EDGE('',*,*,#2562,.T.);
#3844=ORIENTED_EDGE('',*,*,#2279,.T.);
#3845=ORIENTED_EDGE('',*,*,#2283,.T.);
#3846=ORIENTED_EDGE('',*,*,#2286,.T.);
#3847=ORIENTED_EDGE('',*,*,#2289,.T.);
#3848=ORIENTED_EDGE('',*,*,#2292,.T.);
#3849=ORIENTED_EDGE('',*,*,#2295,.T.);
#3850=ORIENTED_EDGE('',*,*,#2298,.T.);
#3851=ORIENTED_EDGE('',*,*,#2301,.T.);
#3852=ORIENTED_EDGE('',*,*,#2304,.T.);
#3853=ORIENTED_EDGE('',*,*,#2307,.T.);
#3854=ORIENTED_EDGE('',*,*,#2310,.T.);
#3855=ORIENTED_EDGE('',*,*,#2313,.T.);
#3856=ORIENTED_EDGE('',*,*,#2316,.T.);
#3857=ORIENTED_EDGE('',*,*,#2319,.T.);
#3858=ORIENTED_EDGE('',*,*,#2322,.T.);
#3859=ORIENTED_EDGE('',*,*,#2325,.T.);
#3860=ORIENTED_EDGE('',*,*,#2328,.T.);
#3861=ORIENTED_EDGE('',*,*,#2331,.T.);
#3862=ORIENTED_EDGE('',*,*,#2243,.T.);
#3863=ORIENTED_EDGE('',*,*,#2247,.T.);
#3864=ORIENTED_EDGE('',*,*,#2250,.T.);
#3865=ORIENTED_EDGE('',*,*,#2253,.T.);
#3866=ORIENTED_EDGE('',*,*,#2256,.T.);
#3867=ORIENTED_EDGE('',*,*,#2259,.T.);
#3868=ORIENTED_EDGE('',*,*,#2262,.T.);
#3869=ORIENTED_EDGE('',*,*,#2265,.T.);
#3870=ORIENTED_EDGE('',*,*,#2268,.T.);
#3871=ORIENTED_EDGE('',*,*,#2271,.T.);
#3872=ORIENTED_EDGE('',*,*,#2274,.T.);
#3873=ORIENTED_EDGE('',*,*,#2277,.T.);
#3874=ORIENTED_EDGE('',*,*,#2201,.T.);
#3875=ORIENTED_EDGE('',*,*,#2205,.T.);
#3876=ORIENTED_EDGE('',*,*,#2208,.T.);
#3877=ORIENTED_EDGE('',*,*,#2211,.T.);
#3878=ORIENTED_EDGE('',*,*,#2214,.T.);
#3879=ORIENTED_EDGE('',*,*,#2217,.T.);
#3880=ORIENTED_EDGE('',*,*,#2220,.T.);
#3881=ORIENTED_EDGE('',*,*,#2223,.T.);
#3882=ORIENTED_EDGE('',*,*,#2226,.T.);
#3883=ORIENTED_EDGE('',*,*,#2229,.T.);
#3884=ORIENTED_EDGE('',*,*,#2232,.T.);
#3885=ORIENTED_EDGE('',*,*,#2235,.T.);
#3886=ORIENTED_EDGE('',*,*,#2238,.T.);
#3887=ORIENTED_EDGE('',*,*,#2241,.T.);
#3888=ORIENTED_EDGE('',*,*,#2084,.T.);
#3889=ORIENTED_EDGE('',*,*,#2088,.T.);
#3890=ORIENTED_EDGE('',*,*,#2091,.T.);
#3891=ORIENTED_EDGE('',*,*,#2094,.T.);
#3892=ORIENTED_EDGE('',*,*,#2097,.T.);
#3893=ORIENTED_EDGE('',*,*,#2100,.T.);
#3894=ORIENTED_EDGE('',*,*,#2103,.T.);
#3895=ORIENTED_EDGE('',*,*,#2106,.T.);
#3896=ORIENTED_EDGE('',*,*,#2678,.F.);
#3897=ORIENTED_EDGE('',*,*,#2679,.T.);
#3898=ORIENTED_EDGE('',*,*,#2680,.F.);
#3899=ORIENTED_EDGE('',*,*,#2681,.F.);
#3900=ORIENTED_EDGE('',*,*,#2682,.F.);
#3901=ORIENTED_EDGE('',*,*,#2681,.T.);
#3902=ORIENTED_EDGE('',*,*,#2683,.F.);
#3903=ORIENTED_EDGE('',*,*,#2684,.F.);
#3904=ORIENTED_EDGE('',*,*,#2685,.F.);
#3905=ORIENTED_EDGE('',*,*,#2684,.T.);
#3906=ORIENTED_EDGE('',*,*,#2686,.F.);
#3907=ORIENTED_EDGE('',*,*,#2687,.F.);
#3908=ORIENTED_EDGE('',*,*,#2688,.F.);
#3909=ORIENTED_EDGE('',*,*,#2687,.T.);
#3910=ORIENTED_EDGE('',*,*,#2689,.F.);
#3911=ORIENTED_EDGE('',*,*,#2690,.F.);
#3912=ORIENTED_EDGE('',*,*,#2691,.F.);
#3913=ORIENTED_EDGE('',*,*,#2690,.T.);
#3914=ORIENTED_EDGE('',*,*,#2692,.F.);
#3915=ORIENTED_EDGE('',*,*,#2679,.F.);
#3916=ORIENTED_EDGE('',*,*,#2692,.T.);
#3917=ORIENTED_EDGE('',*,*,#2689,.T.);
#3918=ORIENTED_EDGE('',*,*,#2686,.T.);
#3919=ORIENTED_EDGE('',*,*,#2683,.T.);
#3920=ORIENTED_EDGE('',*,*,#2680,.T.);
#3921=ORIENTED_EDGE('',*,*,#2691,.T.);
#3922=ORIENTED_EDGE('',*,*,#2678,.T.);
#3923=ORIENTED_EDGE('',*,*,#2682,.T.);
#3924=ORIENTED_EDGE('',*,*,#2685,.T.);
#3925=ORIENTED_EDGE('',*,*,#2688,.T.);
#3926=ORIENTED_EDGE('',*,*,#2693,.F.);
#3927=ORIENTED_EDGE('',*,*,#2694,.T.);
#3928=ORIENTED_EDGE('',*,*,#2695,.F.);
#3929=ORIENTED_EDGE('',*,*,#2696,.F.);
#3930=ORIENTED_EDGE('',*,*,#2697,.F.);
#3931=ORIENTED_EDGE('',*,*,#2696,.T.);
#3932=ORIENTED_EDGE('',*,*,#2698,.F.);
#3933=ORIENTED_EDGE('',*,*,#2699,.F.);
#3934=ORIENTED_EDGE('',*,*,#2700,.F.);
#3935=ORIENTED_EDGE('',*,*,#2699,.T.);
#3936=ORIENTED_EDGE('',*,*,#2701,.F.);
#3937=ORIENTED_EDGE('',*,*,#2702,.F.);
#3938=ORIENTED_EDGE('',*,*,#2703,.F.);
#3939=ORIENTED_EDGE('',*,*,#2702,.T.);
#3940=ORIENTED_EDGE('',*,*,#2704,.F.);
#3941=ORIENTED_EDGE('',*,*,#2705,.F.);
#3942=ORIENTED_EDGE('',*,*,#2706,.F.);
#3943=ORIENTED_EDGE('',*,*,#2705,.T.);
#3944=ORIENTED_EDGE('',*,*,#2707,.F.);
#3945=ORIENTED_EDGE('',*,*,#2694,.F.);
#3946=ORIENTED_EDGE('',*,*,#2707,.T.);
#3947=ORIENTED_EDGE('',*,*,#2704,.T.);
#3948=ORIENTED_EDGE('',*,*,#2701,.T.);
#3949=ORIENTED_EDGE('',*,*,#2698,.T.);
#3950=ORIENTED_EDGE('',*,*,#2695,.T.);
#3951=ORIENTED_EDGE('',*,*,#2706,.T.);
#3952=ORIENTED_EDGE('',*,*,#2693,.T.);
#3953=ORIENTED_EDGE('',*,*,#2697,.T.);
#3954=ORIENTED_EDGE('',*,*,#2700,.T.);
#3955=ORIENTED_EDGE('',*,*,#2703,.T.);
#3956=PLANE('',#4325);
#3957=PLANE('',#4326);
#3958=PLANE('',#4327);
#3959=PLANE('',#4328);
#3960=PLANE('',#4329);
#3961=PLANE('',#4330);
#3962=PLANE('',#4331);
#3963=PLANE('',#4332);
#3964=PLANE('',#4333);
#3965=PLANE('',#4334);
#3966=PLANE('',#4335);
#3967=PLANE('',#4336);
#3968=PLANE('',#4337);
#3969=PLANE('',#4338);
#3970=PLANE('',#4339);
#3971=PLANE('',#4340);
#3972=PLANE('',#4341);
#3973=PLANE('',#4342);
#3974=PLANE('',#4343);
#3975=PLANE('',#4344);
#3976=PLANE('',#4345);
#3977=PLANE('',#4346);
#3978=PLANE('',#4347);
#3979=PLANE('',#4348);
#3980=PLANE('',#4349);
#3981=PLANE('',#4350);
#3982=PLANE('',#4351);
#3983=PLANE('',#4352);
#3984=PLANE('',#4353);
#3985=PLANE('',#4354);
#3986=PLANE('',#4355);
#3987=PLANE('',#4356);
#3988=PLANE('',#4357);
#3989=PLANE('',#4358);
#3990=PLANE('',#4359);
#3991=PLANE('',#4360);
#3992=PLANE('',#4361);
#3993=PLANE('',#4362);
#3994=PLANE('',#4363);
#3995=PLANE('',#4364);
#3996=PLANE('',#4365);
#3997=PLANE('',#4366);
#3998=PLANE('',#4367);
#3999=PLANE('',#4368);
#4000=PLANE('',#4369);
#4001=PLANE('',#4370);
#4002=PLANE('',#4371);
#4003=PLANE('',#4372);
#4004=PLANE('',#4373);
#4005=PLANE('',#4374);
#4006=PLANE('',#4375);
#4007=PLANE('',#4376);
#4008=PLANE('',#4377);
#4009=PLANE('',#4378);
#4010=PLANE('',#4379);
#4011=PLANE('',#4380);
#4012=PLANE('',#4381);
#4013=PLANE('',#4382);
#4014=PLANE('',#4383);
#4015=PLANE('',#4384);
#4016=PLANE('',#4385);
#4017=PLANE('',#4386);
#4018=PLANE('',#4387);
#4019=PLANE('',#4388);
#4020=PLANE('',#4389);
#4021=PLANE('',#4390);
#4022=PLANE('',#4391);
#4023=PLANE('',#4392);
#4024=PLANE('',#4393);
#4025=PLANE('',#4394);
#4026=PLANE('',#4395);
#4027=PLANE('',#4396);
#4028=PLANE('',#4397);
#4029=PLANE('',#4398);
#4030=PLANE('',#4399);
#4031=PLANE('',#4400);
#4032=PLANE('',#4401);
#4033=PLANE('',#4402);
#4034=PLANE('',#4403);
#4035=PLANE('',#4407);
#4036=PLANE('',#4411);
#4037=PLANE('',#4415);
#4038=PLANE('',#4419);
#4039=PLANE('',#4423);
#4040=PLANE('',#4427);
#4041=PLANE('',#4431);
#4042=PLANE('',#4435);
#4043=PLANE('',#4436);
#4044=PLANE('',#4437);
#4045=PLANE('',#4438);
#4046=PLANE('',#4439);
#4047=PLANE('',#4440);
#4048=PLANE('',#4441);
#4049=PLANE('',#4442);
#4050=PLANE('',#4443);
#4051=PLANE('',#4444);
#4052=PLANE('',#4445);
#4053=PLANE('',#4446);
#4054=PLANE('',#4447);
#4055=PLANE('',#4448);
#4056=PLANE('',#4449);
#4057=PLANE('',#4450);
#4058=PLANE('',#4451);
#4059=PLANE('',#4452);
#4060=PLANE('',#4453);
#4061=PLANE('',#4454);
#4062=PLANE('',#4455);
#4063=PLANE('',#4456);
#4064=PLANE('',#4457);
#4065=PLANE('',#4458);
#4066=PLANE('',#4459);
#4067=PLANE('',#4460);
#4068=PLANE('',#4461);
#4069=PLANE('',#4462);
#4070=PLANE('',#4463);
#4071=PLANE('',#4464);
#4072=PLANE('',#4465);
#4073=PLANE('',#4466);
#4074=PLANE('',#4467);
#4075=PLANE('',#4468);
#4076=PLANE('',#4469);
#4077=PLANE('',#4470);
#4078=PLANE('',#4471);
#4079=PLANE('',#4472);
#4080=PLANE('',#4473);
#4081=ADVANCED_FACE('',(#352),#3956,.T.);
#4082=ADVANCED_FACE('',(#353),#3957,.T.);
#4083=ADVANCED_FACE('',(#354),#3958,.T.);
#4084=ADVANCED_FACE('',(#355),#3959,.T.);
#4085=ADVANCED_FACE('',(#356),#257,.T.);
#4086=ADVANCED_FACE('',(#357),#258,.T.);
#4087=ADVANCED_FACE('',(#358),#3960,.T.);
#4088=ADVANCED_FACE('',(#359),#3961,.T.);
#4089=ADVANCED_FACE('',(#360),#3962,.T.);
#4090=ADVANCED_FACE('',(#361),#3963,.T.);
#4091=ADVANCED_FACE('',(#362),#259,.T.);
#4092=ADVANCED_FACE('',(#363),#260,.T.);
#4093=ADVANCED_FACE('',(#364),#261,.T.);
#4094=ADVANCED_FACE('',(#365),#262,.T.);
#4095=ADVANCED_FACE('',(#366),#263,.T.);
#4096=ADVANCED_FACE('',(#367),#264,.T.);
#4097=ADVANCED_FACE('',(#368),#265,.T.);
#4098=ADVANCED_FACE('',(#369),#266,.T.);
#4099=ADVANCED_FACE('',(#370),#3964,.T.);
#4100=ADVANCED_FACE('',(#371),#3965,.T.);
#4101=ADVANCED_FACE('',(#372),#3966,.T.);
#4102=ADVANCED_FACE('',(#373),#267,.T.);
#4103=ADVANCED_FACE('',(#374),#268,.T.);
#4104=ADVANCED_FACE('',(#375),#269,.T.);
#4105=ADVANCED_FACE('',(#376),#270,.T.);
#4106=ADVANCED_FACE('',(#377),#3967,.T.);
#4107=ADVANCED_FACE('',(#378),#3968,.T.);
#4108=ADVANCED_FACE('',(#379),#3969,.T.);
#4109=ADVANCED_FACE('',(#380),#3970,.T.);
#4110=ADVANCED_FACE('',(#381),#271,.T.);
#4111=ADVANCED_FACE('',(#382),#272,.T.);
#4112=ADVANCED_FACE('',(#383),#273,.T.);
#4113=ADVANCED_FACE('',(#384),#274,.T.);
#4114=ADVANCED_FACE('',(#385),#275,.T.);
#4115=ADVANCED_FACE('',(#386),#276,.T.);
#4116=ADVANCED_FACE('',(#387),#3971,.T.);
#4117=ADVANCED_FACE('',(#388),#277,.T.);
#4118=ADVANCED_FACE('',(#389),#278,.T.);
#4119=ADVANCED_FACE('',(#390),#3972,.T.);
#4120=ADVANCED_FACE('',(#391),#279,.T.);
#4121=ADVANCED_FACE('',(#392),#280,.T.);
#4122=ADVANCED_FACE('',(#393),#3973,.T.);
#4123=ADVANCED_FACE('',(#394),#281,.T.);
#4124=ADVANCED_FACE('',(#395),#282,.T.);
#4125=ADVANCED_FACE('',(#396),#283,.T.);
#4126=ADVANCED_FACE('',(#397),#284,.T.);
#4127=ADVANCED_FACE('',(#398),#285,.T.);
#4128=ADVANCED_FACE('',(#399),#286,.T.);
#4129=ADVANCED_FACE('',(#400),#287,.T.);
#4130=ADVANCED_FACE('',(#401),#3974,.T.);
#4131=ADVANCED_FACE('',(#402),#288,.T.);
#4132=ADVANCED_FACE('',(#403),#289,.T.);
#4133=ADVANCED_FACE('',(#404),#290,.T.);
#4134=ADVANCED_FACE('',(#405),#3975,.T.);
#4135=ADVANCED_FACE('',(#406),#3976,.T.);
#4136=ADVANCED_FACE('',(#407,#43,#44),#3977,.T.);
#4137=ADVANCED_FACE('',(#408),#3978,.F.);
#4138=ADVANCED_FACE('',(#409),#3979,.F.);
#4139=ADVANCED_FACE('',(#410),#3980,.T.);
#4140=ADVANCED_FACE('',(#411),#3981,.T.);
#4141=ADVANCED_FACE('',(#412),#3982,.T.);
#4142=ADVANCED_FACE('',(#413),#3983,.T.);
#4143=ADVANCED_FACE('',(#414),#3984,.T.);
#4144=ADVANCED_FACE('',(#415),#3985,.T.);
#4145=ADVANCED_FACE('',(#416),#3986,.T.);
#4146=ADVANCED_FACE('',(#417),#3987,.T.);
#4147=ADVANCED_FACE('',(#418),#3988,.T.);
#4148=ADVANCED_FACE('',(#419),#3989,.T.);
#4149=ADVANCED_FACE('',(#420),#3990,.T.);
#4150=ADVANCED_FACE('',(#421),#3991,.T.);
#4151=ADVANCED_FACE('',(#422),#3992,.T.);
#4152=ADVANCED_FACE('',(#423),#3993,.T.);
#4153=ADVANCED_FACE('',(#424),#291,.T.);
#4154=ADVANCED_FACE('',(#425),#292,.T.);
#4155=ADVANCED_FACE('',(#426),#293,.T.);
#4156=ADVANCED_FACE('',(#427),#294,.T.);
#4157=ADVANCED_FACE('',(#428),#295,.T.);
#4158=ADVANCED_FACE('',(#429),#296,.T.);
#4159=ADVANCED_FACE('',(#430),#297,.T.);
#4160=ADVANCED_FACE('',(#431),#298,.T.);
#4161=ADVANCED_FACE('',(#432),#3994,.T.);
#4162=ADVANCED_FACE('',(#433),#3995,.T.);
#4163=ADVANCED_FACE('',(#434),#3996,.T.);
#4164=ADVANCED_FACE('',(#435),#299,.T.);
#4165=ADVANCED_FACE('',(#436),#300,.T.);
#4166=ADVANCED_FACE('',(#437),#301,.T.);
#4167=ADVANCED_FACE('',(#438),#302,.T.);
#4168=ADVANCED_FACE('',(#439),#3997,.T.);
#4169=ADVANCED_FACE('',(#440),#3998,.T.);
#4170=ADVANCED_FACE('',(#441),#3999,.T.);
#4171=ADVANCED_FACE('',(#442),#4000,.T.);
#4172=ADVANCED_FACE('',(#443),#303,.T.);
#4173=ADVANCED_FACE('',(#444),#304,.T.);
#4174=ADVANCED_FACE('',(#445),#305,.T.);
#4175=ADVANCED_FACE('',(#446),#306,.T.);
#4176=ADVANCED_FACE('',(#447),#307,.T.);
#4177=ADVANCED_FACE('',(#448),#308,.T.);
#4178=ADVANCED_FACE('',(#449),#4001,.T.);
#4179=ADVANCED_FACE('',(#450),#309,.T.);
#4180=ADVANCED_FACE('',(#451),#310,.T.);
#4181=ADVANCED_FACE('',(#452),#4002,.T.);
#4182=ADVANCED_FACE('',(#453),#311,.T.);
#4183=ADVANCED_FACE('',(#454),#312,.T.);
#4184=ADVANCED_FACE('',(#455),#4003,.T.);
#4185=ADVANCED_FACE('',(#456),#313,.T.);
#4186=ADVANCED_FACE('',(#457),#314,.T.);
#4187=ADVANCED_FACE('',(#458),#315,.T.);
#4188=ADVANCED_FACE('',(#459),#316,.T.);
#4189=ADVANCED_FACE('',(#460),#317,.T.);
#4190=ADVANCED_FACE('',(#461),#318,.T.);
#4191=ADVANCED_FACE('',(#462),#319,.T.);
#4192=ADVANCED_FACE('',(#463),#4004,.T.);
#4193=ADVANCED_FACE('',(#464),#320,.T.);
#4194=ADVANCED_FACE('',(#465),#321,.T.);
#4195=ADVANCED_FACE('',(#466),#322,.T.);
#4196=ADVANCED_FACE('',(#467),#4005,.T.);
#4197=ADVANCED_FACE('',(#468),#4006,.T.);
#4198=ADVANCED_FACE('',(#469,#45,#46),#4007,.T.);
#4199=ADVANCED_FACE('',(#470),#4008,.F.);
#4200=ADVANCED_FACE('',(#471),#4009,.F.);
#4201=ADVANCED_FACE('',(#472),#4010,.T.);
#4202=ADVANCED_FACE('',(#473),#4011,.T.);
#4203=ADVANCED_FACE('',(#474),#323,.T.);
#4204=ADVANCED_FACE('',(#475),#324,.T.);
#4205=ADVANCED_FACE('',(#476),#325,.T.);
#4206=ADVANCED_FACE('',(#477),#326,.T.);
#4207=ADVANCED_FACE('',(#478),#327,.T.);
#4208=ADVANCED_FACE('',(#479),#328,.T.);
#4209=ADVANCED_FACE('',(#480),#329,.T.);
#4210=ADVANCED_FACE('',(#481),#330,.T.);
#4211=ADVANCED_FACE('',(#482),#331,.T.);
#4212=ADVANCED_FACE('',(#483),#332,.T.);
#4213=ADVANCED_FACE('',(#484),#333,.T.);
#4214=ADVANCED_FACE('',(#485),#334,.T.);
#4215=ADVANCED_FACE('',(#486),#335,.T.);
#4216=ADVANCED_FACE('',(#487),#336,.T.);
#4217=ADVANCED_FACE('',(#488),#4012,.T.);
#4218=ADVANCED_FACE('',(#489),#4013,.T.);
#4219=ADVANCED_FACE('',(#490),#4014,.T.);
#4220=ADVANCED_FACE('',(#491),#337,.T.);
#4221=ADVANCED_FACE('',(#492),#338,.T.);
#4222=ADVANCED_FACE('',(#493),#339,.T.);
#4223=ADVANCED_FACE('',(#494),#340,.T.);
#4224=ADVANCED_FACE('',(#495),#341,.T.);
#4225=ADVANCED_FACE('',(#496),#342,.T.);
#4226=ADVANCED_FACE('',(#497),#343,.T.);
#4227=ADVANCED_FACE('',(#498),#344,.T.);
#4228=ADVANCED_FACE('',(#499),#345,.T.);
#4229=ADVANCED_FACE('',(#500),#346,.T.);
#4230=ADVANCED_FACE('',(#501),#347,.T.);
#4231=ADVANCED_FACE('',(#502),#348,.T.);
#4232=ADVANCED_FACE('',(#503),#349,.T.);
#4233=ADVANCED_FACE('',(#504),#350,.T.);
#4234=ADVANCED_FACE('',(#505),#351,.T.);
#4235=ADVANCED_FACE('',(#506),#4015,.T.);
#4236=ADVANCED_FACE('',(#507),#4016,.T.);
#4237=ADVANCED_FACE('',(#508),#4017,.T.);
#4238=ADVANCED_FACE('',(#509),#4018,.T.);
#4239=ADVANCED_FACE('',(#510),#4019,.T.);
#4240=ADVANCED_FACE('',(#511),#4020,.T.);
#4241=ADVANCED_FACE('',(#512),#4021,.T.);
#4242=ADVANCED_FACE('',(#513),#4022,.T.);
#4243=ADVANCED_FACE('',(#514),#4023,.T.);
#4244=ADVANCED_FACE('',(#515),#4024,.T.);
#4245=ADVANCED_FACE('',(#516),#4025,.T.);
#4246=ADVANCED_FACE('',(#517),#4026,.T.);
#4247=ADVANCED_FACE('',(#518),#4027,.T.);
#4248=ADVANCED_FACE('',(#519),#4028,.T.);
#4249=ADVANCED_FACE('',(#520),#4029,.T.);
#4250=ADVANCED_FACE('',(#521),#4030,.T.);
#4251=ADVANCED_FACE('',(#522),#4031,.T.);
#4252=ADVANCED_FACE('',(#523),#4032,.T.);
#4253=ADVANCED_FACE('',(#524),#4033,.T.);
#4254=ADVANCED_FACE('',(#525),#4034,.F.);
#4255=ADVANCED_FACE('',(#526),#35,.F.);
#4256=ADVANCED_FACE('',(#527),#4035,.F.);
#4257=ADVANCED_FACE('',(#528),#36,.F.);
#4258=ADVANCED_FACE('',(#529),#4036,.F.);
#4259=ADVANCED_FACE('',(#530),#37,.F.);
#4260=ADVANCED_FACE('',(#531),#4037,.F.);
#4261=ADVANCED_FACE('',(#532),#38,.F.);
#4262=ADVANCED_FACE('',(#533),#4038,.F.);
#4263=ADVANCED_FACE('',(#534),#39,.F.);
#4264=ADVANCED_FACE('',(#535),#4039,.F.);
#4265=ADVANCED_FACE('',(#536),#40,.F.);
#4266=ADVANCED_FACE('',(#537),#4040,.F.);
#4267=ADVANCED_FACE('',(#538),#41,.F.);
#4268=ADVANCED_FACE('',(#539),#4041,.F.);
#4269=ADVANCED_FACE('',(#540),#42,.F.);
#4270=ADVANCED_FACE('',(#541),#4042,.F.);
#4271=ADVANCED_FACE('',(#542),#4043,.F.);
#4272=ADVANCED_FACE('',(#543),#4044,.F.);
#4273=ADVANCED_FACE('',(#544),#4045,.F.);
#4274=ADVANCED_FACE('',(#545),#4046,.F.);
#4275=ADVANCED_FACE('',(#546),#4047,.F.);
#4276=ADVANCED_FACE('',(#547),#4048,.F.);
#4277=ADVANCED_FACE('',(#548),#4049,.F.);
#4278=ADVANCED_FACE('',(#549),#4050,.F.);
#4279=ADVANCED_FACE('',(#550),#4051,.F.);
#4280=ADVANCED_FACE('',(#551),#4052,.F.);
#4281=ADVANCED_FACE('',(#552),#4053,.F.);
#4282=ADVANCED_FACE('',(#553),#4054,.T.);
#4283=ADVANCED_FACE('',(#554,#47,#48,#49),#4055,.T.);
#4284=ADVANCED_FACE('',(#555),#4056,.T.);
#4285=ADVANCED_FACE('',(#556,#50),#4057,.T.);
#4286=ADVANCED_FACE('',(#557,#51),#4058,.T.);
#4287=ADVANCED_FACE('',(#558,#52),#4059,.T.);
#4288=ADVANCED_FACE('',(#559),#4060,.T.);
#4289=ADVANCED_FACE('',(#560),#4061,.T.);
#4290=ADVANCED_FACE('',(#561,#53),#4062,.T.);
#4291=ADVANCED_FACE('',(#562,#54,#55,#56),#4063,.T.);
#4292=ADVANCED_FACE('',(#563),#4064,.T.);
#4293=ADVANCED_FACE('',(#564,#57),#4065,.T.);
#4294=ADVANCED_FACE('',(#565,#58,#59,#60,#61,#62,#63,#64,#65,#66),#4066,
 .F.);
#4295=ADVANCED_FACE('',(#566),#4067,.T.);
#4296=ADVANCED_FACE('',(#567),#4068,.T.);
#4297=ADVANCED_FACE('',(#568),#4069,.T.);
#4298=ADVANCED_FACE('',(#569),#4070,.T.);
#4299=ADVANCED_FACE('',(#570),#4071,.T.);
#4300=ADVANCED_FACE('',(#571),#4072,.T.);
#4301=ADVANCED_FACE('',(#572),#4073,.F.);
#4302=ADVANCED_FACE('',(#573),#4074,.T.);
#4303=ADVANCED_FACE('',(#574),#4075,.T.);
#4304=ADVANCED_FACE('',(#575),#4076,.T.);
#4305=ADVANCED_FACE('',(#576),#4077,.T.);
#4306=ADVANCED_FACE('',(#577),#4078,.T.);
#4307=ADVANCED_FACE('',(#578),#4079,.T.);
#4308=ADVANCED_FACE('',(#579),#4080,.F.);
#4309=CLOSED_SHELL('',(#4081,#4082,#4083,#4084,#4085,#4086,#4087,#4088,
#4089,#4090,#4091,#4092,#4093,#4094,#4095,#4096,#4097,#4098,#4099,#4100,
#4101,#4102,#4103,#4104,#4105,#4106,#4107,#4108,#4109,#4110,#4111,#4112,
#4113,#4114,#4115,#4116,#4117,#4118,#4119,#4120,#4121,#4122,#4123,#4124,
#4125,#4126,#4127,#4128,#4129,#4130,#4131,#4132,#4133,#4134,#4135,#4136,
#4137,#4138,#4139,#4140,#4141,#4142,#4143,#4144,#4145,#4146,#4147,#4148,
#4149,#4150,#4151,#4152,#4153,#4154,#4155,#4156,#4157,#4158,#4159,#4160,
#4161,#4162,#4163,#4164,#4165,#4166,#4167,#4168,#4169,#4170,#4171,#4172,
#4173,#4174,#4175,#4176,#4177,#4178,#4179,#4180,#4181,#4182,#4183,#4184,
#4185,#4186,#4187,#4188,#4189,#4190,#4191,#4192,#4193,#4194,#4195,#4196,
#4197,#4198,#4199,#4200,#4201,#4202,#4203,#4204,#4205,#4206,#4207,#4208,
#4209,#4210,#4211,#4212,#4213,#4214,#4215,#4216,#4217,#4218,#4219,#4220,
#4221,#4222,#4223,#4224,#4225,#4226,#4227,#4228,#4229,#4230,#4231,#4232,
#4233,#4234,#4235,#4236,#4237,#4238,#4239,#4240,#4241,#4242,#4243,#4244,
#4245,#4246,#4247,#4248,#4249,#4250,#4251,#4252,#4253,#4254,#4255,#4256,
#4257,#4258,#4259,#4260,#4261,#4262,#4263,#4264,#4265,#4266,#4267,#4268,
#4269,#4270,#4271,#4272,#4273,#4274,#4275,#4276,#4277,#4278,#4279,#4280,
#4281,#4282,#4283,#4284,#4285,#4286,#4287,#4288,#4289,#4290,#4291,#4292,
#4293,#4294));
#4310=CLOSED_SHELL('',(#4295,#4296,#4297,#4298,#4299,#4300,#4301));
#4311=CLOSED_SHELL('',(#4302,#4303,#4304,#4305,#4306,#4307,#4308));
#4312=DERIVED_UNIT_ELEMENT(#4314,1.);
#4313=DERIVED_UNIT_ELEMENT(#8081,-3.);
#4314=(
MASS_UNIT()
NAMED_UNIT(*)
SI_UNIT(.KILO.,.GRAM.)
);
#4315=DERIVED_UNIT((#4312,#4313));
#4316=MEASURE_REPRESENTATION_ITEM('density measure',
POSITIVE_RATIO_MEASURE(7850.),#4315);
#4317=PROPERTY_DEFINITION_REPRESENTATION(#4322,#4319);
#4318=PROPERTY_DEFINITION_REPRESENTATION(#4323,#4320);
#4319=REPRESENTATION('material name',(#4321),#8078);
#4320=REPRESENTATION('density',(#4316),#8078);
#4321=DESCRIPTIVE_REPRESENTATION_ITEM('Steel','Steel');
#4322=PROPERTY_DEFINITION('material property','material name',#8088);
#4323=PROPERTY_DEFINITION('material property','density of part',#8088);
#4324=AXIS2_PLACEMENT_3D('',#5192,#4474,#4475);
#4325=AXIS2_PLACEMENT_3D('',#5193,#4476,#4477);
#4326=AXIS2_PLACEMENT_3D('',#5202,#4482,#4483);
#4327=AXIS2_PLACEMENT_3D('',#5208,#4487,#4488);
#4328=AXIS2_PLACEMENT_3D('',#5214,#4492,#4493);
#4329=AXIS2_PLACEMENT_3D('',#5266,#4499,#4500);
#4330=AXIS2_PLACEMENT_3D('',#5272,#4504,#4505);
#4331=AXIS2_PLACEMENT_3D('',#5275,#4508,#4509);
#4332=AXIS2_PLACEMENT_3D('',#5276,#4510,#4511);
#4333=AXIS2_PLACEMENT_3D('',#5469,#4524,#4525);
#4334=AXIS2_PLACEMENT_3D('',#5475,#4529,#4530);
#4335=AXIS2_PLACEMENT_3D('',#5481,#4534,#4535);
#4336=AXIS2_PLACEMENT_3D('',#5579,#4543,#4544);
#4337=AXIS2_PLACEMENT_3D('',#5585,#4548,#4549);
#4338=AXIS2_PLACEMENT_3D('',#5588,#4552,#4553);
#4339=AXIS2_PLACEMENT_3D('',#5589,#4554,#4555);
#4340=AXIS2_PLACEMENT_3D('',#5733,#4565,#4566);
#4341=AXIS2_PLACEMENT_3D('',#5788,#4573,#4574);
#4342=AXIS2_PLACEMENT_3D('',#5837,#4579,#4580);
#4343=AXIS2_PLACEMENT_3D('',#6007,#4592,#4593);
#4344=AXIS2_PLACEMENT_3D('',#6082,#4600,#4601);
#4345=AXIS2_PLACEMENT_3D('',#6088,#4605,#4606);
#4346=AXIS2_PLACEMENT_3D('',#6091,#4609,#4610);
#4347=AXIS2_PLACEMENT_3D('',#6092,#4611,#4612);
#4348=AXIS2_PLACEMENT_3D('',#6093,#4613,#4614);
#4349=AXIS2_PLACEMENT_3D('',#6094,#4615,#4616);
#4350=AXIS2_PLACEMENT_3D('',#6103,#4621,#4622);
#4351=AXIS2_PLACEMENT_3D('',#6109,#4626,#4627);
#4352=AXIS2_PLACEMENT_3D('',#6115,#4631,#4632);
#4353=AXIS2_PLACEMENT_3D('',#6121,#4636,#4637);
#4354=AXIS2_PLACEMENT_3D('',#6127,#4641,#4642);
#4355=AXIS2_PLACEMENT_3D('',#6133,#4646,#4647);
#4356=AXIS2_PLACEMENT_3D('',#6139,#4651,#4652);
#4357=AXIS2_PLACEMENT_3D('',#6145,#4656,#4657);
#4358=AXIS2_PLACEMENT_3D('',#6151,#4661,#4662);
#4359=AXIS2_PLACEMENT_3D('',#6157,#4666,#4667);
#4360=AXIS2_PLACEMENT_3D('',#6163,#4671,#4672);
#4361=AXIS2_PLACEMENT_3D('',#6166,#4675,#4676);
#4362=AXIS2_PLACEMENT_3D('',#6167,#4677,#4678);
#4363=AXIS2_PLACEMENT_3D('',#6360,#4691,#4692);
#4364=AXIS2_PLACEMENT_3D('',#6366,#4696,#4697);
#4365=AXIS2_PLACEMENT_3D('',#6372,#4701,#4702);
#4366=AXIS2_PLACEMENT_3D('',#6470,#4710,#4711);
#4367=AXIS2_PLACEMENT_3D('',#6476,#4715,#4716);
#4368=AXIS2_PLACEMENT_3D('',#6479,#4719,#4720);
#4369=AXIS2_PLACEMENT_3D('',#6480,#4721,#4722);
#4370=AXIS2_PLACEMENT_3D('',#6624,#4732,#4733);
#4371=AXIS2_PLACEMENT_3D('',#6679,#4740,#4741);
#4372=AXIS2_PLACEMENT_3D('',#6728,#4746,#4747);
#4373=AXIS2_PLACEMENT_3D('',#6898,#4759,#4760);
#4374=AXIS2_PLACEMENT_3D('',#6973,#4767,#4768);
#4375=AXIS2_PLACEMENT_3D('',#6979,#4772,#4773);
#4376=AXIS2_PLACEMENT_3D('',#6982,#4776,#4777);
#4377=AXIS2_PLACEMENT_3D('',#6983,#4778,#4779);
#4378=AXIS2_PLACEMENT_3D('',#6984,#4780,#4781);
#4379=AXIS2_PLACEMENT_3D('',#6985,#4782,#4783);
#4380=AXIS2_PLACEMENT_3D('',#6994,#4788,#4789);
#4381=AXIS2_PLACEMENT_3D('',#7322,#4807,#4808);
#4382=AXIS2_PLACEMENT_3D('',#7328,#4812,#4813);
#4383=AXIS2_PLACEMENT_3D('',#7334,#4817,#4818);
#4384=AXIS2_PLACEMENT_3D('',#7685,#4837,#4838);
#4385=AXIS2_PLACEMENT_3D('',#7688,#4841,#4842);
#4386=AXIS2_PLACEMENT_3D('',#7689,#4843,#4844);
#4387=AXIS2_PLACEMENT_3D('',#7698,#4849,#4850);
#4388=AXIS2_PLACEMENT_3D('',#7704,#4854,#4855);
#4389=AXIS2_PLACEMENT_3D('',#7710,#4859,#4860);
#4390=AXIS2_PLACEMENT_3D('',#7716,#4864,#4865);
#4391=AXIS2_PLACEMENT_3D('',#7722,#4869,#4870);
#4392=AXIS2_PLACEMENT_3D('',#7728,#4874,#4875);
#4393=AXIS2_PLACEMENT_3D('',#7734,#4879,#4880);
#4394=AXIS2_PLACEMENT_3D('',#7740,#4884,#4885);
#4395=AXIS2_PLACEMENT_3D('',#7746,#4889,#4890);
#4396=AXIS2_PLACEMENT_3D('',#7752,#4894,#4895);
#4397=AXIS2_PLACEMENT_3D('',#7755,#4898,#4899);
#4398=AXIS2_PLACEMENT_3D('',#7756,#4900,#4901);
#4399=AXIS2_PLACEMENT_3D('',#7765,#4906,#4907);
#4400=AXIS2_PLACEMENT_3D('',#7771,#4911,#4912);
#4401=AXIS2_PLACEMENT_3D('',#7777,#4916,#4917);
#4402=AXIS2_PLACEMENT_3D('',#7780,#4920,#4921);
#4403=AXIS2_PLACEMENT_3D('',#7781,#4922,#4923);
#4404=AXIS2_PLACEMENT_3D('',#7790,#4928,#4929);
#4405=AXIS2_PLACEMENT_3D('',#7792,#4930,#4931);
#4406=AXIS2_PLACEMENT_3D('',#7794,#4932,#4933);
#4407=AXIS2_PLACEMENT_3D('',#7796,#4935,#4936);
#4408=AXIS2_PLACEMENT_3D('',#7802,#4940,#4941);
#4409=AXIS2_PLACEMENT_3D('',#7804,#4942,#4943);
#4410=AXIS2_PLACEMENT_3D('',#7806,#4944,#4945);
#4411=AXIS2_PLACEMENT_3D('',#7808,#4947,#4948);
#4412=AXIS2_PLACEMENT_3D('',#7814,#4952,#4953);
#4413=AXIS2_PLACEMENT_3D('',#7816,#4954,#4955);
#4414=AXIS2_PLACEMENT_3D('',#7819,#4957,#4958);
#4415=AXIS2_PLACEMENT_3D('',#7820,#4959,#4960);
#4416=AXIS2_PLACEMENT_3D('',#7826,#4964,#4965);
#4417=AXIS2_PLACEMENT_3D('',#7827,#4966,#4967);
#4418=AXIS2_PLACEMENT_3D('',#7828,#4968,#4969);
#4419=AXIS2_PLACEMENT_3D('',#7829,#4970,#4971);
#4420=AXIS2_PLACEMENT_3D('',#7838,#4976,#4977);
#4421=AXIS2_PLACEMENT_3D('',#7840,#4978,#4979);
#4422=AXIS2_PLACEMENT_3D('',#7842,#4980,#4981);
#4423=AXIS2_PLACEMENT_3D('',#7844,#4983,#4984);
#4424=AXIS2_PLACEMENT_3D('',#7850,#4988,#4989);
#4425=AXIS2_PLACEMENT_3D('',#7852,#4990,#4991);
#4426=AXIS2_PLACEMENT_3D('',#7854,#4992,#4993);
#4427=AXIS2_PLACEMENT_3D('',#7856,#4995,#4996);
#4428=AXIS2_PLACEMENT_3D('',#7862,#5000,#5001);
#4429=AXIS2_PLACEMENT_3D('',#7864,#5002,#5003);
#4430=AXIS2_PLACEMENT_3D('',#7867,#5005,#5006);
#4431=AXIS2_PLACEMENT_3D('',#7868,#5007,#5008);
#4432=AXIS2_PLACEMENT_3D('',#7874,#5012,#5013);
#4433=AXIS2_PLACEMENT_3D('',#7875,#5014,#5015);
#4434=AXIS2_PLACEMENT_3D('',#7876,#5016,#5017);
#4435=AXIS2_PLACEMENT_3D('',#7877,#5018,#5019);
#4436=AXIS2_PLACEMENT_3D('',#7886,#5024,#5025);
#4437=AXIS2_PLACEMENT_3D('',#7892,#5029,#5030);
#4438=AXIS2_PLACEMENT_3D('',#7898,#5034,#5035);
#4439=AXIS2_PLACEMENT_3D('',#7901,#5038,#5039);
#4440=AXIS2_PLACEMENT_3D('',#7910,#5044,#5045);
#4441=AXIS2_PLACEMENT_3D('',#7916,#5049,#5050);
#4442=AXIS2_PLACEMENT_3D('',#7922,#5054,#5055);
#4443=AXIS2_PLACEMENT_3D('',#7925,#5058,#5059);
#4444=AXIS2_PLACEMENT_3D('',#7934,#5064,#5065);
#4445=AXIS2_PLACEMENT_3D('',#7940,#5069,#5070);
#4446=AXIS2_PLACEMENT_3D('',#7946,#5074,#5075);
#4447=AXIS2_PLACEMENT_3D('',#7949,#5078,#5079);
#4448=AXIS2_PLACEMENT_3D('',#7960,#5085,#5086);
#4449=AXIS2_PLACEMENT_3D('',#7966,#5090,#5091);
#4450=AXIS2_PLACEMENT_3D('',#7970,#5094,#5095);
#4451=AXIS2_PLACEMENT_3D('',#7974,#5098,#5099);
#4452=AXIS2_PLACEMENT_3D('',#7988,#5107,#5108);
#4453=AXIS2_PLACEMENT_3D('',#7990,#5110,#5111);
#4454=AXIS2_PLACEMENT_3D('',#7991,#5112,#5113);
#4455=AXIS2_PLACEMENT_3D('',#7997,#5117,#5118);
#4456=AXIS2_PLACEMENT_3D('',#8001,#5121,#5122);
#4457=AXIS2_PLACEMENT_3D('',#8005,#5125,#5126);
#4458=AXIS2_PLACEMENT_3D('',#8009,#5129,#5130);
#4459=AXIS2_PLACEMENT_3D('',#8011,#5132,#5133);
#4460=AXIS2_PLACEMENT_3D('',#8012,#5134,#5135);
#4461=AXIS2_PLACEMENT_3D('',#8021,#5140,#5141);
#4462=AXIS2_PLACEMENT_3D('',#8027,#5145,#5146);
#4463=AXIS2_PLACEMENT_3D('',#8033,#5150,#5151);
#4464=AXIS2_PLACEMENT_3D('',#8039,#5155,#5156);
#4465=AXIS2_PLACEMENT_3D('',#8042,#5159,#5160);
#4466=AXIS2_PLACEMENT_3D('',#8043,#5161,#5162);
#4467=AXIS2_PLACEMENT_3D('',#8044,#5163,#5164);
#4468=AXIS2_PLACEMENT_3D('',#8053,#5169,#5170);
#4469=AXIS2_PLACEMENT_3D('',#8059,#5174,#5175);
#4470=AXIS2_PLACEMENT_3D('',#8065,#5179,#5180);
#4471=AXIS2_PLACEMENT_3D('',#8071,#5184,#5185);
#4472=AXIS2_PLACEMENT_3D('',#8074,#5188,#5189);
#4473=AXIS2_PLACEMENT_3D('',#8075,#5190,#5191);
#4474=DIRECTION('axis',(0.,0.,1.));
#4475=DIRECTION('refdir',(1.,0.,0.));
#4476=DIRECTION('center_axis',(0.991357103006971,0.131191060357125,0.));
#4477=DIRECTION('ref_axis',(0.131191060357125,-0.991357103006971,0.));
#4478=DIRECTION('',(-0.131191060357125,0.991357103006971,0.));
#4479=DIRECTION('',(0.,0.,-1.));
#4480=DIRECTION('',(0.131191060357125,-0.991357103006971,0.));
#4481=DIRECTION('',(0.,0.,-1.));
#4482=DIRECTION('center_axis',(0.,1.,0.));
#4483=DIRECTION('ref_axis',(1.,0.,0.));
#4484=DIRECTION('',(-1.,0.,0.));
#4485=DIRECTION('',(1.,0.,0.));
#4486=DIRECTION('',(0.,0.,-1.));
#4487=DIRECTION('center_axis',(-0.988900483670973,0.148579384153107,0.));
#4488=DIRECTION('ref_axis',(0.148579384153107,0.988900483670973,0.));
#4489=DIRECTION('',(-0.148579384153107,-0.988900483670972,0.));
#4490=DIRECTION('',(0.148579384153107,0.988900483670973,0.));
#4491=DIRECTION('',(0.,0.,-1.));
#4492=DIRECTION('center_axis',(0.,-1.,0.));
#4493=DIRECTION('ref_axis',(-1.,0.,0.));
#4494=DIRECTION('',(1.,0.,0.));
#4495=DIRECTION('',(-1.,0.,0.));
#4496=DIRECTION('',(0.,0.,-1.));
#4497=DIRECTION('',(0.,0.,-1.));
#4498=DIRECTION('',(0.,0.,-1.));
#4499=DIRECTION('center_axis',(-0.995318476258555,-0.0966495257016211,0.));
#4500=DIRECTION('ref_axis',(-0.0966495257016211,0.995318476258555,0.));
#4501=DIRECTION('',(0.0966495257016211,-0.995318476258555,0.));
#4502=DIRECTION('',(-0.0966495257016211,0.995318476258555,0.));
#4503=DIRECTION('',(0.,0.,-1.));
#4504=DIRECTION('center_axis',(0.,-1.,0.));
#4505=DIRECTION('ref_axis',(-1.,0.,0.));
#4506=DIRECTION('',(1.,0.,0.));
#4507=DIRECTION('',(-1.,0.,0.));
#4508=DIRECTION('center_axis',(0.,0.,-1.));
#4509=DIRECTION('ref_axis',(1.,0.,0.));
#4510=DIRECTION('center_axis',(1.,0.,0.));
#4511=DIRECTION('ref_axis',(0.,-1.,0.));
#4512=DIRECTION('',(0.,1.,0.));
#4513=DIRECTION('',(0.,0.,-1.));
#4514=DIRECTION('',(0.,-1.,0.));
#4515=DIRECTION('',(0.,0.,-1.));
#4516=DIRECTION('',(0.,0.,-1.));
#4517=DIRECTION('',(0.,0.,-1.));
#4518=DIRECTION('',(0.,0.,-1.));
#4519=DIRECTION('',(0.,0.,-1.));
#4520=DIRECTION('',(0.,0.,-1.));
#4521=DIRECTION('',(0.,0.,-1.));
#4522=DIRECTION('',(0.,0.,-1.));
#4523=DIRECTION('',(0.,0.,-1.));
#4524=DIRECTION('center_axis',(-1.,0.,0.));
#4525=DIRECTION('ref_axis',(0.,1.,0.));
#4526=DIRECTION('',(0.,-1.,0.));
#4527=DIRECTION('',(0.,1.,0.));
#4528=DIRECTION('',(0.,0.,-1.));
#4529=DIRECTION('center_axis',(0.,-1.,0.));
#4530=DIRECTION('ref_axis',(-1.,0.,0.));
#4531=DIRECTION('',(1.,0.,0.));
#4532=DIRECTION('',(-1.,0.,0.));
#4533=DIRECTION('',(0.,0.,-1.));
#4534=DIRECTION('center_axis',(1.,0.,0.));
#4535=DIRECTION('ref_axis',(0.,-1.,0.));
#4536=DIRECTION('',(0.,1.,0.));
#4537=DIRECTION('',(0.,-1.,0.));
#4538=DIRECTION('',(0.,0.,-1.));
#4539=DIRECTION('',(0.,0.,-1.));
#4540=DIRECTION('',(0.,0.,-1.));
#4541=DIRECTION('',(0.,0.,-1.));
#4542=DIRECTION('',(0.,0.,-1.));
#4543=DIRECTION('center_axis',(-1.,0.,0.));
#4544=DIRECTION('ref_axis',(0.,1.,0.));
#4545=DIRECTION('',(0.,-1.,0.));
#4546=DIRECTION('',(0.,1.,0.));
#4547=DIRECTION('',(0.,0.,-1.));
#4548=DIRECTION('center_axis',(0.,-1.,0.));
#4549=DIRECTION('ref_axis',(-1.,0.,0.));
#4550=DIRECTION('',(1.,0.,0.));
#4551=DIRECTION('',(-1.,0.,0.));
#4552=DIRECTION('center_axis',(0.,0.,-1.));
#4553=DIRECTION('ref_axis',(1.,0.,0.));
#4554=DIRECTION('center_axis',(1.,0.,0.));
#4555=DIRECTION('ref_axis',(0.,-1.,0.));
#4556=DIRECTION('',(0.,1.,0.));
#4557=DIRECTION('',(0.,0.,-1.));
#4558=DIRECTION('',(0.,-1.,0.));
#4559=DIRECTION('',(0.,0.,-1.));
#4560=DIRECTION('',(0.,0.,-1.));
#4561=DIRECTION('',(0.,0.,-1.));
#4562=DIRECTION('',(0.,0.,-1.));
#4563=DIRECTION('',(0.,0.,-1.));
#4564=DIRECTION('',(0.,0.,-1.));
#4565=DIRECTION('center_axis',(1.,0.,0.));
#4566=DIRECTION('ref_axis',(0.,-1.,0.));
#4567=DIRECTION('',(0.,1.,0.));
#4568=DIRECTION('',(0.,0.,-1.));
#4569=DIRECTION('',(0.,-1.,0.));
#4570=DIRECTION('',(0.,0.,-1.));
#4571=DIRECTION('',(0.,0.,-1.));
#4572=DIRECTION('',(0.,0.,-1.));
#4573=DIRECTION('center_axis',(-1.,0.,0.));
#4574=DIRECTION('ref_axis',(0.,1.,0.));
#4575=DIRECTION('',(0.,-1.,0.));
#4576=DIRECTION('',(0.,1.,0.));
#4577=DIRECTION('',(0.,0.,-1.));
#4578=DIRECTION('',(0.,0.,-1.));
#4579=DIRECTION('center_axis',(0.,-1.,0.));
#4580=DIRECTION('ref_axis',(-1.,0.,0.));
#4581=DIRECTION('',(1.,0.,0.));
#4582=DIRECTION('',(0.,0.,-1.));
#4583=DIRECTION('',(-1.,0.,0.));
#4584=DIRECTION('',(0.,0.,-1.));
#4585=DIRECTION('',(0.,0.,-1.));
#4586=DIRECTION('',(0.,0.,-1.));
#4587=DIRECTION('',(0.,0.,-1.));
#4588=DIRECTION('',(0.,0.,-1.));
#4589=DIRECTION('',(0.,0.,-1.));
#4590=DIRECTION('',(0.,0.,-1.));
#4591=DIRECTION('',(0.,0.,-1.));
#4592=DIRECTION('center_axis',(1.,0.,0.));
#4593=DIRECTION('ref_axis',(0.,-1.,0.));
#4594=DIRECTION('',(0.,1.,0.));
#4595=DIRECTION('',(0.,-1.,0.));
#4596=DIRECTION('',(0.,0.,-1.));
#4597=DIRECTION('',(0.,0.,-1.));
#4598=DIRECTION('',(0.,0.,-1.));
#4599=DIRECTION('',(0.,0.,-1.));
#4600=DIRECTION('center_axis',(0.,1.,0.));
#4601=DIRECTION('ref_axis',(1.,0.,0.));
#4602=DIRECTION('',(-1.,0.,0.));
#4603=DIRECTION('',(1.,0.,0.));
#4604=DIRECTION('',(0.,0.,-1.));
#4605=DIRECTION('center_axis',(-1.,0.,0.));
#4606=DIRECTION('ref_axis',(0.,1.,0.));
#4607=DIRECTION('',(0.,-1.,0.));
#4608=DIRECTION('',(0.,1.,0.));
#4609=DIRECTION('center_axis',(0.,0.,-1.));
#4610=DIRECTION('ref_axis',(1.,0.,0.));
#4611=DIRECTION('center_axis',(0.,0.,1.));
#4612=DIRECTION('ref_axis',(1.,0.,0.));
#4613=DIRECTION('center_axis',(0.,0.,1.));
#4614=DIRECTION('ref_axis',(1.,0.,0.));
#4615=DIRECTION('center_axis',(1.,0.,0.));
#4616=DIRECTION('ref_axis',(0.,-1.,0.));
#4617=DIRECTION('',(0.,1.,0.));
#4618=DIRECTION('',(0.,0.,-1.));
#4619=DIRECTION('',(0.,-1.,0.));
#4620=DIRECTION('',(0.,0.,-1.));
#4621=DIRECTION('center_axis',(0.,1.,0.));
#4622=DIRECTION('ref_axis',(1.,0.,0.));
#4623=DIRECTION('',(-1.,0.,0.));
#4624=DIRECTION('',(1.,0.,0.));
#4625=DIRECTION('',(0.,0.,-1.));
#4626=DIRECTION('center_axis',(-1.,0.,0.));
#4627=DIRECTION('ref_axis',(0.,1.,0.));
#4628=DIRECTION('',(0.,-1.,0.));
#4629=DIRECTION('',(0.,1.,0.));
#4630=DIRECTION('',(0.,0.,-1.));
#4631=DIRECTION('center_axis',(0.,1.,0.));
#4632=DIRECTION('ref_axis',(1.,0.,0.));
#4633=DIRECTION('',(-1.,0.,0.));
#4634=DIRECTION('',(1.,0.,0.));
#4635=DIRECTION('',(0.,0.,-1.));
#4636=DIRECTION('center_axis',(1.,0.,0.));
#4637=DIRECTION('ref_axis',(0.,-1.,0.));
#4638=DIRECTION('',(0.,1.,0.));
#4639=DIRECTION('',(0.,-1.,0.));
#4640=DIRECTION('',(0.,0.,-1.));
#4641=DIRECTION('center_axis',(0.,1.,0.));
#4642=DIRECTION('ref_axis',(1.,0.,0.));
#4643=DIRECTION('',(-1.,0.,0.));
#4644=DIRECTION('',(1.,0.,0.));
#4645=DIRECTION('',(0.,0.,-1.));
#4646=DIRECTION('center_axis',(-1.,0.,0.));
#4647=DIRECTION('ref_axis',(0.,1.,0.));
#4648=DIRECTION('',(0.,-1.,0.));
#4649=DIRECTION('',(0.,1.,0.));
#4650=DIRECTION('',(0.,0.,-1.));
#4651=DIRECTION('center_axis',(0.,-1.,0.));
#4652=DIRECTION('ref_axis',(-1.,0.,0.));
#4653=DIRECTION('',(1.,0.,0.));
#4654=DIRECTION('',(-1.,0.,0.));
#4655=DIRECTION('',(0.,0.,-1.));
#4656=DIRECTION('center_axis',(1.,0.,0.));
#4657=DIRECTION('ref_axis',(0.,-1.,0.));
#4658=DIRECTION('',(0.,1.,0.));
#4659=DIRECTION('',(0.,-1.,0.));
#4660=DIRECTION('',(0.,0.,-1.));
#4661=DIRECTION('center_axis',(0.,-1.,0.));
#4662=DIRECTION('ref_axis',(-1.,0.,0.));
#4663=DIRECTION('',(1.,0.,0.));
#4664=DIRECTION('',(-1.,0.,0.));
#4665=DIRECTION('',(0.,0.,-1.));
#4666=DIRECTION('center_axis',(-1.,0.,0.));
#4667=DIRECTION('ref_axis',(0.,1.,0.));
#4668=DIRECTION('',(0.,-1.,0.));
#4669=DIRECTION('',(0.,1.,0.));
#4670=DIRECTION('',(0.,0.,-1.));
#4671=DIRECTION('center_axis',(0.,-1.,0.));
#4672=DIRECTION('ref_axis',(-1.,0.,0.));
#4673=DIRECTION('',(1.,0.,0.));
#4674=DIRECTION('',(-1.,0.,0.));
#4675=DIRECTION('center_axis',(0.,0.,-1.));
#4676=DIRECTION('ref_axis',(-1.,0.,0.));
#4677=DIRECTION('center_axis',(1.,0.,0.));
#4678=DIRECTION('ref_axis',(0.,-1.,0.));
#4679=DIRECTION('',(0.,1.,0.));
#4680=DIRECTION('',(0.,0.,-1.));
#4681=DIRECTION('',(0.,-1.,0.));
#4682=DIRECTION('',(0.,0.,-1.));
#4683=DIRECTION('',(0.,0.,-1.));
#4684=DIRECTION('',(0.,0.,-1.));
#4685=DIRECTION('',(0.,0.,-1.));
#4686=DIRECTION('',(0.,0.,-1.));
#4687=DIRECTION('',(0.,0.,-1.));
#4688=DIRECTION('',(0.,0.,-1.));
#4689=DIRECTION('',(0.,0.,-1.));
#4690=DIRECTION('',(0.,0.,-1.));
#4691=DIRECTION('center_axis',(-1.,0.,0.));
#4692=DIRECTION('ref_axis',(0.,1.,0.));
#4693=DIRECTION('',(0.,-1.,0.));
#4694=DIRECTION('',(0.,1.,0.));
#4695=DIRECTION('',(0.,0.,-1.));
#4696=DIRECTION('center_axis',(0.,-1.,0.));
#4697=DIRECTION('ref_axis',(-1.,0.,0.));
#4698=DIRECTION('',(1.,0.,0.));
#4699=DIRECTION('',(-1.,0.,0.));
#4700=DIRECTION('',(0.,0.,-1.));
#4701=DIRECTION('center_axis',(1.,0.,0.));
#4702=DIRECTION('ref_axis',(0.,-1.,0.));
#4703=DIRECTION('',(0.,1.,0.));
#4704=DIRECTION('',(0.,-1.,0.));
#4705=DIRECTION('',(0.,0.,-1.));
#4706=DIRECTION('',(0.,0.,-1.));
#4707=DIRECTION('',(0.,0.,-1.));
#4708=DIRECTION('',(0.,0.,-1.));
#4709=DIRECTION('',(0.,0.,-1.));
#4710=DIRECTION('center_axis',(-1.,0.,0.));
#4711=DIRECTION('ref_axis',(0.,1.,0.));
#4712=DIRECTION('',(0.,-1.,0.));
#4713=DIRECTION('',(0.,1.,0.));
#4714=DIRECTION('',(0.,0.,-1.));
#4715=DIRECTION('center_axis',(0.,-1.,0.));
#4716=DIRECTION('ref_axis',(-1.,0.,0.));
#4717=DIRECTION('',(1.,0.,0.));
#4718=DIRECTION('',(-1.,0.,0.));
#4719=DIRECTION('center_axis',(0.,0.,-1.));
#4720=DIRECTION('ref_axis',(1.,0.,0.));
#4721=DIRECTION('center_axis',(1.,0.,0.));
#4722=DIRECTION('ref_axis',(0.,-1.,0.));
#4723=DIRECTION('',(0.,1.,0.));
#4724=DIRECTION('',(0.,0.,-1.));
#4725=DIRECTION('',(0.,-1.,0.));
#4726=DIRECTION('',(0.,0.,-1.));
#4727=DIRECTION('',(0.,0.,-1.));
#4728=DIRECTION('',(0.,0.,-1.));
#4729=DIRECTION('',(0.,0.,-1.));
#4730=DIRECTION('',(0.,0.,-1.));
#4731=DIRECTION('',(0.,0.,-1.));
#4732=DIRECTION('center_axis',(1.,0.,0.));
#4733=DIRECTION('ref_axis',(0.,-1.,0.));
#4734=DIRECTION('',(0.,1.,0.));
#4735=DIRECTION('',(0.,0.,-1.));
#4736=DIRECTION('',(0.,-1.,0.));
#4737=DIRECTION('',(0.,0.,-1.));
#4738=DIRECTION('',(0.,0.,-1.));
#4739=DIRECTION('',(0.,0.,-1.));
#4740=DIRECTION('center_axis',(-1.,0.,0.));
#4741=DIRECTION('ref_axis',(0.,1.,0.));
#4742=DIRECTION('',(0.,-1.,0.));
#4743=DIRECTION('',(0.,1.,0.));
#4744=DIRECTION('',(0.,0.,-1.));
#4745=DIRECTION('',(0.,0.,-1.));
#4746=DIRECTION('center_axis',(0.,-1.,0.));
#4747=DIRECTION('ref_axis',(-1.,0.,0.));
#4748=DIRECTION('',(1.,0.,0.));
#4749=DIRECTION('',(0.,0.,-1.));
#4750=DIRECTION('',(-1.,0.,0.));
#4751=DIRECTION('',(0.,0.,-1.));
#4752=DIRECTION('',(0.,0.,-1.));
#4753=DIRECTION('',(0.,0.,-1.));
#4754=DIRECTION('',(0.,0.,-1.));
#4755=DIRECTION('',(0.,0.,-1.));
#4756=DIRECTION('',(0.,0.,-1.));
#4757=DIRECTION('',(0.,0.,-1.));
#4758=DIRECTION('',(0.,0.,-1.));
#4759=DIRECTION('center_axis',(1.,0.,0.));
#4760=DIRECTION('ref_axis',(0.,-1.,0.));
#4761=DIRECTION('',(0.,1.,0.));
#4762=DIRECTION('',(0.,-1.,0.));
#4763=DIRECTION('',(0.,0.,-1.));
#4764=DIRECTION('',(0.,0.,-1.));
#4765=DIRECTION('',(0.,0.,-1.));
#4766=DIRECTION('',(0.,0.,-1.));
#4767=DIRECTION('center_axis',(0.,1.,0.));
#4768=DIRECTION('ref_axis',(1.,0.,0.));
#4769=DIRECTION('',(-1.,0.,0.));
#4770=DIRECTION('',(1.,0.,0.));
#4771=DIRECTION('',(0.,0.,-1.));
#4772=DIRECTION('center_axis',(-1.,0.,0.));
#4773=DIRECTION('ref_axis',(0.,1.,0.));
#4774=DIRECTION('',(0.,-1.,0.));
#4775=DIRECTION('',(0.,1.,0.));
#4776=DIRECTION('center_axis',(0.,0.,-1.));
#4777=DIRECTION('ref_axis',(1.,0.,0.));
#4778=DIRECTION('center_axis',(0.,0.,1.));
#4779=DIRECTION('ref_axis',(1.,0.,0.));
#4780=DIRECTION('center_axis',(0.,0.,1.));
#4781=DIRECTION('ref_axis',(1.,0.,0.));
#4782=DIRECTION('center_axis',(0.,1.,0.));
#4783=DIRECTION('ref_axis',(1.,0.,0.));
#4784=DIRECTION('',(-1.,0.,0.));
#4785=DIRECTION('',(0.,0.,-1.));
#4786=DIRECTION('',(1.,0.,0.));
#4787=DIRECTION('',(0.,0.,-1.));
#4788=DIRECTION('center_axis',(-1.,0.,0.));
#4789=DIRECTION('ref_axis',(0.,1.,0.));
#4790=DIRECTION('',(0.,-1.,0.));
#4791=DIRECTION('',(0.,1.,0.));
#4792=DIRECTION('',(0.,0.,-1.));
#4793=DIRECTION('',(0.,0.,-1.));
#4794=DIRECTION('',(0.,0.,-1.));
#4795=DIRECTION('',(0.,0.,-1.));
#4796=DIRECTION('',(0.,0.,-1.));
#4797=DIRECTION('',(0.,0.,-1.));
#4798=DIRECTION('',(0.,0.,-1.));
#4799=DIRECTION('',(0.,0.,-1.));
#4800=DIRECTION('',(0.,0.,-1.));
#4801=DIRECTION('',(0.,0.,-1.));
#4802=DIRECTION('',(0.,0.,-1.));
#4803=DIRECTION('',(0.,0.,-1.));
#4804=DIRECTION('',(0.,0.,-1.));
#4805=DIRECTION('',(0.,0.,-1.));
#4806=DIRECTION('',(0.,0.,-1.));
#4807=DIRECTION('center_axis',(-1.,0.,0.));
#4808=DIRECTION('ref_axis',(0.,1.,0.));
#4809=DIRECTION('',(0.,-1.,0.));
#4810=DIRECTION('',(0.,1.,0.));
#4811=DIRECTION('',(0.,0.,-1.));
#4812=DIRECTION('center_axis',(0.,-1.,0.));
#4813=DIRECTION('ref_axis',(-1.,0.,0.));
#4814=DIRECTION('',(1.,0.,0.));
#4815=DIRECTION('',(-1.,0.,0.));
#4816=DIRECTION('',(0.,0.,-1.));
#4817=DIRECTION('center_axis',(1.,0.,0.));
#4818=DIRECTION('ref_axis',(0.,-1.,0.));
#4819=DIRECTION('',(0.,1.,0.));
#4820=DIRECTION('',(0.,-1.,0.));
#4821=DIRECTION('',(0.,0.,-1.));
#4822=DIRECTION('',(0.,0.,-1.));
#4823=DIRECTION('',(0.,0.,-1.));
#4824=DIRECTION('',(0.,0.,-1.));
#4825=DIRECTION('',(0.,0.,-1.));
#4826=DIRECTION('',(0.,0.,-1.));
#4827=DIRECTION('',(0.,0.,-1.));
#4828=DIRECTION('',(0.,0.,-1.));
#4829=DIRECTION('',(0.,0.,-1.));
#4830=DIRECTION('',(0.,0.,-1.));
#4831=DIRECTION('',(0.,0.,-1.));
#4832=DIRECTION('',(0.,0.,-1.));
#4833=DIRECTION('',(0.,0.,-1.));
#4834=DIRECTION('',(0.,0.,-1.));
#4835=DIRECTION('',(0.,0.,-1.));
#4836=DIRECTION('',(0.,0.,-1.));
#4837=DIRECTION('center_axis',(1.,0.,0.));
#4838=DIRECTION('ref_axis',(0.,-1.,0.));
#4839=DIRECTION('',(0.,1.,0.));
#4840=DIRECTION('',(0.,-1.,0.));
#4841=DIRECTION('center_axis',(0.,0.,-1.));
#4842=DIRECTION('ref_axis',(1.,0.,0.));
#4843=DIRECTION('center_axis',(0.949524148154334,0.313693946501661,0.));
#4844=DIRECTION('ref_axis',(0.313693946501661,-0.949524148154334,0.));
#4845=DIRECTION('',(-0.313693946501661,0.949524148154334,0.));
#4846=DIRECTION('',(0.,0.,-1.));
#4847=DIRECTION('',(0.313693946501661,-0.949524148154334,0.));
#4848=DIRECTION('',(0.,0.,-1.));
#4849=DIRECTION('center_axis',(0.958388831603505,-0.285466018043598,0.));
#4850=DIRECTION('ref_axis',(-0.285466018043598,-0.958388831603505,0.));
#4851=DIRECTION('',(0.285466018043598,0.958388831603505,0.));
#4852=DIRECTION('',(-0.285466018043598,-0.958388831603505,0.));
#4853=DIRECTION('',(0.,0.,-1.));
#4854=DIRECTION('center_axis',(0.,1.,0.));
#4855=DIRECTION('ref_axis',(1.,0.,0.));
#4856=DIRECTION('',(-1.,0.,0.));
#4857=DIRECTION('',(1.,0.,0.));
#4858=DIRECTION('',(0.,0.,-1.));
#4859=DIRECTION('center_axis',(-0.9711222338058,0.2385824951836,0.));
#4860=DIRECTION('ref_axis',(0.2385824951836,0.9711222338058,0.));
#4861=DIRECTION('',(-0.2385824951836,-0.9711222338058,0.));
#4862=DIRECTION('',(0.2385824951836,0.9711222338058,0.));
#4863=DIRECTION('',(0.,0.,-1.));
#4864=DIRECTION('center_axis',(1.,0.,0.));
#4865=DIRECTION('ref_axis',(0.,-1.,0.));
#4866=DIRECTION('',(0.,1.,0.));
#4867=DIRECTION('',(0.,-1.,0.));
#4868=DIRECTION('',(0.,0.,-1.));
#4869=DIRECTION('center_axis',(0.,1.,0.));
#4870=DIRECTION('ref_axis',(1.,0.,0.));
#4871=DIRECTION('',(-1.,0.,0.));
#4872=DIRECTION('',(1.,0.,0.));
#4873=DIRECTION('',(0.,0.,-1.));
#4874=DIRECTION('center_axis',(-1.,0.,0.));
#4875=DIRECTION('ref_axis',(0.,1.,0.));
#4876=DIRECTION('',(0.,-1.,0.));
#4877=DIRECTION('',(0.,1.,0.));
#4878=DIRECTION('',(0.,0.,-1.));
#4879=DIRECTION('center_axis',(0.,-1.,0.));
#4880=DIRECTION('ref_axis',(-1.,0.,0.));
#4881=DIRECTION('',(1.,0.,0.));
#4882=DIRECTION('',(-1.,0.,0.));
#4883=DIRECTION('',(0.,0.,-1.));
#4884=DIRECTION('center_axis',(1.,0.,0.));
#4885=DIRECTION('ref_axis',(0.,-1.,0.));
#4886=DIRECTION('',(0.,1.,0.));
#4887=DIRECTION('',(0.,-1.,0.));
#4888=DIRECTION('',(0.,0.,-1.));
#4889=DIRECTION('center_axis',(-0.958328086011091,-0.285669878640222,0.));
#4890=DIRECTION('ref_axis',(-0.285669878640222,0.958328086011091,0.));
#4891=DIRECTION('',(0.285669878640222,-0.958328086011091,0.));
#4892=DIRECTION('',(-0.285669878640222,0.958328086011091,0.));
#4893=DIRECTION('',(0.,0.,-1.));
#4894=DIRECTION('center_axis',(0.,-1.,0.));
#4895=DIRECTION('ref_axis',(-1.,0.,0.));
#4896=DIRECTION('',(1.,0.,0.));
#4897=DIRECTION('',(-1.,0.,0.));
#4898=DIRECTION('center_axis',(0.,0.,-1.));
#4899=DIRECTION('ref_axis',(-1.,0.,0.));
#4900=DIRECTION('center_axis',(0.,-1.,0.));
#4901=DIRECTION('ref_axis',(-1.,0.,0.));
#4902=DIRECTION('',(1.,0.,0.));
#4903=DIRECTION('',(0.,0.,-1.));
#4904=DIRECTION('',(-1.,0.,0.));
#4905=DIRECTION('',(0.,0.,-1.));
#4906=DIRECTION('center_axis',(1.,0.,0.));
#4907=DIRECTION('ref_axis',(0.,-1.,0.));
#4908=DIRECTION('',(0.,1.,0.));
#4909=DIRECTION('',(0.,-1.,0.));
#4910=DIRECTION('',(0.,0.,-1.));
#4911=DIRECTION('center_axis',(0.,1.,0.));
#4912=DIRECTION('ref_axis',(1.,0.,0.));
#4913=DIRECTION('',(-1.,0.,0.));
#4914=DIRECTION('',(1.,0.,0.));
#4915=DIRECTION('',(0.,0.,-1.));
#4916=DIRECTION('center_axis',(-1.,0.,0.));
#4917=DIRECTION('ref_axis',(0.,1.,0.));
#4918=DIRECTION('',(0.,-1.,0.));
#4919=DIRECTION('',(0.,1.,0.));
#4920=DIRECTION('center_axis',(0.,0.,-1.));
#4921=DIRECTION('ref_axis',(-1.,0.,0.));
#4922=DIRECTION('center_axis',(0.,1.38777878078144E-16,-1.));
#4923=DIRECTION('ref_axis',(0.,-1.,-1.38777878078144E-16));
#4924=DIRECTION('',(0.,-1.,-1.38777878078144E-16));
#4925=DIRECTION('',(-1.,0.,0.));
#4926=DIRECTION('',(0.,1.,1.38777878078144E-16));
#4927=DIRECTION('',(-1.,0.,0.));
#4928=DIRECTION('center_axis',(-1.,0.,0.));
#4929=DIRECTION('ref_axis',(0.,0.,-1.));
#4930=DIRECTION('center_axis',(-1.,0.,0.));
#4931=DIRECTION('ref_axis',(0.,0.,-1.));
#4932=DIRECTION('center_axis',(1.,0.,0.));
#4933=DIRECTION('ref_axis',(0.,0.,-1.));
#4934=DIRECTION('',(-1.,0.,0.));
#4935=DIRECTION('center_axis',(0.,-1.,2.22044604925031E-15));
#4936=DIRECTION('ref_axis',(0.,2.22044604925031E-15,1.));
#4937=DIRECTION('',(0.,2.22044604925031E-15,1.));
#4938=DIRECTION('',(0.,-2.22044604925031E-15,-1.));
#4939=DIRECTION('',(-1.,0.,0.));
#4940=DIRECTION('center_axis',(-1.,0.,0.));
#4941=DIRECTION('ref_axis',(0.,-1.,-1.11022302462516E-15));
#4942=DIRECTION('center_axis',(-1.,0.,0.));
#4943=DIRECTION('ref_axis',(0.,-1.,-1.11022302462516E-15));
#4944=DIRECTION('center_axis',(1.,0.,0.));
#4945=DIRECTION('ref_axis',(0.,-1.,-1.11022302462516E-15));
#4946=DIRECTION('',(-1.,0.,0.));
#4947=DIRECTION('center_axis',(0.,-1.38777878078145E-16,1.));
#4948=DIRECTION('ref_axis',(0.,1.,1.38777878078145E-16));
#4949=DIRECTION('',(0.,1.,1.38777878078145E-16));
#4950=DIRECTION('',(0.,-1.,-1.38777878078145E-16));
#4951=DIRECTION('',(-1.,0.,0.));
#4952=DIRECTION('center_axis',(-1.,0.,0.));
#4953=DIRECTION('ref_axis',(0.,1.,3.33066907387548E-15));
#4954=DIRECTION('center_axis',(-1.,0.,0.));
#4955=DIRECTION('ref_axis',(0.,1.,3.33066907387548E-15));
#4956=DIRECTION('',(-1.,0.,0.));
#4957=DIRECTION('center_axis',(1.,0.,0.));
#4958=DIRECTION('ref_axis',(0.,1.,3.33066907387548E-15));
#4959=DIRECTION('center_axis',(0.,1.,0.));
#4960=DIRECTION('ref_axis',(0.,0.,-1.));
#4961=DIRECTION('',(0.,0.,-1.));
#4962=DIRECTION('',(-1.,0.,0.));
#4963=DIRECTION('',(0.,0.,1.));
#4964=DIRECTION('center_axis',(-1.,0.,0.));
#4965=DIRECTION('ref_axis',(0.,0.,1.));
#4966=DIRECTION('center_axis',(-1.,0.,0.));
#4967=DIRECTION('ref_axis',(0.,0.,1.));
#4968=DIRECTION('center_axis',(1.,0.,0.));
#4969=DIRECTION('ref_axis',(0.,0.,1.));
#4970=DIRECTION('center_axis',(0.,-5.55111512312577E-16,-1.));
#4971=DIRECTION('ref_axis',(0.,1.,-5.55111512312577E-16));
#4972=DIRECTION('',(0.,1.,-5.55111512312577E-16));
#4973=DIRECTION('',(1.,0.,0.));
#4974=DIRECTION('',(0.,-1.,5.55111512312577E-16));
#4975=DIRECTION('',(1.,0.,0.));
#4976=DIRECTION('center_axis',(1.,0.,0.));
#4977=DIRECTION('ref_axis',(0.,0.,-1.));
#4978=DIRECTION('center_axis',(1.,0.,0.));
#4979=DIRECTION('ref_axis',(0.,0.,-1.));
#4980=DIRECTION('center_axis',(-1.,0.,0.));
#4981=DIRECTION('ref_axis',(0.,0.,-1.));
#4982=DIRECTION('',(1.,0.,0.));
#4983=DIRECTION('center_axis',(0.,1.,-8.88178419700128E-15));
#4984=DIRECTION('ref_axis',(0.,8.88178419700128E-15,1.));
#4985=DIRECTION('',(0.,8.88178419700128E-15,1.));
#4986=DIRECTION('',(0.,-8.88178419700128E-15,-1.));
#4987=DIRECTION('',(1.,0.,0.));
#4988=DIRECTION('center_axis',(1.,0.,0.));
#4989=DIRECTION('ref_axis',(0.,1.,-1.11022302462514E-15));
#4990=DIRECTION('center_axis',(1.,0.,0.));
#4991=DIRECTION('ref_axis',(0.,1.,-1.11022302462514E-15));
#4992=DIRECTION('center_axis',(-1.,0.,0.));
#4993=DIRECTION('ref_axis',(0.,1.,-1.11022302462514E-15));
#4994=DIRECTION('',(1.,0.,0.));
#4995=DIRECTION('center_axis',(0.,-2.08166817117217E-15,1.));
#4996=DIRECTION('ref_axis',(0.,-1.,-2.08166817117217E-15));
#4997=DIRECTION('',(0.,-1.,-2.08166817117217E-15));
#4998=DIRECTION('',(0.,1.,2.08166817117217E-15));
#4999=DIRECTION('',(1.,0.,0.));
#5000=DIRECTION('center_axis',(1.,0.,0.));
#5001=DIRECTION('ref_axis',(0.,-1.,1.11022302462516E-15));
#5002=DIRECTION('center_axis',(1.,0.,0.));
#5003=DIRECTION('ref_axis',(0.,-1.,1.11022302462516E-15));
#5004=DIRECTION('',(1.,0.,0.));
#5005=DIRECTION('center_axis',(-1.,0.,0.));
#5006=DIRECTION('ref_axis',(0.,-1.,1.11022302462516E-15));
#5007=DIRECTION('center_axis',(0.,-1.,-2.22044604925031E-15));
#5008=DIRECTION('ref_axis',(0.,2.22044604925031E-15,-1.));
#5009=DIRECTION('',(0.,2.22044604925031E-15,-1.));
#5010=DIRECTION('',(1.,0.,0.));
#5011=DIRECTION('',(0.,-2.22044604925031E-15,1.));
#5012=DIRECTION('center_axis',(1.,0.,0.));
#5013=DIRECTION('ref_axis',(0.,0.,1.));
#5014=DIRECTION('center_axis',(1.,0.,0.));
#5015=DIRECTION('ref_axis',(0.,0.,1.));
#5016=DIRECTION('center_axis',(-1.,0.,0.));
#5017=DIRECTION('ref_axis',(0.,0.,1.));
#5018=DIRECTION('center_axis',(0.,0.,-1.));
#5019=DIRECTION('ref_axis',(1.,0.,0.));
#5020=DIRECTION('',(1.,0.,0.));
#5021=DIRECTION('',(0.,-1.,0.));
#5022=DIRECTION('',(-1.,-2.93489079122971E-17,0.));
#5023=DIRECTION('',(0.,-1.,0.));
#5024=DIRECTION('center_axis',(1.,0.,0.));
#5025=DIRECTION('ref_axis',(0.,0.,1.));
#5026=DIRECTION('',(0.,0.,1.));
#5027=DIRECTION('',(0.,0.,-1.));
#5028=DIRECTION('',(0.,-1.,0.));
#5029=DIRECTION('center_axis',(0.,0.,1.));
#5030=DIRECTION('ref_axis',(-1.,0.,0.));
#5031=DIRECTION('',(-1.,0.,0.));
#5032=DIRECTION('',(1.,2.93489079122971E-17,0.));
#5033=DIRECTION('',(0.,-1.,0.));
#5034=DIRECTION('center_axis',(-1.,0.,0.));
#5035=DIRECTION('ref_axis',(0.,0.,-1.));
#5036=DIRECTION('',(0.,0.,-1.));
#5037=DIRECTION('',(0.,0.,1.));
#5038=DIRECTION('center_axis',(0.,0.,-1.));
#5039=DIRECTION('ref_axis',(1.,0.,0.));
#5040=DIRECTION('',(1.,0.,0.));
#5041=DIRECTION('',(0.,-1.,0.));
#5042=DIRECTION('',(-1.,-2.93489079122971E-17,0.));
#5043=DIRECTION('',(0.,-1.,0.));
#5044=DIRECTION('center_axis',(1.,0.,1.11022302462516E-15));
#5045=DIRECTION('ref_axis',(-1.11022302462516E-15,0.,1.));
#5046=DIRECTION('',(-1.11022302462516E-15,0.,1.));
#5047=DIRECTION('',(1.11022302462516E-15,3.25838333118356E-32,-1.));
#5048=DIRECTION('',(0.,-1.,0.));
#5049=DIRECTION('center_axis',(0.,0.,1.));
#5050=DIRECTION('ref_axis',(-1.,0.,0.));
#5051=DIRECTION('',(-1.,0.,0.));
#5052=DIRECTION('',(1.,2.93489079122971E-17,0.));
#5053=DIRECTION('',(0.,-1.,0.));
#5054=DIRECTION('center_axis',(-1.,0.,-5.55111512312578E-16));
#5055=DIRECTION('ref_axis',(5.55111512312578E-16,0.,-1.));
#5056=DIRECTION('',(5.55111512312578E-16,0.,-1.));
#5057=DIRECTION('',(-5.55111512312578E-16,-1.62919166559178E-32,1.));
#5058=DIRECTION('center_axis',(1.,0.,0.));
#5059=DIRECTION('ref_axis',(0.,0.,1.));
#5060=DIRECTION('',(0.,0.,1.));
#5061=DIRECTION('',(0.,-1.,0.));
#5062=DIRECTION('',(0.,0.,-1.));
#5063=DIRECTION('',(0.,-1.,0.));
#5064=DIRECTION('center_axis',(0.,0.,1.));
#5065=DIRECTION('ref_axis',(-1.,0.,0.));
#5066=DIRECTION('',(-1.,0.,0.));
#5067=DIRECTION('',(1.,2.93489079122971E-17,0.));
#5068=DIRECTION('',(0.,-1.,0.));
#5069=DIRECTION('center_axis',(-1.,0.,0.));
#5070=DIRECTION('ref_axis',(0.,0.,-1.));
#5071=DIRECTION('',(0.,0.,-1.));
#5072=DIRECTION('',(0.,0.,1.));
#5073=DIRECTION('',(0.,-1.,0.));
#5074=DIRECTION('center_axis',(-3.90923600220126E-17,0.,-1.));
#5075=DIRECTION('ref_axis',(1.,0.,-3.90923600220126E-17));
#5076=DIRECTION('',(1.,0.,-3.90923600220126E-17));
#5077=DIRECTION('',(-1.,-2.93489079122971E-17,3.90923600220126E-17));
#5078=DIRECTION('center_axis',(0.,0.,1.));
#5079=DIRECTION('ref_axis',(1.,0.,0.));
#5080=DIRECTION('',(1.,0.,0.));
#5081=DIRECTION('',(0.,1.,0.));
#5082=DIRECTION('',(-0.707106771440089,0.707106790933006,0.));
#5083=DIRECTION('',(-1.,0.,0.));
#5084=DIRECTION('',(0.,-1.,0.));
#5085=DIRECTION('center_axis',(0.,1.,0.));
#5086=DIRECTION('ref_axis',(-1.,0.,0.));
#5087=DIRECTION('',(0.,0.,1.));
#5088=DIRECTION('',(-1.,0.,0.));
#5089=DIRECTION('',(0.,0.,1.));
#5090=DIRECTION('center_axis',(0.707106790933006,0.707106771440089,0.));
#5091=DIRECTION('ref_axis',(-0.707106771440089,0.707106790933006,0.));
#5092=DIRECTION('',(0.,0.,1.));
#5093=DIRECTION('',(-0.707106771440089,0.707106790933006,0.));
#5094=DIRECTION('center_axis',(1.,0.,0.));
#5095=DIRECTION('ref_axis',(0.,1.,0.));
#5096=DIRECTION('',(0.,0.,1.));
#5097=DIRECTION('',(0.,1.,0.));
#5098=DIRECTION('center_axis',(0.,0.,1.));
#5099=DIRECTION('ref_axis',(1.,0.,0.));
#5100=DIRECTION('',(0.,-1.,0.));
#5101=DIRECTION('',(0.707106771440089,-0.707106790933006,0.));
#5102=DIRECTION('',(1.,2.93489079122971E-17,0.));
#5103=DIRECTION('',(0.,1.,0.));
#5104=DIRECTION('',(-1.,0.,0.));
#5105=DIRECTION('',(1.,0.,0.));
#5106=DIRECTION('',(0.,-1.,0.));
#5107=DIRECTION('center_axis',(-1.,0.,0.));
#5108=DIRECTION('ref_axis',(0.,-1.,0.));
#5109=DIRECTION('',(0.,0.,1.));
#5110=DIRECTION('center_axis',(0.,-1.,0.));
#5111=DIRECTION('ref_axis',(1.,0.,0.));
#5112=DIRECTION('center_axis',(0.,1.,0.));
#5113=DIRECTION('ref_axis',(-1.,0.,0.));
#5114=DIRECTION('',(1.,0.,0.));
#5115=DIRECTION('',(0.,0.,1.));
#5116=DIRECTION('',(0.,0.,1.));
#5117=DIRECTION('center_axis',(1.,0.,0.));
#5118=DIRECTION('ref_axis',(0.,1.,0.));
#5119=DIRECTION('',(0.,-1.,0.));
#5120=DIRECTION('',(0.,0.,1.));
#5121=DIRECTION('center_axis',(2.93489079122971E-17,-1.,0.));
#5122=DIRECTION('ref_axis',(1.,2.93489079122971E-17,0.));
#5123=DIRECTION('',(-1.,-2.93489079122971E-17,0.));
#5124=DIRECTION('',(0.,0.,1.));
#5125=DIRECTION('center_axis',(-0.707106790933006,-0.707106771440089,0.));
#5126=DIRECTION('ref_axis',(0.707106771440089,-0.707106790933006,0.));
#5127=DIRECTION('',(0.707106771440089,-0.707106790933006,0.));
#5128=DIRECTION('',(0.,0.,1.));
#5129=DIRECTION('center_axis',(-1.,0.,0.));
#5130=DIRECTION('ref_axis',(0.,-1.,0.));
#5131=DIRECTION('',(0.,-1.,0.));
#5132=DIRECTION('center_axis',(0.,0.,1.));
#5133=DIRECTION('ref_axis',(1.,0.,0.));
#5134=DIRECTION('center_axis',(1.,0.,0.));
#5135=DIRECTION('ref_axis',(0.,1.,0.));
#5136=DIRECTION('',(0.,-1.,0.));
#5137=DIRECTION('',(0.,0.,1.));
#5138=DIRECTION('',(0.,1.,0.));
#5139=DIRECTION('',(0.,0.,1.));
#5140=DIRECTION('center_axis',(2.93489079122971E-17,-1.,0.));
#5141=DIRECTION('ref_axis',(1.,2.93489079122971E-17,0.));
#5142=DIRECTION('',(-1.,-2.93489079122971E-17,0.));
#5143=DIRECTION('',(1.,2.93489079122971E-17,0.));
#5144=DIRECTION('',(0.,0.,1.));
#5145=DIRECTION('center_axis',(-0.707106790933006,-0.707106771440089,0.));
#5146=DIRECTION('ref_axis',(0.707106771440089,-0.707106790933006,0.));
#5147=DIRECTION('',(-0.707106771440089,0.707106790933006,0.));
#5148=DIRECTION('',(0.707106771440089,-0.707106790933006,0.));
#5149=DIRECTION('',(0.,0.,1.));
#5150=DIRECTION('center_axis',(-1.,0.,0.));
#5151=DIRECTION('ref_axis',(0.,-1.,0.));
#5152=DIRECTION('',(0.,1.,0.));
#5153=DIRECTION('',(0.,-1.,0.));
#5154=DIRECTION('',(0.,0.,1.));
#5155=DIRECTION('center_axis',(0.,1.,0.));
#5156=DIRECTION('ref_axis',(-1.,0.,0.));
#5157=DIRECTION('',(1.,0.,0.));
#5158=DIRECTION('',(-1.,0.,0.));
#5159=DIRECTION('center_axis',(0.,0.,1.));
#5160=DIRECTION('ref_axis',(1.,0.,0.));
#5161=DIRECTION('center_axis',(0.,0.,1.));
#5162=DIRECTION('ref_axis',(1.,0.,0.));
#5163=DIRECTION('center_axis',(1.,0.,0.));
#5164=DIRECTION('ref_axis',(0.,1.,0.));
#5165=DIRECTION('',(0.,-1.,0.));
#5166=DIRECTION('',(0.,0.,1.));
#5167=DIRECTION('',(0.,1.,0.));
#5168=DIRECTION('',(0.,0.,1.));
#5169=DIRECTION('center_axis',(0.,-1.,0.));
#5170=DIRECTION('ref_axis',(1.,0.,0.));
#5171=DIRECTION('',(-1.,0.,0.));
#5172=DIRECTION('',(1.,0.,0.));
#5173=DIRECTION('',(0.,0.,1.));
#5174=DIRECTION('center_axis',(-0.707106790933006,-0.707106771440089,0.));
#5175=DIRECTION('ref_axis',(0.707106771440089,-0.707106790933006,0.));
#5176=DIRECTION('',(-0.707106771440089,0.707106790933006,0.));
#5177=DIRECTION('',(0.707106771440089,-0.707106790933006,0.));
#5178=DIRECTION('',(0.,0.,1.));
#5179=DIRECTION('center_axis',(-1.,0.,0.));
#5180=DIRECTION('ref_axis',(0.,-1.,0.));
#5181=DIRECTION('',(0.,1.,0.));
#5182=DIRECTION('',(0.,-1.,0.));
#5183=DIRECTION('',(0.,0.,1.));
#5184=DIRECTION('center_axis',(0.,1.,0.));
#5185=DIRECTION('ref_axis',(-1.,0.,0.));
#5186=DIRECTION('',(1.,0.,0.));
#5187=DIRECTION('',(-1.,0.,0.));
#5188=DIRECTION('center_axis',(0.,0.,1.));
#5189=DIRECTION('ref_axis',(1.,0.,0.));
#5190=DIRECTION('center_axis',(0.,0.,1.));
#5191=DIRECTION('ref_axis',(1.,0.,0.));
#5192=CARTESIAN_POINT('',(0.,0.,0.));
#5193=CARTESIAN_POINT('Origin',(-15.8562530657562,21.4999996423721,0.));
#5194=CARTESIAN_POINT('',(-14.7975744387421,13.4999989271164,0.));
#5195=CARTESIAN_POINT('',(-15.8562530657562,21.4999996423721,0.));
#5196=CARTESIAN_POINT('',(-16.5431722285032,26.6907663708905,0.));
#5197=CARTESIAN_POINT('',(-14.7975744387421,13.4999989271164,-3.));
#5198=CARTESIAN_POINT('',(-14.7975744387421,13.4999989271164,0.));
#5199=CARTESIAN_POINT('',(-15.8562530657562,21.4999996423721,-3.));
#5200=CARTESIAN_POINT('',(-14.7975744387421,13.4999989271164,-3.));
#5201=CARTESIAN_POINT('',(-15.8562530657562,21.4999996423721,0.));
#5202=CARTESIAN_POINT('Origin',(-19.0162290713104,21.4999996423721,0.));
#5203=CARTESIAN_POINT('',(-19.0162290713104,21.4999996423721,0.));
#5204=CARTESIAN_POINT('',(-12.0081145356552,21.4999996423721,0.));
#5205=CARTESIAN_POINT('',(-19.0162290713104,21.4999996423721,-3.));
#5206=CARTESIAN_POINT('',(-15.8562530657562,21.4999996423721,-3.));
#5207=CARTESIAN_POINT('',(-19.0162290713104,21.4999996423721,0.));
#5208=CARTESIAN_POINT('Origin',(-20.2182056090149,13.4999989271164,0.));
#5209=CARTESIAN_POINT('',(-20.2182056090149,13.4999989271164,0.));
#5210=CARTESIAN_POINT('',(-18.5809259958698,24.397248303755,0.));
#5211=CARTESIAN_POINT('',(-20.2182056090149,13.4999989271164,-3.));
#5212=CARTESIAN_POINT('',(-19.0162290713104,21.4999996423721,-3.));
#5213=CARTESIAN_POINT('',(-20.2182056090149,13.4999989271164,0.));
#5214=CARTESIAN_POINT('Origin',(-18.024258770636,13.4999989271164,0.));
#5215=CARTESIAN_POINT('',(-18.024258770636,13.4999989271164,0.));
#5216=CARTESIAN_POINT('',(-11.512129385318,13.4999989271164,0.));
#5217=CARTESIAN_POINT('',(-18.024258770636,13.4999989271164,-3.));
#5218=CARTESIAN_POINT('',(-20.2182056090149,13.4999989271164,-3.));
#5219=CARTESIAN_POINT('',(-18.024258770636,13.4999989271164,0.));
#5220=CARTESIAN_POINT('Ctrl Pts',(-17.4782420775207,19.0935753583908,0.));
#5221=CARTESIAN_POINT('Ctrl Pts',(-17.4782420775207,19.0935753583908,-3.));
#5222=CARTESIAN_POINT('Ctrl Pts',(-17.5468917255449,18.2457032396491,0.));
#5223=CARTESIAN_POINT('Ctrl Pts',(-17.5468917255449,18.2457032396491,-3.));
#5224=CARTESIAN_POINT('Ctrl Pts',(-17.6980976833646,16.3782018101039,0.));
#5225=CARTESIAN_POINT('Ctrl Pts',(-17.6980976833646,16.3782018101039,-3.));
#5226=CARTESIAN_POINT('Ctrl Pts',(-17.9090705666597,14.5164752442155,0.));
#5227=CARTESIAN_POINT('Ctrl Pts',(-17.9090705666597,14.5164752442155,-3.));
#5228=CARTESIAN_POINT('Ctrl Pts',(-18.024258770636,13.4999989271164,0.));
#5229=CARTESIAN_POINT('Ctrl Pts',(-18.024258770636,13.4999989271164,-3.));
#5230=CARTESIAN_POINT('',(-17.4782420775207,19.0935753583908,0.));
#5231=CARTESIAN_POINT('Ctrl Pts',(-18.024258770636,13.4999989271164,0.));
#5232=CARTESIAN_POINT('Ctrl Pts',(-17.9090705666597,14.5164752442155,0.));
#5233=CARTESIAN_POINT('Ctrl Pts',(-17.6980976833646,16.3782018101039,0.));
#5234=CARTESIAN_POINT('Ctrl Pts',(-17.5468917255449,18.2457032396491,0.));
#5235=CARTESIAN_POINT('Ctrl Pts',(-17.4782420775207,19.0935753583908,0.));
#5236=CARTESIAN_POINT('',(-17.4782420775207,19.0935753583908,-3.));
#5237=CARTESIAN_POINT('Ctrl Pts',(-17.4782420775207,19.0935753583908,-3.));
#5238=CARTESIAN_POINT('Ctrl Pts',(-17.5468917255449,18.2457032396491,-3.));
#5239=CARTESIAN_POINT('Ctrl Pts',(-17.6980976833646,16.3782018101039,-3.));
#5240=CARTESIAN_POINT('Ctrl Pts',(-17.9090705666597,14.5164752442155,-3.));
#5241=CARTESIAN_POINT('Ctrl Pts',(-18.024258770636,13.4999989271164,-3.));
#5242=CARTESIAN_POINT('',(-17.4782420775207,19.0935753583908,0.));
#5243=CARTESIAN_POINT('Ctrl Pts',(-17.1359790941986,14.9876456260681,0.));
#5244=CARTESIAN_POINT('Ctrl Pts',(-17.1359790941986,14.9876456260681,-3.));
#5245=CARTESIAN_POINT('Ctrl Pts',(-17.1969802444747,15.6285246765875,0.));
#5246=CARTESIAN_POINT('Ctrl Pts',(-17.1969802444747,15.6285246765875,-3.));
#5247=CARTESIAN_POINT('Ctrl Pts',(-17.3271244467511,16.9958217260369,0.));
#5248=CARTESIAN_POINT('Ctrl Pts',(-17.3271244467511,16.9958217260369,-3.));
#5249=CARTESIAN_POINT('Ctrl Pts',(-17.4258115583669,18.3657561658783,0.));
#5250=CARTESIAN_POINT('Ctrl Pts',(-17.4258115583669,18.3657561658783,-3.));
#5251=CARTESIAN_POINT('Ctrl Pts',(-17.4782420775207,19.0935753583908,0.));
#5252=CARTESIAN_POINT('Ctrl Pts',(-17.4782420775207,19.0935753583908,-3.));
#5253=CARTESIAN_POINT('',(-17.1359790941986,14.9876456260681,0.));
#5254=CARTESIAN_POINT('Ctrl Pts',(-17.4782420775207,19.0935753583908,0.));
#5255=CARTESIAN_POINT('Ctrl Pts',(-17.4258115583669,18.3657561658783,0.));
#5256=CARTESIAN_POINT('Ctrl Pts',(-17.3271244467511,16.9958217260369,0.));
#5257=CARTESIAN_POINT('Ctrl Pts',(-17.1969802444747,15.6285246765875,0.));
#5258=CARTESIAN_POINT('Ctrl Pts',(-17.1359790941986,14.9876456260681,0.));
#5259=CARTESIAN_POINT('',(-17.1359790941986,14.9876456260681,-3.));
#5260=CARTESIAN_POINT('Ctrl Pts',(-17.1359790941986,14.9876456260681,-3.));
#5261=CARTESIAN_POINT('Ctrl Pts',(-17.1969802444747,15.6285246765875,-3.));
#5262=CARTESIAN_POINT('Ctrl Pts',(-17.3271244467511,16.9958217260369,-3.));
#5263=CARTESIAN_POINT('Ctrl Pts',(-17.4258115583669,18.3657561658783,-3.));
#5264=CARTESIAN_POINT('Ctrl Pts',(-17.4782420775207,19.0935753583908,-3.));
#5265=CARTESIAN_POINT('',(-17.1359790941986,14.9876456260681,0.));
#5266=CARTESIAN_POINT('Origin',(-16.9915224692139,13.4999989271164,0.));
#5267=CARTESIAN_POINT('',(-16.9915224692139,13.4999989271164,0.));
#5268=CARTESIAN_POINT('',(-17.8974859172944,22.8298135552122,0.));
#5269=CARTESIAN_POINT('',(-16.9915224692139,13.4999989271164,-3.));
#5270=CARTESIAN_POINT('',(-17.1359790941986,14.9876456260681,-3.));
#5271=CARTESIAN_POINT('',(-16.9915224692139,13.4999989271164,0.));
#5272=CARTESIAN_POINT('Origin',(-14.7975744387421,13.4999989271164,0.));
#5273=CARTESIAN_POINT('',(-9.89878721937103,13.4999989271164,0.));
#5274=CARTESIAN_POINT('',(-16.9915224692139,13.4999989271164,-3.));
#5275=CARTESIAN_POINT('Origin',(3.3420197585312,17.4999995827675,-3.));
#5276=CARTESIAN_POINT('Origin',(-2.50356570690001,18.8465093374252,0.));
#5277=CARTESIAN_POINT('',(-2.50356570690001,13.4999989271164,0.));
#5278=CARTESIAN_POINT('',(-2.50356570690001,18.8465093374252,0.));
#5279=CARTESIAN_POINT('',(-2.50356570690001,26.1732546687126,0.));
#5280=CARTESIAN_POINT('',(-2.50356570690001,13.4999989271164,-3.));
#5281=CARTESIAN_POINT('',(-2.50356570690001,13.4999989271164,0.));
#5282=CARTESIAN_POINT('',(-2.50356570690001,18.8465093374252,-3.));
#5283=CARTESIAN_POINT('',(-2.50356570690001,13.4999989271164,-3.));
#5284=CARTESIAN_POINT('',(-2.50356570690001,18.8465093374252,0.));
#5285=CARTESIAN_POINT('Ctrl Pts',(-2.56286279170836,20.1238416433334,0.));
#5286=CARTESIAN_POINT('Ctrl Pts',(-2.56286279170836,20.1238416433334,-3.));
#5287=CARTESIAN_POINT('Ctrl Pts',(-2.54574716115861,19.9561656303079,0.));
#5288=CARTESIAN_POINT('Ctrl Pts',(-2.54574716115861,19.9561656303079,-3.));
#5289=CARTESIAN_POINT('Ctrl Pts',(-2.50241481869827,19.5316534046153,0.));
#5290=CARTESIAN_POINT('Ctrl Pts',(-2.50241481869827,19.5316534046153,-3.));
#5291=CARTESIAN_POINT('Ctrl Pts',(-2.50313187635121,19.1047763230692,0.));
#5292=CARTESIAN_POINT('Ctrl Pts',(-2.50313187635121,19.1047763230692,-3.));
#5293=CARTESIAN_POINT('Ctrl Pts',(-2.50356570690001,18.8465093374252,0.));
#5294=CARTESIAN_POINT('Ctrl Pts',(-2.50356570690001,18.8465093374252,-3.));
#5295=CARTESIAN_POINT('',(-2.56286279170836,20.1238416433334,0.));
#5296=CARTESIAN_POINT('Ctrl Pts',(-2.50356570690001,18.8465093374252,0.));
#5297=CARTESIAN_POINT('Ctrl Pts',(-2.50313187635121,19.1047763230692,0.));
#5298=CARTESIAN_POINT('Ctrl Pts',(-2.50241481869827,19.5316534046153,0.));
#5299=CARTESIAN_POINT('Ctrl Pts',(-2.54574716115861,19.9561656303079,0.));
#5300=CARTESIAN_POINT('Ctrl Pts',(-2.56286279170836,20.1238416433334,0.));
#5301=CARTESIAN_POINT('',(-2.56286279170836,20.1238416433334,-3.));
#5302=CARTESIAN_POINT('Ctrl Pts',(-2.56286279170836,20.1238416433334,-3.));
#5303=CARTESIAN_POINT('Ctrl Pts',(-2.54574716115861,19.9561656303079,-3.));
#5304=CARTESIAN_POINT('Ctrl Pts',(-2.50241481869827,19.5316534046153,-3.));
#5305=CARTESIAN_POINT('Ctrl Pts',(-2.50313187635121,19.1047763230692,-3.));
#5306=CARTESIAN_POINT('Ctrl Pts',(-2.50356570690001,18.8465093374252,-3.));
#5307=CARTESIAN_POINT('',(-2.56286279170836,20.1238416433334,0.));
#5308=CARTESIAN_POINT('Ctrl Pts',(-2.91369573085631,20.8798633813858,0.));
#5309=CARTESIAN_POINT('Ctrl Pts',(-2.91369573085631,20.8798633813858,-3.));
#5310=CARTESIAN_POINT('Ctrl Pts',(-2.82706599680177,20.7562094445134,0.));
#5311=CARTESIAN_POINT('Ctrl Pts',(-2.82706599680177,20.7562094445134,-3.));
#5312=CARTESIAN_POINT('Ctrl Pts',(-2.66489707973702,20.524732051073,0.));
#5313=CARTESIAN_POINT('Ctrl Pts',(-2.66489707973702,20.524732051073,-3.));
#5314=CARTESIAN_POINT('Ctrl Pts',(-2.59528737780485,20.2512371080556,0.));
#5315=CARTESIAN_POINT('Ctrl Pts',(-2.59528737780485,20.2512371080556,-3.));
#5316=CARTESIAN_POINT('Ctrl Pts',(-2.56286279170836,20.1238416433334,0.));
#5317=CARTESIAN_POINT('Ctrl Pts',(-2.56286279170836,20.1238416433334,-3.));
#5318=CARTESIAN_POINT('',(-2.91369573085631,20.8798633813858,0.));
#5319=CARTESIAN_POINT('Ctrl Pts',(-2.56286279170836,20.1238416433334,0.));
#5320=CARTESIAN_POINT('Ctrl Pts',(-2.59528737780485,20.2512371080556,0.));
#5321=CARTESIAN_POINT('Ctrl Pts',(-2.66489707973702,20.524732051073,0.));
#5322=CARTESIAN_POINT('Ctrl Pts',(-2.82706599680177,20.7562094445134,0.));
#5323=CARTESIAN_POINT('Ctrl Pts',(-2.91369573085631,20.8798633813858,0.));
#5324=CARTESIAN_POINT('',(-2.91369573085631,20.8798633813858,-3.));
#5325=CARTESIAN_POINT('Ctrl Pts',(-2.91369573085631,20.8798633813858,-3.));
#5326=CARTESIAN_POINT('Ctrl Pts',(-2.82706599680177,20.7562094445134,-3.));
#5327=CARTESIAN_POINT('Ctrl Pts',(-2.66489707973702,20.524732051073,-3.));
#5328=CARTESIAN_POINT('Ctrl Pts',(-2.59528737780485,20.2512371080556,-3.));
#5329=CARTESIAN_POINT('Ctrl Pts',(-2.56286279170836,20.1238416433334,-3.));
#5330=CARTESIAN_POINT('',(-2.91369573085631,20.8798633813858,0.));
#5331=CARTESIAN_POINT('Ctrl Pts',(-3.68207112758483,21.4678810834885,0.));
#5332=CARTESIAN_POINT('Ctrl Pts',(-3.68207112758483,21.4678810834885,-3.));
#5333=CARTESIAN_POINT('Ctrl Pts',(-3.53169305854184,21.3944659590482,0.));
#5334=CARTESIAN_POINT('Ctrl Pts',(-3.53169305854184,21.3944659590482,-3.));
#5335=CARTESIAN_POINT('Ctrl Pts',(-3.23589630286364,21.2500568988351,0.));
#5336=CARTESIAN_POINT('Ctrl Pts',(-3.23589630286364,21.2500568988351,-3.));
#5337=CARTESIAN_POINT('Ctrl Pts',(-3.01988871396849,21.0018741950284,0.));
#5338=CARTESIAN_POINT('Ctrl Pts',(-3.01988871396849,21.0018741950284,-3.));
#5339=CARTESIAN_POINT('Ctrl Pts',(-2.91369573085631,20.8798633813858,0.));
#5340=CARTESIAN_POINT('Ctrl Pts',(-2.91369573085631,20.8798633813858,-3.));
#5341=CARTESIAN_POINT('',(-3.68207112758483,21.4678810834885,0.));
#5342=CARTESIAN_POINT('Ctrl Pts',(-2.91369573085631,20.8798633813858,0.));
#5343=CARTESIAN_POINT('Ctrl Pts',(-3.01988871396849,21.0018741950284,0.));
#5344=CARTESIAN_POINT('Ctrl Pts',(-3.23589630286364,21.2500568988351,0.));
#5345=CARTESIAN_POINT('Ctrl Pts',(-3.53169305854184,21.3944659590482,0.));
#5346=CARTESIAN_POINT('Ctrl Pts',(-3.68207112758483,21.4678810834885,0.));
#5347=CARTESIAN_POINT('',(-3.68207112758483,21.4678810834885,-3.));
#5348=CARTESIAN_POINT('Ctrl Pts',(-3.68207112758483,21.4678810834885,-3.));
#5349=CARTESIAN_POINT('Ctrl Pts',(-3.53169305854184,21.3944659590482,-3.));
#5350=CARTESIAN_POINT('Ctrl Pts',(-3.23589630286364,21.2500568988351,-3.));
#5351=CARTESIAN_POINT('Ctrl Pts',(-3.01988871396849,21.0018741950284,-3.));
#5352=CARTESIAN_POINT('Ctrl Pts',(-2.91369573085631,20.8798633813858,-3.));
#5353=CARTESIAN_POINT('',(-3.68207112758483,21.4678810834885,0.));
#5354=CARTESIAN_POINT('Ctrl Pts',(-4.80622188060607,21.6680048704147,0.));
#5355=CARTESIAN_POINT('Ctrl Pts',(-4.80622188060607,21.6680048704147,-3.));
#5356=CARTESIAN_POINT('Ctrl Pts',(-4.60273784883017,21.66176231197,0.));
#5357=CARTESIAN_POINT('Ctrl Pts',(-4.60273784883017,21.66176231197,-3.));
#5358=CARTESIAN_POINT('Ctrl Pts',(-4.21792168981864,21.6499567794074,0.));
#5359=CARTESIAN_POINT('Ctrl Pts',(-4.21792168981864,21.6499567794074,-3.));
#5360=CARTESIAN_POINT('Ctrl Pts',(-3.85369917043268,21.5261982665674,0.));
#5361=CARTESIAN_POINT('Ctrl Pts',(-3.85369917043268,21.5261982665674,-3.));
#5362=CARTESIAN_POINT('Ctrl Pts',(-3.68207112758483,21.4678810834885,0.));
#5363=CARTESIAN_POINT('Ctrl Pts',(-3.68207112758483,21.4678810834885,-3.));
#5364=CARTESIAN_POINT('',(-4.80622188060607,21.6680048704147,0.));
#5365=CARTESIAN_POINT('Ctrl Pts',(-3.68207112758483,21.4678810834885,0.));
#5366=CARTESIAN_POINT('Ctrl Pts',(-3.85369917043268,21.5261982665674,0.));
#5367=CARTESIAN_POINT('Ctrl Pts',(-4.21792168981864,21.6499567794074,0.));
#5368=CARTESIAN_POINT('Ctrl Pts',(-4.60273784883017,21.66176231197,0.));
#5369=CARTESIAN_POINT('Ctrl Pts',(-4.80622188060607,21.6680048704147,0.));
#5370=CARTESIAN_POINT('',(-4.80622188060607,21.6680048704147,-3.));
#5371=CARTESIAN_POINT('Ctrl Pts',(-4.80622188060607,21.6680048704147,-3.));
#5372=CARTESIAN_POINT('Ctrl Pts',(-4.60273784883017,21.66176231197,-3.));
#5373=CARTESIAN_POINT('Ctrl Pts',(-4.21792168981864,21.6499567794074,-3.));
#5374=CARTESIAN_POINT('Ctrl Pts',(-3.85369917043268,21.5261982665674,-3.));
#5375=CARTESIAN_POINT('Ctrl Pts',(-3.68207112758483,21.4678810834885,-3.));
#5376=CARTESIAN_POINT('',(-4.80622188060607,21.6680048704147,0.));
#5377=CARTESIAN_POINT('Ctrl Pts',(-6.07120171993102,21.4308212995529,0.));
#5378=CARTESIAN_POINT('Ctrl Pts',(-6.07120171993102,21.4308212995529,-3.));
#5379=CARTESIAN_POINT('Ctrl Pts',(-5.87626709933788,21.4999586917493,0.));
#5380=CARTESIAN_POINT('Ctrl Pts',(-5.87626709933788,21.4999586917493,-3.));
#5381=CARTESIAN_POINT('Ctrl Pts',(-5.46730736182173,21.6450042956505,0.));
#5382=CARTESIAN_POINT('Ctrl Pts',(-5.46730736182173,21.6450042956505,-3.));
#5383=CARTESIAN_POINT('Ctrl Pts',(-5.03333638652879,21.6601030720513,0.));
#5384=CARTESIAN_POINT('Ctrl Pts',(-5.03333638652879,21.6601030720513,-3.));
#5385=CARTESIAN_POINT('Ctrl Pts',(-4.80622188060607,21.6680048704147,0.));
#5386=CARTESIAN_POINT('Ctrl Pts',(-4.80622188060607,21.6680048704147,-3.));
#5387=CARTESIAN_POINT('',(-6.07120171993102,21.4308212995529,0.));
#5388=CARTESIAN_POINT('Ctrl Pts',(-4.80622188060607,21.6680048704147,0.));
#5389=CARTESIAN_POINT('Ctrl Pts',(-5.03333638652879,21.6601030720513,0.));
#5390=CARTESIAN_POINT('Ctrl Pts',(-5.46730736182173,21.6450042956505,0.));
#5391=CARTESIAN_POINT('Ctrl Pts',(-5.87626709933788,21.4999586917493,0.));
#5392=CARTESIAN_POINT('Ctrl Pts',(-6.07120171993102,21.4308212995529,0.));
#5393=CARTESIAN_POINT('',(-6.07120171993102,21.4308212995529,-3.));
#5394=CARTESIAN_POINT('Ctrl Pts',(-6.07120171993102,21.4308212995529,-3.));
#5395=CARTESIAN_POINT('Ctrl Pts',(-5.87626709933788,21.4999586917493,-3.));
#5396=CARTESIAN_POINT('Ctrl Pts',(-5.46730736182173,21.6450042956505,-3.));
#5397=CARTESIAN_POINT('Ctrl Pts',(-5.03333638652879,21.6601030720513,-3.));
#5398=CARTESIAN_POINT('Ctrl Pts',(-4.80622188060607,21.6680048704147,-3.));
#5399=CARTESIAN_POINT('',(-6.07120171993102,21.4308212995529,0.));
#5400=CARTESIAN_POINT('Ctrl Pts',(-6.89146176784361,20.813156247139,0.));
#5401=CARTESIAN_POINT('Ctrl Pts',(-6.89146176784361,20.813156247139,-3.));
#5402=CARTESIAN_POINT('Ctrl Pts',(-6.78407207473361,20.9362057537965,0.));
#5403=CARTESIAN_POINT('Ctrl Pts',(-6.78407207473361,20.9362057537965,-3.));
#5404=CARTESIAN_POINT('Ctrl Pts',(-6.55449623702603,21.1992588713939,0.));
#5405=CARTESIAN_POINT('Ctrl Pts',(-6.55449623702603,21.1992588713939,-3.));
#5406=CARTESIAN_POINT('Ctrl Pts',(-6.23907629626246,21.3503870236684,0.));
#5407=CARTESIAN_POINT('Ctrl Pts',(-6.23907629626246,21.3503870236684,-3.));
#5408=CARTESIAN_POINT('Ctrl Pts',(-6.07120171993102,21.4308212995529,0.));
#5409=CARTESIAN_POINT('Ctrl Pts',(-6.07120171993102,21.4308212995529,-3.));
#5410=CARTESIAN_POINT('',(-6.89146176784361,20.813156247139,0.));
#5411=CARTESIAN_POINT('Ctrl Pts',(-6.07120171993102,21.4308212995529,0.));
#5412=CARTESIAN_POINT('Ctrl Pts',(-6.23907629626246,21.3503870236684,0.));
#5413=CARTESIAN_POINT('Ctrl Pts',(-6.55449623702603,21.1992588713939,0.));
#5414=CARTESIAN_POINT('Ctrl Pts',(-6.78407207473361,20.9362057537965,0.));
#5415=CARTESIAN_POINT('Ctrl Pts',(-6.89146176784361,20.813156247139,0.));
#5416=CARTESIAN_POINT('',(-6.89146176784361,20.813156247139,-3.));
#5417=CARTESIAN_POINT('Ctrl Pts',(-6.89146176784361,20.813156247139,-3.));
#5418=CARTESIAN_POINT('Ctrl Pts',(-6.78407207473361,20.9362057537965,-3.));
#5419=CARTESIAN_POINT('Ctrl Pts',(-6.55449623702603,21.1992588713939,-3.));
#5420=CARTESIAN_POINT('Ctrl Pts',(-6.23907629626246,21.3503870236684,-3.));
#5421=CARTESIAN_POINT('Ctrl Pts',(-6.07120171993102,21.4308212995529,-3.));
#5422=CARTESIAN_POINT('',(-6.89146176784361,20.813156247139,0.));
#5423=CARTESIAN_POINT('Ctrl Pts',(-7.21264497249449,20.0101910829544,0.));
#5424=CARTESIAN_POINT('Ctrl Pts',(-7.21264497249449,20.0101910829544,-3.));
#5425=CARTESIAN_POINT('Ctrl Pts',(-7.18582966207569,20.1507626994493,0.));
#5426=CARTESIAN_POINT('Ctrl Pts',(-7.18582966207569,20.1507626994493,-3.));
#5427=CARTESIAN_POINT('Ctrl Pts',(-7.13083579541431,20.4390523598394,0.));
#5428=CARTESIAN_POINT('Ctrl Pts',(-7.13083579541431,20.4390523598394,-3.));
#5429=CARTESIAN_POINT('Ctrl Pts',(-6.97256093825858,20.6864110224506,0.));
#5430=CARTESIAN_POINT('Ctrl Pts',(-6.97256093825858,20.6864110224506,-3.));
#5431=CARTESIAN_POINT('Ctrl Pts',(-6.89146176784361,20.813156247139,0.));
#5432=CARTESIAN_POINT('Ctrl Pts',(-6.89146176784361,20.813156247139,-3.));
#5433=CARTESIAN_POINT('',(-7.21264497249449,20.0101910829544,0.));
#5434=CARTESIAN_POINT('Ctrl Pts',(-6.89146176784361,20.813156247139,0.));
#5435=CARTESIAN_POINT('Ctrl Pts',(-6.97256093825858,20.6864110224506,0.));
#5436=CARTESIAN_POINT('Ctrl Pts',(-7.13083579541431,20.4390523598394,0.));
#5437=CARTESIAN_POINT('Ctrl Pts',(-7.18582966207569,20.1507626994493,0.));
#5438=CARTESIAN_POINT('Ctrl Pts',(-7.21264497249449,20.0101910829544,0.));
#5439=CARTESIAN_POINT('',(-7.21264497249449,20.0101910829544,-3.));
#5440=CARTESIAN_POINT('Ctrl Pts',(-7.21264497249449,20.0101910829544,-3.));
#5441=CARTESIAN_POINT('Ctrl Pts',(-7.18582966207569,20.1507626994493,-3.));
#5442=CARTESIAN_POINT('Ctrl Pts',(-7.13083579541431,20.4390523598394,-3.));
#5443=CARTESIAN_POINT('Ctrl Pts',(-6.97256093825858,20.6864110224506,-3.));
#5444=CARTESIAN_POINT('Ctrl Pts',(-6.89146176784361,20.813156247139,-3.));
#5445=CARTESIAN_POINT('',(-7.21264497249449,20.0101910829544,0.));
#5446=CARTESIAN_POINT('Ctrl Pts',(-7.26205960719908,18.2337855100632,0.));
#5447=CARTESIAN_POINT('Ctrl Pts',(-7.26205960719908,18.2337855100632,-3.));
#5448=CARTESIAN_POINT('Ctrl Pts',(-7.26329662696889,18.6076536943765,0.));
#5449=CARTESIAN_POINT('Ctrl Pts',(-7.26329662696889,18.6076536943765,-3.));
#5450=CARTESIAN_POINT('Ctrl Pts',(-7.26525788747786,19.2004113231194,0.));
#5451=CARTESIAN_POINT('Ctrl Pts',(-7.26525788747786,19.2004113231194,-3.));
#5452=CARTESIAN_POINT('Ctrl Pts',(-7.22683391262769,19.7918052258505,0.));
#5453=CARTESIAN_POINT('Ctrl Pts',(-7.22683391262769,19.7918052258505,-3.));
#5454=CARTESIAN_POINT('Ctrl Pts',(-7.21264497249449,20.0101910829544,0.));
#5455=CARTESIAN_POINT('Ctrl Pts',(-7.21264497249449,20.0101910829544,-3.));
#5456=CARTESIAN_POINT('',(-7.26205960719908,18.2337855100632,0.));
#5457=CARTESIAN_POINT('Ctrl Pts',(-7.21264497249449,20.0101910829544,0.));
#5458=CARTESIAN_POINT('Ctrl Pts',(-7.22683391262769,19.7918052258505,0.));
#5459=CARTESIAN_POINT('Ctrl Pts',(-7.26525788747786,19.2004113231194,0.));
#5460=CARTESIAN_POINT('Ctrl Pts',(-7.26329662696889,18.6076536943765,0.));
#5461=CARTESIAN_POINT('Ctrl Pts',(-7.26205960719908,18.2337855100632,0.));
#5462=CARTESIAN_POINT('',(-7.26205960719908,18.2337855100632,-3.));
#5463=CARTESIAN_POINT('Ctrl Pts',(-7.26205960719908,18.2337855100632,-3.));
#5464=CARTESIAN_POINT('Ctrl Pts',(-7.26329662696889,18.6076536943765,-3.));
#5465=CARTESIAN_POINT('Ctrl Pts',(-7.26525788747786,19.2004113231194,-3.));
#5466=CARTESIAN_POINT('Ctrl Pts',(-7.22683391262769,19.7918052258505,-3.));
#5467=CARTESIAN_POINT('Ctrl Pts',(-7.21264497249449,20.0101910829544,-3.));
#5468=CARTESIAN_POINT('',(-7.26205960719908,18.2337855100632,0.));
#5469=CARTESIAN_POINT('Origin',(-7.26205960719908,13.4999989271164,0.));
#5470=CARTESIAN_POINT('',(-7.26205960719908,13.4999989271164,0.));
#5471=CARTESIAN_POINT('',(-7.26205960719908,23.4999994635582,0.));
#5472=CARTESIAN_POINT('',(-7.26205960719908,13.4999989271164,-3.));
#5473=CARTESIAN_POINT('',(-7.26205960719908,18.2337855100632,-3.));
#5474=CARTESIAN_POINT('',(-7.26205960719908,13.4999989271164,0.));
#5475=CARTESIAN_POINT('Origin',(-5.18176213710631,13.4999989271164,0.));
#5476=CARTESIAN_POINT('',(-5.18176213710631,13.4999989271164,0.));
#5477=CARTESIAN_POINT('',(-5.09088106855315,13.4999989271164,0.));
#5478=CARTESIAN_POINT('',(-5.18176213710631,13.4999989271164,-3.));
#5479=CARTESIAN_POINT('',(-7.26205960719908,13.4999989271164,-3.));
#5480=CARTESIAN_POINT('',(-5.18176213710631,13.4999989271164,0.));
#5481=CARTESIAN_POINT('Origin',(-5.18176213710631,19.4987641572952,0.));
#5482=CARTESIAN_POINT('',(-5.18176213710631,19.4987641572952,0.));
#5483=CARTESIAN_POINT('',(-5.18176213710631,26.4993820786476,0.));
#5484=CARTESIAN_POINT('',(-5.18176213710631,19.4987641572952,-3.));
#5485=CARTESIAN_POINT('',(-5.18176213710631,13.4999989271164,-3.));
#5486=CARTESIAN_POINT('',(-5.18176213710631,19.4987641572952,0.));
#5487=CARTESIAN_POINT('Ctrl Pts',(-5.12493745296324,20.1683132648468,0.));
#5488=CARTESIAN_POINT('Ctrl Pts',(-5.12493745296324,20.1683132648468,-3.));
#5489=CARTESIAN_POINT('Ctrl Pts',(-5.1412302304336,20.0884411218989,0.));
#5490=CARTESIAN_POINT('Ctrl Pts',(-5.1412302304336,20.0884411218989,-3.));
#5491=CARTESIAN_POINT('Ctrl Pts',(-5.18620049873359,19.867983210128,0.));
#5492=CARTESIAN_POINT('Ctrl Pts',(-5.18620049873359,19.867983210128,-3.));
#5493=CARTESIAN_POINT('Ctrl Pts',(-5.18349037807887,19.6425333109921,0.));
#5494=CARTESIAN_POINT('Ctrl Pts',(-5.18349037807887,19.6425333109921,-3.));
#5495=CARTESIAN_POINT('Ctrl Pts',(-5.18176213710631,19.4987641572952,0.));
#5496=CARTESIAN_POINT('Ctrl Pts',(-5.18176213710631,19.4987641572952,-3.));
#5497=CARTESIAN_POINT('',(-5.12493745296324,20.1683132648468,0.));
#5498=CARTESIAN_POINT('Ctrl Pts',(-5.18176213710631,19.4987641572952,0.));
#5499=CARTESIAN_POINT('Ctrl Pts',(-5.18349037807887,19.6425333109921,0.));
#5500=CARTESIAN_POINT('Ctrl Pts',(-5.18620049873359,19.867983210128,0.));
#5501=CARTESIAN_POINT('Ctrl Pts',(-5.1412302304336,20.0884411218989,0.));
#5502=CARTESIAN_POINT('Ctrl Pts',(-5.12493745296324,20.1683132648468,0.));
#5503=CARTESIAN_POINT('',(-5.12493745296324,20.1683132648468,-3.));
#5504=CARTESIAN_POINT('Ctrl Pts',(-5.12493745296324,20.1683132648468,-3.));
#5505=CARTESIAN_POINT('Ctrl Pts',(-5.1412302304336,20.0884411218989,-3.));
#5506=CARTESIAN_POINT('Ctrl Pts',(-5.18620049873359,19.867983210128,-3.));
#5507=CARTESIAN_POINT('Ctrl Pts',(-5.18349037807887,19.6425333109921,-3.));
#5508=CARTESIAN_POINT('Ctrl Pts',(-5.18176213710631,19.4987641572952,-3.));
#5509=CARTESIAN_POINT('',(-5.12493745296324,20.1683132648468,0.));
#5510=CARTESIAN_POINT('Ctrl Pts',(-4.89516631572569,20.3140823841095,0.));
#5511=CARTESIAN_POINT('Ctrl Pts',(-4.89516631572569,20.3140823841095,-3.));
#5512=CARTESIAN_POINT('Ctrl Pts',(-4.94763370301375,20.3088480769978,0.));
#5513=CARTESIAN_POINT('Ctrl Pts',(-4.94763370301375,20.3088480769978,-3.));
#5514=CARTESIAN_POINT('Ctrl Pts',(-5.04922858922246,20.2987126602584,0.));
#5515=CARTESIAN_POINT('Ctrl Pts',(-5.04922858922246,20.2987126602584,-3.));
#5516=CARTESIAN_POINT('Ctrl Pts',(-5.10026038114995,20.2108165476328,0.));
#5517=CARTESIAN_POINT('Ctrl Pts',(-5.10026038114995,20.2108165476328,-3.));
#5518=CARTESIAN_POINT('Ctrl Pts',(-5.12493745296324,20.1683132648468,0.));
#5519=CARTESIAN_POINT('Ctrl Pts',(-5.12493745296324,20.1683132648468,-3.));
#5520=CARTESIAN_POINT('',(-4.89516631572569,20.3140823841095,0.));
#5521=CARTESIAN_POINT('Ctrl Pts',(-5.12493745296324,20.1683132648468,0.));
#5522=CARTESIAN_POINT('Ctrl Pts',(-5.10026038114995,20.2108165476328,0.));
#5523=CARTESIAN_POINT('Ctrl Pts',(-5.04922858922246,20.2987126602584,0.));
#5524=CARTESIAN_POINT('Ctrl Pts',(-4.94763370301375,20.3088480769978,0.));
#5525=CARTESIAN_POINT('Ctrl Pts',(-4.89516631572569,20.3140823841095,0.));
#5526=CARTESIAN_POINT('',(-4.89516631572569,20.3140823841095,-3.));
#5527=CARTESIAN_POINT('Ctrl Pts',(-4.89516631572569,20.3140823841095,-3.));
#5528=CARTESIAN_POINT('Ctrl Pts',(-4.94763370301375,20.3088480769978,-3.));
#5529=CARTESIAN_POINT('Ctrl Pts',(-5.04922858922246,20.2987126602584,-3.));
#5530=CARTESIAN_POINT('Ctrl Pts',(-5.10026038114995,20.2108165476328,-3.));
#5531=CARTESIAN_POINT('Ctrl Pts',(-5.12493745296324,20.1683132648468,-3.));
#5532=CARTESIAN_POINT('',(-4.89516631572569,20.3140823841095,0.));
#5533=CARTESIAN_POINT('Ctrl Pts',(-4.64068786113585,20.1534889936447,0.));
#5534=CARTESIAN_POINT('Ctrl Pts',(-4.64068786113585,20.1534889936447,-3.));
#5535=CARTESIAN_POINT('Ctrl Pts',(-4.66699855843916,20.2002978351012,0.));
#5536=CARTESIAN_POINT('Ctrl Pts',(-4.66699855843916,20.2002978351012,-3.));
#5537=CARTESIAN_POINT('Ctrl Pts',(-4.72235418454876,20.2987799352302,0.));
#5538=CARTESIAN_POINT('Ctrl Pts',(-4.72235418454876,20.2987799352302,-3.));
#5539=CARTESIAN_POINT('Ctrl Pts',(-4.83569613745614,20.3088163223081,0.));
#5540=CARTESIAN_POINT('Ctrl Pts',(-4.83569613745614,20.3088163223081,-3.));
#5541=CARTESIAN_POINT('Ctrl Pts',(-4.89516631572569,20.3140823841095,0.));
#5542=CARTESIAN_POINT('Ctrl Pts',(-4.89516631572569,20.3140823841095,-3.));
#5543=CARTESIAN_POINT('',(-4.64068786113585,20.1534889936447,0.));
#5544=CARTESIAN_POINT('Ctrl Pts',(-4.89516631572569,20.3140823841095,0.));
#5545=CARTESIAN_POINT('Ctrl Pts',(-4.83569613745614,20.3088163223081,0.));
#5546=CARTESIAN_POINT('Ctrl Pts',(-4.72235418454876,20.2987799352302,0.));
#5547=CARTESIAN_POINT('Ctrl Pts',(-4.66699855843916,20.2002978351012,0.));
#5548=CARTESIAN_POINT('Ctrl Pts',(-4.64068786113585,20.1534889936447,0.));
#5549=CARTESIAN_POINT('',(-4.64068786113585,20.1534889936447,-3.));
#5550=CARTESIAN_POINT('Ctrl Pts',(-4.64068786113585,20.1534889936447,-3.));
#5551=CARTESIAN_POINT('Ctrl Pts',(-4.66699855843916,20.2002978351012,-3.));
#5552=CARTESIAN_POINT('Ctrl Pts',(-4.72235418454876,20.2987799352302,-3.));
#5553=CARTESIAN_POINT('Ctrl Pts',(-4.83569613745614,20.3088163223081,-3.));
#5554=CARTESIAN_POINT('Ctrl Pts',(-4.89516631572569,20.3140823841095,-3.));
#5555=CARTESIAN_POINT('',(-4.64068786113585,20.1534889936447,0.));
#5556=CARTESIAN_POINT('Ctrl Pts',(-4.58386317699278,19.39499604702,0.));
#5557=CARTESIAN_POINT('Ctrl Pts',(-4.58386317699278,19.39499604702,-3.));
#5558=CARTESIAN_POINT('Ctrl Pts',(-4.58196881927409,19.5584710928052,0.));
#5559=CARTESIAN_POINT('Ctrl Pts',(-4.58196881927409,19.5584710928052,-3.));
#5560=CARTESIAN_POINT('Ctrl Pts',(-4.57901537841088,19.8133405272179,0.));
#5561=CARTESIAN_POINT('Ctrl Pts',(-4.57901537841088,19.8133405272179,-3.));
#5562=CARTESIAN_POINT('Ctrl Pts',(-4.62440975618022,20.0637087190012,0.));
#5563=CARTESIAN_POINT('Ctrl Pts',(-4.62440975618022,20.0637087190012,-3.));
#5564=CARTESIAN_POINT('Ctrl Pts',(-4.64068786113585,20.1534889936447,0.));
#5565=CARTESIAN_POINT('Ctrl Pts',(-4.64068786113585,20.1534889936447,-3.));
#5566=CARTESIAN_POINT('',(-4.58386317699278,19.39499604702,0.));
#5567=CARTESIAN_POINT('Ctrl Pts',(-4.64068786113585,20.1534889936447,0.));
#5568=CARTESIAN_POINT('Ctrl Pts',(-4.62440975618022,20.0637087190012,0.));
#5569=CARTESIAN_POINT('Ctrl Pts',(-4.57901537841088,19.8133405272179,0.));
#5570=CARTESIAN_POINT('Ctrl Pts',(-4.58196881927409,19.5584710928052,0.));
#5571=CARTESIAN_POINT('Ctrl Pts',(-4.58386317699278,19.39499604702,0.));
#5572=CARTESIAN_POINT('',(-4.58386317699278,19.39499604702,-3.));
#5573=CARTESIAN_POINT('Ctrl Pts',(-4.58386317699278,19.39499604702,-3.));
#5574=CARTESIAN_POINT('Ctrl Pts',(-4.58196881927409,19.5584710928052,-3.));
#5575=CARTESIAN_POINT('Ctrl Pts',(-4.57901537841088,19.8133405272179,-3.));
#5576=CARTESIAN_POINT('Ctrl Pts',(-4.62440975618022,20.0637087190012,-3.));
#5577=CARTESIAN_POINT('Ctrl Pts',(-4.64068786113585,20.1534889936447,-3.));
#5578=CARTESIAN_POINT('',(-4.58386317699278,19.39499604702,0.));
#5579=CARTESIAN_POINT('Origin',(-4.58386317699278,13.4999989271164,0.));
#5580=CARTESIAN_POINT('',(-4.58386317699278,13.4999989271164,0.));
#5581=CARTESIAN_POINT('',(-4.58386317699278,23.4999994635582,0.));
#5582=CARTESIAN_POINT('',(-4.58386317699278,13.4999989271164,-3.));
#5583=CARTESIAN_POINT('',(-4.58386317699278,19.39499604702,-3.));
#5584=CARTESIAN_POINT('',(-4.58386317699278,13.4999989271164,0.));
#5585=CARTESIAN_POINT('Origin',(-2.50356570690001,13.4999989271164,0.));
#5586=CARTESIAN_POINT('',(-3.75178285345001,13.4999989271164,0.));
#5587=CARTESIAN_POINT('',(-4.58386317699278,13.4999989271164,-3.));
#5588=CARTESIAN_POINT('Origin',(3.3420197585312,17.4999995827675,-3.));
#5589=CARTESIAN_POINT('Origin',(24.1400419095245,16.6476212739944,0.));
#5590=CARTESIAN_POINT('',(24.1400419095245,14.8687450885773,0.));
#5591=CARTESIAN_POINT('',(24.1400419095245,16.6476212739944,0.));
#5592=CARTESIAN_POINT('',(24.1400419095245,25.0738106369972,0.));
#5593=CARTESIAN_POINT('',(24.1400419095245,14.8687450885773,-3.));
#5594=CARTESIAN_POINT('',(24.1400419095245,14.8687450885773,0.));
#5595=CARTESIAN_POINT('',(24.1400419095245,16.6476212739944,-3.));
#5596=CARTESIAN_POINT('',(24.1400419095245,14.8687450885773,-3.));
#5597=CARTESIAN_POINT('',(24.1400419095245,16.6476212739944,0.));
#5598=CARTESIAN_POINT('Ctrl Pts',(24.3475805142609,16.6426800489426,0.));
#5599=CARTESIAN_POINT('Ctrl Pts',(24.3475805142609,16.6426800489426,-3.));
#5600=CARTESIAN_POINT('Ctrl Pts',(24.3179282917545,16.6429814673213,0.));
#5601=CARTESIAN_POINT('Ctrl Pts',(24.3179282917545,16.6429814673213,-3.));
#5602=CARTESIAN_POINT('Ctrl Pts',(24.2487274619315,16.6436849020107,0.));
#5603=CARTESIAN_POINT('Ctrl Pts',(24.2487274619315,16.6436849020107,-3.));
#5604=CARTESIAN_POINT('Ctrl Pts',(24.1795672840569,16.6461897444718,0.));
#5605=CARTESIAN_POINT('Ctrl Pts',(24.1795672840569,16.6461897444718,-3.));
#5606=CARTESIAN_POINT('Ctrl Pts',(24.1400419095245,16.6476212739944,0.));
#5607=CARTESIAN_POINT('Ctrl Pts',(24.1400419095245,16.6476212739944,-3.));
#5608=CARTESIAN_POINT('',(24.3475805142609,16.6426800489426,0.));
#5609=CARTESIAN_POINT('Ctrl Pts',(24.1400419095245,16.6476212739944,0.));
#5610=CARTESIAN_POINT('Ctrl Pts',(24.1795672840569,16.6461897444718,0.));
#5611=CARTESIAN_POINT('Ctrl Pts',(24.2487274619315,16.6436849020107,0.));
#5612=CARTESIAN_POINT('Ctrl Pts',(24.3179282917545,16.6429814673213,0.));
#5613=CARTESIAN_POINT('Ctrl Pts',(24.3475805142609,16.6426800489426,0.));
#5614=CARTESIAN_POINT('',(24.3475805142609,16.6426800489426,-3.));
#5615=CARTESIAN_POINT('Ctrl Pts',(24.3475805142609,16.6426800489426,-3.));
#5616=CARTESIAN_POINT('Ctrl Pts',(24.3179282917545,16.6429814673213,-3.));
#5617=CARTESIAN_POINT('Ctrl Pts',(24.2487274619315,16.6436849020107,-3.));
#5618=CARTESIAN_POINT('Ctrl Pts',(24.1795672840569,16.6461897444718,-3.));
#5619=CARTESIAN_POINT('Ctrl Pts',(24.1400419095245,16.6476212739944,-3.));
#5620=CARTESIAN_POINT('',(24.3475805142609,16.6426800489426,0.));
#5621=CARTESIAN_POINT('Ctrl Pts',(24.7379480221954,16.491969704628,0.));
#5622=CARTESIAN_POINT('Ctrl Pts',(24.7379480221954,16.491969704628,-3.));
#5623=CARTESIAN_POINT('Ctrl Pts',(24.6940447911063,16.5356142654336,0.));
#5624=CARTESIAN_POINT('Ctrl Pts',(24.6940447911063,16.5356142654336,-3.));
#5625=CARTESIAN_POINT('Ctrl Pts',(24.5881585001326,16.6408766925999,0.));
#5626=CARTESIAN_POINT('Ctrl Pts',(24.5881585001326,16.6408766925999,-3.));
#5627=CARTESIAN_POINT('Ctrl Pts',(24.4364100690841,16.6420141885958,0.));
#5628=CARTESIAN_POINT('Ctrl Pts',(24.4364100690841,16.6420141885958,-3.));
#5629=CARTESIAN_POINT('Ctrl Pts',(24.3475805142609,16.6426800489426,0.));
#5630=CARTESIAN_POINT('Ctrl Pts',(24.3475805142609,16.6426800489426,-3.));
#5631=CARTESIAN_POINT('',(24.7379480221954,16.491969704628,0.));
#5632=CARTESIAN_POINT('Ctrl Pts',(24.3475805142609,16.6426800489426,0.));
#5633=CARTESIAN_POINT('Ctrl Pts',(24.4364100690841,16.6420141885958,0.));
#5634=CARTESIAN_POINT('Ctrl Pts',(24.5881585001326,16.6408766925999,0.));
#5635=CARTESIAN_POINT('Ctrl Pts',(24.6940447911063,16.5356142654336,0.));
#5636=CARTESIAN_POINT('Ctrl Pts',(24.7379480221954,16.491969704628,0.));
#5637=CARTESIAN_POINT('',(24.7379480221954,16.491969704628,-3.));
#5638=CARTESIAN_POINT('Ctrl Pts',(24.7379480221954,16.491969704628,-3.));
#5639=CARTESIAN_POINT('Ctrl Pts',(24.6940447911063,16.5356142654336,-3.));
#5640=CARTESIAN_POINT('Ctrl Pts',(24.5881585001326,16.6408766925999,-3.));
#5641=CARTESIAN_POINT('Ctrl Pts',(24.4364100690841,16.6420141885958,-3.));
#5642=CARTESIAN_POINT('Ctrl Pts',(24.3475805142609,16.6426800489426,-3.));
#5643=CARTESIAN_POINT('',(24.7379480221954,16.491969704628,0.));
#5644=CARTESIAN_POINT('Ctrl Pts',(24.8219476559845,15.629708647728,0.));
#5645=CARTESIAN_POINT('Ctrl Pts',(24.8219476559845,15.629708647728,-3.));
#5646=CARTESIAN_POINT('Ctrl Pts',(24.8259084475503,15.821532691923,0.));
#5647=CARTESIAN_POINT('Ctrl Pts',(24.8259084475503,15.821532691923,-3.));
#5648=CARTESIAN_POINT('Ctrl Pts',(24.8319313889704,16.1132281679325,0.));
#5649=CARTESIAN_POINT('Ctrl Pts',(24.8319313889704,16.1132281679325,-3.));
#5650=CARTESIAN_POINT('Ctrl Pts',(24.7619190300079,16.395369458791,0.));
#5651=CARTESIAN_POINT('Ctrl Pts',(24.7619190300079,16.395369458791,-3.));
#5652=CARTESIAN_POINT('Ctrl Pts',(24.7379480221954,16.491969704628,0.));
#5653=CARTESIAN_POINT('Ctrl Pts',(24.7379480221954,16.491969704628,-3.));
#5654=CARTESIAN_POINT('',(24.8219476559845,15.629708647728,0.));
#5655=CARTESIAN_POINT('Ctrl Pts',(24.7379480221954,16.491969704628,0.));
#5656=CARTESIAN_POINT('Ctrl Pts',(24.7619190300079,16.395369458791,0.));
#5657=CARTESIAN_POINT('Ctrl Pts',(24.8319313889704,16.1132281679325,0.));
#5658=CARTESIAN_POINT('Ctrl Pts',(24.8259084475503,15.821532691923,0.));
#5659=CARTESIAN_POINT('Ctrl Pts',(24.8219476559845,15.629708647728,0.));
#5660=CARTESIAN_POINT('',(24.8219476559845,15.629708647728,-3.));
#5661=CARTESIAN_POINT('Ctrl Pts',(24.8219476559845,15.629708647728,-3.));
#5662=CARTESIAN_POINT('Ctrl Pts',(24.8259084475503,15.821532691923,-3.));
#5663=CARTESIAN_POINT('Ctrl Pts',(24.8319313889704,16.1132281679325,-3.));
#5664=CARTESIAN_POINT('Ctrl Pts',(24.7619190300079,16.395369458791,-3.));
#5665=CARTESIAN_POINT('Ctrl Pts',(24.7379480221954,16.491969704628,-3.));
#5666=CARTESIAN_POINT('',(24.8219476559845,15.629708647728,0.));
#5667=CARTESIAN_POINT('Ctrl Pts',(24.7527681210724,15.1034580469131,0.));
#5668=CARTESIAN_POINT('Ctrl Pts',(24.7527681210724,15.1034580469131,-3.));
#5669=CARTESIAN_POINT('Ctrl Pts',(24.7727538082166,15.1720242667716,0.));
#5670=CARTESIAN_POINT('Ctrl Pts',(24.7727538082166,15.1720242667716,-3.));
#5671=CARTESIAN_POINT('Ctrl Pts',(24.8227007147258,15.3433804252186,0.));
#5672=CARTESIAN_POINT('Ctrl Pts',(24.8227007147258,15.3433804252186,-3.));
#5673=CARTESIAN_POINT('Ctrl Pts',(24.8222300122267,15.5223510718727,0.));
#5674=CARTESIAN_POINT('Ctrl Pts',(24.8222300122267,15.5223510718727,-3.));
#5675=CARTESIAN_POINT('Ctrl Pts',(24.8219476559845,15.629708647728,0.));
#5676=CARTESIAN_POINT('Ctrl Pts',(24.8219476559845,15.629708647728,-3.));
#5677=CARTESIAN_POINT('',(24.7527681210724,15.1034580469131,0.));
#5678=CARTESIAN_POINT('Ctrl Pts',(24.8219476559845,15.629708647728,0.));
#5679=CARTESIAN_POINT('Ctrl Pts',(24.8222300122267,15.5223510718727,0.));
#5680=CARTESIAN_POINT('Ctrl Pts',(24.8227007147258,15.3433804252186,0.));
#5681=CARTESIAN_POINT('Ctrl Pts',(24.7727538082166,15.1720242667716,0.));
#5682=CARTESIAN_POINT('Ctrl Pts',(24.7527681210724,15.1034580469131,0.));
#5683=CARTESIAN_POINT('',(24.7527681210724,15.1034580469131,-3.));
#5684=CARTESIAN_POINT('Ctrl Pts',(24.7527681210724,15.1034580469131,-3.));
#5685=CARTESIAN_POINT('Ctrl Pts',(24.7727538082166,15.1720242667716,-3.));
#5686=CARTESIAN_POINT('Ctrl Pts',(24.8227007147258,15.3433804252186,-3.));
#5687=CARTESIAN_POINT('Ctrl Pts',(24.8222300122267,15.5223510718727,-3.));
#5688=CARTESIAN_POINT('Ctrl Pts',(24.8219476559845,15.629708647728,-3.));
#5689=CARTESIAN_POINT('',(24.7527681210724,15.1034580469131,0.));
#5690=CARTESIAN_POINT('Ctrl Pts',(24.5724092343536,14.9132173061371,0.));
#5691=CARTESIAN_POINT('Ctrl Pts',(24.5724092343536,14.9132173061371,-3.));
#5692=CARTESIAN_POINT('Ctrl Pts',(24.6085939884553,14.933071299968,0.));
#5693=CARTESIAN_POINT('Ctrl Pts',(24.6085939884553,14.933071299968,-3.));
#5694=CARTESIAN_POINT('Ctrl Pts',(24.68854202467,14.9769375043188,0.));
#5695=CARTESIAN_POINT('Ctrl Pts',(24.68854202467,14.9769375043188,-3.));
#5696=CARTESIAN_POINT('Ctrl Pts',(24.730047930116,15.0587009925587,0.));
#5697=CARTESIAN_POINT('Ctrl Pts',(24.730047930116,15.0587009925587,-3.));
#5698=CARTESIAN_POINT('Ctrl Pts',(24.7527681210724,15.1034580469131,0.));
#5699=CARTESIAN_POINT('Ctrl Pts',(24.7527681210724,15.1034580469131,-3.));
#5700=CARTESIAN_POINT('',(24.5724092343536,14.9132173061371,0.));
#5701=CARTESIAN_POINT('Ctrl Pts',(24.7527681210724,15.1034580469131,0.));
#5702=CARTESIAN_POINT('Ctrl Pts',(24.730047930116,15.0587009925587,0.));
#5703=CARTESIAN_POINT('Ctrl Pts',(24.68854202467,14.9769375043188,0.));
#5704=CARTESIAN_POINT('Ctrl Pts',(24.6085939884553,14.933071299968,0.));
#5705=CARTESIAN_POINT('Ctrl Pts',(24.5724092343536,14.9132173061371,0.));
#5706=CARTESIAN_POINT('',(24.5724092343536,14.9132173061371,-3.));
#5707=CARTESIAN_POINT('Ctrl Pts',(24.5724092343536,14.9132173061371,-3.));
#5708=CARTESIAN_POINT('Ctrl Pts',(24.6085939884553,14.933071299968,-3.));
#5709=CARTESIAN_POINT('Ctrl Pts',(24.68854202467,14.9769375043188,-3.));
#5710=CARTESIAN_POINT('Ctrl Pts',(24.730047930116,15.0587009925587,-3.));
#5711=CARTESIAN_POINT('Ctrl Pts',(24.7527681210724,15.1034580469131,-3.));
#5712=CARTESIAN_POINT('',(24.5724092343536,14.9132173061371,0.));
#5713=CARTESIAN_POINT('Ctrl Pts',(24.1400419095245,14.8687450885773,0.));
#5714=CARTESIAN_POINT('Ctrl Pts',(24.1400419095245,14.8687450885773,-3.));
#5715=CARTESIAN_POINT('Ctrl Pts',(24.2300494660473,14.8695388055715,0.));
#5716=CARTESIAN_POINT('Ctrl Pts',(24.2300494660473,14.8695388055715,-3.));
#5717=CARTESIAN_POINT('Ctrl Pts',(24.3757839752209,14.8708239416317,0.));
#5718=CARTESIAN_POINT('Ctrl Pts',(24.3757839752209,14.8708239416317,-3.));
#5719=CARTESIAN_POINT('Ctrl Pts',(24.5180200404779,14.9014907307658,0.));
#5720=CARTESIAN_POINT('Ctrl Pts',(24.5180200404779,14.9014907307658,-3.));
#5721=CARTESIAN_POINT('Ctrl Pts',(24.5724092343536,14.9132173061371,0.));
#5722=CARTESIAN_POINT('Ctrl Pts',(24.5724092343536,14.9132173061371,-3.));
#5723=CARTESIAN_POINT('Ctrl Pts',(24.5724092343536,14.9132173061371,0.));
#5724=CARTESIAN_POINT('Ctrl Pts',(24.5180200404779,14.9014907307658,0.));
#5725=CARTESIAN_POINT('Ctrl Pts',(24.3757839752209,14.8708239416317,0.));
#5726=CARTESIAN_POINT('Ctrl Pts',(24.2300494660473,14.8695388055715,0.));
#5727=CARTESIAN_POINT('Ctrl Pts',(24.1400419095245,14.8687450885773,0.));
#5728=CARTESIAN_POINT('Ctrl Pts',(24.1400419095245,14.8687450885773,-3.));
#5729=CARTESIAN_POINT('Ctrl Pts',(24.2300494660473,14.8695388055715,-3.));
#5730=CARTESIAN_POINT('Ctrl Pts',(24.3757839752209,14.8708239416317,-3.));
#5731=CARTESIAN_POINT('Ctrl Pts',(24.5180200404779,14.9014907307658,-3.));
#5732=CARTESIAN_POINT('Ctrl Pts',(24.5724092343536,14.9132173061371,-3.));
#5733=CARTESIAN_POINT('Origin',(24.1400419095245,20.1312534809113,0.));
#5734=CARTESIAN_POINT('',(24.1400419095245,17.8928344249725,0.));
#5735=CARTESIAN_POINT('',(24.1400419095245,20.1312534809113,0.));
#5736=CARTESIAN_POINT('',(24.1400419095245,26.8156267404556,0.));
#5737=CARTESIAN_POINT('',(24.1400419095245,17.8928344249725,-3.));
#5738=CARTESIAN_POINT('',(24.1400419095245,17.8928344249725,0.));
#5739=CARTESIAN_POINT('',(24.1400419095245,20.1312534809113,-3.));
#5740=CARTESIAN_POINT('',(24.1400419095245,17.8928344249725,-3.));
#5741=CARTESIAN_POINT('',(24.1400419095245,20.1312534809113,0.));
#5742=CARTESIAN_POINT('Ctrl Pts',(24.7008787015167,19.9928961992264,0.));
#5743=CARTESIAN_POINT('Ctrl Pts',(24.7008787015167,19.9928961992264,-3.));
#5744=CARTESIAN_POINT('Ctrl Pts',(24.635261220263,20.0294892832263,0.));
#5745=CARTESIAN_POINT('Ctrl Pts',(24.635261220263,20.0294892832263,-3.));
#5746=CARTESIAN_POINT('Ctrl Pts',(24.462807427834,20.1256620712072,0.));
#5747=CARTESIAN_POINT('Ctrl Pts',(24.462807427834,20.1256620712072,-3.));
#5748=CARTESIAN_POINT('Ctrl Pts',(24.2635087882494,20.129114609611,0.));
#5749=CARTESIAN_POINT('Ctrl Pts',(24.2635087882494,20.129114609611,-3.));
#5750=CARTESIAN_POINT('Ctrl Pts',(24.1400419095245,20.1312534809113,0.));
#5751=CARTESIAN_POINT('Ctrl Pts',(24.1400419095245,20.1312534809113,-3.));
#5752=CARTESIAN_POINT('',(24.7008787015167,19.9928961992264,0.));
#5753=CARTESIAN_POINT('Ctrl Pts',(24.1400419095245,20.1312534809113,0.));
#5754=CARTESIAN_POINT('Ctrl Pts',(24.2635087882494,20.129114609611,0.));
#5755=CARTESIAN_POINT('Ctrl Pts',(24.462807427834,20.1256620712072,0.));
#5756=CARTESIAN_POINT('Ctrl Pts',(24.635261220263,20.0294892832263,0.));
#5757=CARTESIAN_POINT('Ctrl Pts',(24.7008787015167,19.9928961992264,0.));
#5758=CARTESIAN_POINT('',(24.7008787015167,19.9928961992264,-3.));
#5759=CARTESIAN_POINT('Ctrl Pts',(24.7008787015167,19.9928961992264,-3.));
#5760=CARTESIAN_POINT('Ctrl Pts',(24.635261220263,20.0294892832263,-3.));
#5761=CARTESIAN_POINT('Ctrl Pts',(24.462807427834,20.1256620712072,-3.));
#5762=CARTESIAN_POINT('Ctrl Pts',(24.2635087882494,20.129114609611,-3.));
#5763=CARTESIAN_POINT('Ctrl Pts',(24.1400419095245,20.1312534809113,-3.));
#5764=CARTESIAN_POINT('',(24.7008787015167,19.9928961992264,0.));
#5765=CARTESIAN_POINT('Ctrl Pts',(24.8219476559845,19.3851135969162,0.));
#5766=CARTESIAN_POINT('Ctrl Pts',(24.8219476559845,19.3851135969162,-3.));
#5767=CARTESIAN_POINT('Ctrl Pts',(24.8249082617365,19.5196527187442,0.));
#5768=CARTESIAN_POINT('Ctrl Pts',(24.8249082617365,19.5196527187442,-3.));
#5769=CARTESIAN_POINT('Ctrl Pts',(24.8296082635507,19.7332354006843,0.));
#5770=CARTESIAN_POINT('Ctrl Pts',(24.8296082635507,19.7332354006843,-3.));
#5771=CARTESIAN_POINT('Ctrl Pts',(24.7356508490981,19.9227571925728,0.));
#5772=CARTESIAN_POINT('Ctrl Pts',(24.7356508490981,19.9227571925728,-3.));
#5773=CARTESIAN_POINT('Ctrl Pts',(24.7008787015167,19.9928961992264,0.));
#5774=CARTESIAN_POINT('Ctrl Pts',(24.7008787015167,19.9928961992264,-3.));
#5775=CARTESIAN_POINT('',(24.8219476559845,19.3851135969162,0.));
#5776=CARTESIAN_POINT('Ctrl Pts',(24.7008787015167,19.9928961992264,0.));
#5777=CARTESIAN_POINT('Ctrl Pts',(24.7356508490981,19.9227571925728,0.));
#5778=CARTESIAN_POINT('Ctrl Pts',(24.8296082635507,19.7332354006843,0.));
#5779=CARTESIAN_POINT('Ctrl Pts',(24.8249082617365,19.5196527187442,0.));
#5780=CARTESIAN_POINT('Ctrl Pts',(24.8219476559845,19.3851135969162,0.));
#5781=CARTESIAN_POINT('',(24.8219476559845,19.3851135969162,-3.));
#5782=CARTESIAN_POINT('Ctrl Pts',(24.8219476559845,19.3851135969162,-3.));
#5783=CARTESIAN_POINT('Ctrl Pts',(24.8249082617365,19.5196527187442,-3.));
#5784=CARTESIAN_POINT('Ctrl Pts',(24.8296082635507,19.7332354006843,-3.));
#5785=CARTESIAN_POINT('Ctrl Pts',(24.7356508490981,19.9227571925728,-3.));
#5786=CARTESIAN_POINT('Ctrl Pts',(24.7008787015167,19.9928961992264,-3.));
#5787=CARTESIAN_POINT('',(24.8219476559845,19.3851135969162,0.));
#5788=CARTESIAN_POINT('Origin',(24.8219476559845,18.6389743089676,0.));
#5789=CARTESIAN_POINT('',(24.8219476559845,18.6389743089676,0.));
#5790=CARTESIAN_POINT('',(24.8219476559845,26.0694871544838,0.));
#5791=CARTESIAN_POINT('',(24.8219476559845,18.6389743089676,-3.));
#5792=CARTESIAN_POINT('',(24.8219476559845,19.3851135969162,-3.));
#5793=CARTESIAN_POINT('',(24.8219476559845,18.6389743089676,0.));
#5794=CARTESIAN_POINT('Ctrl Pts',(24.7132383206574,18.0163674354553,0.));
#5795=CARTESIAN_POINT('Ctrl Pts',(24.7132383206574,18.0163674354553,-3.));
#5796=CARTESIAN_POINT('Ctrl Pts',(24.7443366772217,18.0855005600126,0.));
#5797=CARTESIAN_POINT('Ctrl Pts',(24.7443366772217,18.0855005600126,-3.));
#5798=CARTESIAN_POINT('Ctrl Pts',(24.832515939022,18.2815272496161,0.));
#5799=CARTESIAN_POINT('Ctrl Pts',(24.832515939022,18.2815272496161,-3.));
#5800=CARTESIAN_POINT('Ctrl Pts',(24.826100529927,18.4985132167218,0.));
#5801=CARTESIAN_POINT('Ctrl Pts',(24.826100529927,18.4985132167218,-3.));
#5802=CARTESIAN_POINT('Ctrl Pts',(24.8219476559845,18.6389743089676,0.));
#5803=CARTESIAN_POINT('Ctrl Pts',(24.8219476559845,18.6389743089676,-3.));
#5804=CARTESIAN_POINT('',(24.7132383206574,18.0163674354553,0.));
#5805=CARTESIAN_POINT('Ctrl Pts',(24.8219476559845,18.6389743089676,0.));
#5806=CARTESIAN_POINT('Ctrl Pts',(24.826100529927,18.4985132167218,0.));
#5807=CARTESIAN_POINT('Ctrl Pts',(24.832515939022,18.2815272496161,0.));
#5808=CARTESIAN_POINT('Ctrl Pts',(24.7443366772217,18.0855005600126,0.));
#5809=CARTESIAN_POINT('Ctrl Pts',(24.7132383206574,18.0163674354553,0.));
#5810=CARTESIAN_POINT('',(24.7132383206574,18.0163674354553,-3.));
#5811=CARTESIAN_POINT('Ctrl Pts',(24.7132383206574,18.0163674354553,-3.));
#5812=CARTESIAN_POINT('Ctrl Pts',(24.7443366772217,18.0855005600126,-3.));
#5813=CARTESIAN_POINT('Ctrl Pts',(24.832515939022,18.2815272496161,-3.));
#5814=CARTESIAN_POINT('Ctrl Pts',(24.826100529927,18.4985132167218,-3.));
#5815=CARTESIAN_POINT('Ctrl Pts',(24.8219476559845,18.6389743089676,-3.));
#5816=CARTESIAN_POINT('',(24.7132383206574,18.0163674354553,0.));
#5817=CARTESIAN_POINT('Ctrl Pts',(24.1400419095245,17.8928344249725,0.));
#5818=CARTESIAN_POINT('Ctrl Pts',(24.1400419095245,17.8928344249725,-3.));
#5819=CARTESIAN_POINT('Ctrl Pts',(24.26829330632,17.8937970470979,0.));
#5820=CARTESIAN_POINT('Ctrl Pts',(24.26829330632,17.8937970470979,-3.));
#5821=CARTESIAN_POINT('Ctrl Pts',(24.4696729049385,17.8953085507701,0.));
#5822=CARTESIAN_POINT('Ctrl Pts',(24.4696729049385,17.8953085507701,-3.));
#5823=CARTESIAN_POINT('Ctrl Pts',(24.6483530939018,17.9841176467881,0.));
#5824=CARTESIAN_POINT('Ctrl Pts',(24.6483530939018,17.9841176467881,-3.));
#5825=CARTESIAN_POINT('Ctrl Pts',(24.7132383206574,18.0163674354553,0.));
#5826=CARTESIAN_POINT('Ctrl Pts',(24.7132383206574,18.0163674354553,-3.));
#5827=CARTESIAN_POINT('Ctrl Pts',(24.7132383206574,18.0163674354553,0.));
#5828=CARTESIAN_POINT('Ctrl Pts',(24.6483530939018,17.9841176467881,0.));
#5829=CARTESIAN_POINT('Ctrl Pts',(24.4696729049385,17.8953085507701,0.));
#5830=CARTESIAN_POINT('Ctrl Pts',(24.26829330632,17.8937970470979,0.));
#5831=CARTESIAN_POINT('Ctrl Pts',(24.1400419095245,17.8928344249725,0.));
#5832=CARTESIAN_POINT('Ctrl Pts',(24.1400419095245,17.8928344249725,-3.));
#5833=CARTESIAN_POINT('Ctrl Pts',(24.26829330632,17.8937970470979,-3.));
#5834=CARTESIAN_POINT('Ctrl Pts',(24.4696729049385,17.8953085507701,-3.));
#5835=CARTESIAN_POINT('Ctrl Pts',(24.6483530939018,17.9841176467881,-3.));
#5836=CARTESIAN_POINT('Ctrl Pts',(24.7132383206574,18.0163674354553,-3.));
#5837=CARTESIAN_POINT('Origin',(24.1351018765656,13.4999989271164,0.));
#5838=CARTESIAN_POINT('',(22.0597444394318,13.4999989271164,0.));
#5839=CARTESIAN_POINT('',(24.1351018765656,13.4999989271164,0.));
#5840=CARTESIAN_POINT('',(9.56755093828278,13.4999989271164,0.));
#5841=CARTESIAN_POINT('',(22.0597444394318,13.4999989271164,-3.));
#5842=CARTESIAN_POINT('',(22.0597444394318,13.4999989271164,0.));
#5843=CARTESIAN_POINT('',(24.1351018765656,13.4999989271164,-3.));
#5844=CARTESIAN_POINT('',(22.0597444394318,13.4999989271164,-3.));
#5845=CARTESIAN_POINT('',(24.1351018765656,13.4999989271164,0.));
#5846=CARTESIAN_POINT('Ctrl Pts',(25.6249128201691,13.653064250946,0.));
#5847=CARTESIAN_POINT('Ctrl Pts',(25.6249128201691,13.653064250946,-3.));
#5848=CARTESIAN_POINT('Ctrl Pts',(25.4170411111483,13.6086773185932,0.));
#5849=CARTESIAN_POINT('Ctrl Pts',(25.4170411111483,13.6086773185932,-3.));
#5850=CARTESIAN_POINT('Ctrl Pts',(24.926525721483,13.5039373637353,0.));
#5851=CARTESIAN_POINT('Ctrl Pts',(24.926525721483,13.5039373637353,-3.));
#5852=CARTESIAN_POINT('Ctrl Pts',(24.4244226089572,13.5014387009801,0.));
#5853=CARTESIAN_POINT('Ctrl Pts',(24.4244226089572,13.5014387009801,-3.));
#5854=CARTESIAN_POINT('Ctrl Pts',(24.1351018765656,13.4999989271164,0.));
#5855=CARTESIAN_POINT('Ctrl Pts',(24.1351018765656,13.4999989271164,-3.));
#5856=CARTESIAN_POINT('',(25.6249128201691,13.653064250946,0.));
#5857=CARTESIAN_POINT('Ctrl Pts',(24.1351018765656,13.4999989271164,0.));
#5858=CARTESIAN_POINT('Ctrl Pts',(24.4244226089572,13.5014387009801,0.));
#5859=CARTESIAN_POINT('Ctrl Pts',(24.926525721483,13.5039373637353,0.));
#5860=CARTESIAN_POINT('Ctrl Pts',(25.4170411111483,13.6086773185932,0.));
#5861=CARTESIAN_POINT('Ctrl Pts',(25.6249128201691,13.653064250946,0.));
#5862=CARTESIAN_POINT('',(25.6249128201691,13.653064250946,-3.));
#5863=CARTESIAN_POINT('Ctrl Pts',(25.6249128201691,13.653064250946,-3.));
#5864=CARTESIAN_POINT('Ctrl Pts',(25.4170411111483,13.6086773185932,-3.));
#5865=CARTESIAN_POINT('Ctrl Pts',(24.926525721483,13.5039373637353,-3.));
#5866=CARTESIAN_POINT('Ctrl Pts',(24.4244226089572,13.5014387009801,-3.));
#5867=CARTESIAN_POINT('Ctrl Pts',(24.1351018765656,13.4999989271164,-3.));
#5868=CARTESIAN_POINT('',(25.6249128201691,13.653064250946,0.));
#5869=CARTESIAN_POINT('Ctrl Pts',(26.4426980832306,14.2727755308151,0.));
#5870=CARTESIAN_POINT('Ctrl Pts',(26.4426980832306,14.2727755308151,-3.));
#5871=CARTESIAN_POINT('Ctrl Pts',(26.3321876308068,14.1307199684975,0.));
#5872=CARTESIAN_POINT('Ctrl Pts',(26.3321876308068,14.1307199684975,-3.));
#5873=CARTESIAN_POINT('Ctrl Pts',(26.1146401813406,13.8510737939785,0.));
#5874=CARTESIAN_POINT('Ctrl Pts',(26.1146401813406,13.8510737939785,-3.));
#5875=CARTESIAN_POINT('Ctrl Pts',(25.7864083775599,13.7183611162146,0.));
#5876=CARTESIAN_POINT('Ctrl Pts',(25.7864083775599,13.7183611162146,-3.));
#5877=CARTESIAN_POINT('Ctrl Pts',(25.6249128201691,13.653064250946,0.));
#5878=CARTESIAN_POINT('Ctrl Pts',(25.6249128201691,13.653064250946,-3.));
#5879=CARTESIAN_POINT('',(26.4426980832306,14.2727755308151,0.));
#5880=CARTESIAN_POINT('Ctrl Pts',(25.6249128201691,13.653064250946,0.));
#5881=CARTESIAN_POINT('Ctrl Pts',(25.7864083775599,13.7183611162146,0.));
#5882=CARTESIAN_POINT('Ctrl Pts',(26.1146401813406,13.8510737939785,0.));
#5883=CARTESIAN_POINT('Ctrl Pts',(26.3321876308068,14.1307199684975,0.));
#5884=CARTESIAN_POINT('Ctrl Pts',(26.4426980832306,14.2727755308151,0.));
#5885=CARTESIAN_POINT('',(26.4426980832306,14.2727755308151,-3.));
#5886=CARTESIAN_POINT('Ctrl Pts',(26.4426980832306,14.2727755308151,-3.));
#5887=CARTESIAN_POINT('Ctrl Pts',(26.3321876308068,14.1307199684975,-3.));
#5888=CARTESIAN_POINT('Ctrl Pts',(26.1146401813406,13.8510737939785,-3.));
#5889=CARTESIAN_POINT('Ctrl Pts',(25.7864083775599,13.7183611162146,-3.));
#5890=CARTESIAN_POINT('Ctrl Pts',(25.6249128201691,13.653064250946,-3.));
#5891=CARTESIAN_POINT('',(26.4426980832306,14.2727755308151,0.));
#5892=CARTESIAN_POINT('Ctrl Pts',(26.7540059903351,15.7764040231705,0.));
#5893=CARTESIAN_POINT('Ctrl Pts',(26.7540059903351,15.7764040231705,-3.));
#5894=CARTESIAN_POINT('Ctrl Pts',(26.7515607688481,15.4728588612005,0.));
#5895=CARTESIAN_POINT('Ctrl Pts',(26.7515607688481,15.4728588612005,-3.));
#5896=CARTESIAN_POINT('Ctrl Pts',(26.7473385473658,14.9487202870226,0.));
#5897=CARTESIAN_POINT('Ctrl Pts',(26.7473385473658,14.9487202870226,-3.));
#5898=CARTESIAN_POINT('Ctrl Pts',(26.5329341422541,14.4729938146564,0.));
#5899=CARTESIAN_POINT('Ctrl Pts',(26.5329341422541,14.4729938146564,-3.));
#5900=CARTESIAN_POINT('Ctrl Pts',(26.4426980832306,14.2727755308151,0.));
#5901=CARTESIAN_POINT('Ctrl Pts',(26.4426980832306,14.2727755308151,-3.));
#5902=CARTESIAN_POINT('',(26.7540059903351,15.7764040231705,0.));
#5903=CARTESIAN_POINT('Ctrl Pts',(26.4426980832306,14.2727755308151,0.));
#5904=CARTESIAN_POINT('Ctrl Pts',(26.5329341422541,14.4729938146564,0.));
#5905=CARTESIAN_POINT('Ctrl Pts',(26.7473385473658,14.9487202870226,0.));
#5906=CARTESIAN_POINT('Ctrl Pts',(26.7515607688481,15.4728588612005,0.));
#5907=CARTESIAN_POINT('Ctrl Pts',(26.7540059903351,15.7764040231705,0.));
#5908=CARTESIAN_POINT('',(26.7540059903351,15.7764040231705,-3.));
#5909=CARTESIAN_POINT('Ctrl Pts',(26.7540059903351,15.7764040231705,-3.));
#5910=CARTESIAN_POINT('Ctrl Pts',(26.7515607688481,15.4728588612005,-3.));
#5911=CARTESIAN_POINT('Ctrl Pts',(26.7473385473658,14.9487202870226,-3.));
#5912=CARTESIAN_POINT('Ctrl Pts',(26.5329341422541,14.4729938146564,-3.));
#5913=CARTESIAN_POINT('Ctrl Pts',(26.4426980832306,14.2727755308151,-3.));
#5914=CARTESIAN_POINT('',(26.7540059903351,15.7764040231705,0.));
#5915=CARTESIAN_POINT('Ctrl Pts',(26.5341173032013,16.7541300058365,0.));
#5916=CARTESIAN_POINT('Ctrl Pts',(26.5341173032013,16.7541300058365,-3.));
#5917=CARTESIAN_POINT('Ctrl Pts',(26.5977581584047,16.6287746569674,0.));
#5918=CARTESIAN_POINT('Ctrl Pts',(26.5977581584047,16.6287746569674,-3.));
#5919=CARTESIAN_POINT('Ctrl Pts',(26.7526596672893,16.3236603931112,0.));
#5920=CARTESIAN_POINT('Ctrl Pts',(26.7526596672893,16.3236603931112,-3.));
#5921=CARTESIAN_POINT('Ctrl Pts',(26.7535068627684,15.9792905006511,0.));
#5922=CARTESIAN_POINT('Ctrl Pts',(26.7535068627684,15.9792905006511,-3.));
#5923=CARTESIAN_POINT('Ctrl Pts',(26.7540059903351,15.7764040231705,0.));
#5924=CARTESIAN_POINT('Ctrl Pts',(26.7540059903351,15.7764040231705,-3.));
#5925=CARTESIAN_POINT('',(26.5341173032013,16.7541300058365,0.));
#5926=CARTESIAN_POINT('Ctrl Pts',(26.7540059903351,15.7764040231705,0.));
#5927=CARTESIAN_POINT('Ctrl Pts',(26.7535068627684,15.9792905006511,0.));
#5928=CARTESIAN_POINT('Ctrl Pts',(26.7526596672893,16.3236603931112,0.));
#5929=CARTESIAN_POINT('Ctrl Pts',(26.5977581584047,16.6287746569674,0.));
#5930=CARTESIAN_POINT('Ctrl Pts',(26.5341173032013,16.7541300058365,0.));
#5931=CARTESIAN_POINT('',(26.5341173032013,16.7541300058365,-3.));
#5932=CARTESIAN_POINT('Ctrl Pts',(26.5341173032013,16.7541300058365,-3.));
#5933=CARTESIAN_POINT('Ctrl Pts',(26.5977581584047,16.6287746569674,-3.));
#5934=CARTESIAN_POINT('Ctrl Pts',(26.7526596672893,16.3236603931112,-3.));
#5935=CARTESIAN_POINT('Ctrl Pts',(26.7535068627684,15.9792905006511,-3.));
#5936=CARTESIAN_POINT('Ctrl Pts',(26.7540059903351,15.7764040231705,-3.));
#5937=CARTESIAN_POINT('',(26.5341173032013,16.7541300058365,0.));
#5938=CARTESIAN_POINT('Ctrl Pts',(25.6669126370636,17.1788130998611,0.));
#5939=CARTESIAN_POINT('Ctrl Pts',(25.6669126370636,17.1788130998611,-3.));
#5940=CARTESIAN_POINT('Ctrl Pts',(25.8552472253097,17.1343660884627,0.));
#5941=CARTESIAN_POINT('Ctrl Pts',(25.8552472253097,17.1343660884627,-3.));
#5942=CARTESIAN_POINT('Ctrl Pts',(26.1784743170101,17.0580844114597,0.));
#5943=CARTESIAN_POINT('Ctrl Pts',(26.1784743170101,17.0580844114597,-3.));
#5944=CARTESIAN_POINT('Ctrl Pts',(26.4293988557682,16.8436288422629,0.));
#5945=CARTESIAN_POINT('Ctrl Pts',(26.4293988557682,16.8436288422629,-3.));
#5946=CARTESIAN_POINT('Ctrl Pts',(26.5341173032013,16.7541300058365,0.));
#5947=CARTESIAN_POINT('Ctrl Pts',(26.5341173032013,16.7541300058365,-3.));
#5948=CARTESIAN_POINT('',(25.6669126370636,17.1788130998611,0.));
#5949=CARTESIAN_POINT('Ctrl Pts',(26.5341173032013,16.7541300058365,0.));
#5950=CARTESIAN_POINT('Ctrl Pts',(26.4293988557682,16.8436288422629,0.));
#5951=CARTESIAN_POINT('Ctrl Pts',(26.1784743170101,17.0580844114597,0.));
#5952=CARTESIAN_POINT('Ctrl Pts',(25.8552472253097,17.1343660884627,0.));
#5953=CARTESIAN_POINT('Ctrl Pts',(25.6669126370636,17.1788130998611,0.));
#5954=CARTESIAN_POINT('',(25.6669126370636,17.1788130998611,-3.));
#5955=CARTESIAN_POINT('Ctrl Pts',(25.6669126370636,17.1788130998611,-3.));
#5956=CARTESIAN_POINT('Ctrl Pts',(25.8552472253097,17.1343660884627,-3.));
#5957=CARTESIAN_POINT('Ctrl Pts',(26.1784743170101,17.0580844114597,-3.));
#5958=CARTESIAN_POINT('Ctrl Pts',(26.4293988557682,16.8436288422629,-3.));
#5959=CARTESIAN_POINT('Ctrl Pts',(26.5341173032013,16.7541300058365,-3.));
#5960=CARTESIAN_POINT('',(25.6669126370636,17.1788130998611,0.));
#5961=CARTESIAN_POINT('Ctrl Pts',(26.6452966550079,17.7201973199844,0.));
#5962=CARTESIAN_POINT('Ctrl Pts',(26.6452966550079,17.7201973199844,-3.));
#5963=CARTESIAN_POINT('Ctrl Pts',(26.5276315160661,17.6006184828213,0.));
#5964=CARTESIAN_POINT('Ctrl Pts',(26.5276315160661,17.6006184828213,-3.));
#5965=CARTESIAN_POINT('Ctrl Pts',(26.2569436690586,17.3255281861504,0.));
#5966=CARTESIAN_POINT('Ctrl Pts',(26.2569436690586,17.3255281861504,-3.));
#5967=CARTESIAN_POINT('Ctrl Pts',(25.8800018444898,17.2317991290012,0.));
#5968=CARTESIAN_POINT('Ctrl Pts',(25.8800018444898,17.2317991290012,-3.));
#5969=CARTESIAN_POINT('Ctrl Pts',(25.6669126370636,17.1788130998611,0.));
#5970=CARTESIAN_POINT('Ctrl Pts',(25.6669126370636,17.1788130998611,-3.));
#5971=CARTESIAN_POINT('',(26.6452966550079,17.7201973199844,0.));
#5972=CARTESIAN_POINT('Ctrl Pts',(25.6669126370636,17.1788130998611,0.));
#5973=CARTESIAN_POINT('Ctrl Pts',(25.8800018444898,17.2317991290012,0.));
#5974=CARTESIAN_POINT('Ctrl Pts',(26.2569436690586,17.3255281861504,0.));
#5975=CARTESIAN_POINT('Ctrl Pts',(26.5276315160661,17.6006184828213,0.));
#5976=CARTESIAN_POINT('Ctrl Pts',(26.6452966550079,17.7201973199844,0.));
#5977=CARTESIAN_POINT('',(26.6452966550079,17.7201973199844,-3.));
#5978=CARTESIAN_POINT('Ctrl Pts',(26.6452966550079,17.7201973199844,-3.));
#5979=CARTESIAN_POINT('Ctrl Pts',(26.5276315160661,17.6006184828213,-3.));
#5980=CARTESIAN_POINT('Ctrl Pts',(26.2569436690586,17.3255281861504,-3.));
#5981=CARTESIAN_POINT('Ctrl Pts',(25.8800018444898,17.2317991290012,-3.));
#5982=CARTESIAN_POINT('Ctrl Pts',(25.6669126370636,17.1788130998611,-3.));
#5983=CARTESIAN_POINT('',(26.6452966550079,17.7201973199844,0.));
#5984=CARTESIAN_POINT('Ctrl Pts',(26.9022451260773,18.8796316385269,0.));
#5985=CARTESIAN_POINT('Ctrl Pts',(26.9022451260773,18.8796316385269,-3.));
#5986=CARTESIAN_POINT('Ctrl Pts',(26.8989545174623,18.6484108492559,0.));
#5987=CARTESIAN_POINT('Ctrl Pts',(26.8989545174623,18.6484108492559,-3.));
#5988=CARTESIAN_POINT('Ctrl Pts',(26.8931782201614,18.2425284799839,0.));
#5989=CARTESIAN_POINT('Ctrl Pts',(26.8931782201614,18.2425284799839,-3.));
#5990=CARTESIAN_POINT('Ctrl Pts',(26.7198739301256,17.8773450877004,0.));
#5991=CARTESIAN_POINT('Ctrl Pts',(26.7198739301256,17.8773450877004,-3.));
#5992=CARTESIAN_POINT('Ctrl Pts',(26.6452966550079,17.7201973199844,0.));
#5993=CARTESIAN_POINT('Ctrl Pts',(26.6452966550079,17.7201973199844,-3.));
#5994=CARTESIAN_POINT('',(26.9022451260773,18.8796316385269,0.));
#5995=CARTESIAN_POINT('Ctrl Pts',(26.6452966550079,17.7201973199844,0.));
#5996=CARTESIAN_POINT('Ctrl Pts',(26.7198739301256,17.8773450877004,0.));
#5997=CARTESIAN_POINT('Ctrl Pts',(26.8931782201614,18.2425284799839,0.));
#5998=CARTESIAN_POINT('Ctrl Pts',(26.8989545174623,18.6484108492559,0.));
#5999=CARTESIAN_POINT('Ctrl Pts',(26.9022451260773,18.8796316385269,0.));
#6000=CARTESIAN_POINT('',(26.9022451260773,18.8796316385269,-3.));
#6001=CARTESIAN_POINT('Ctrl Pts',(26.9022451260773,18.8796316385269,-3.));
#6002=CARTESIAN_POINT('Ctrl Pts',(26.8989545174623,18.6484108492559,-3.));
#6003=CARTESIAN_POINT('Ctrl Pts',(26.8931782201614,18.2425284799839,-3.));
#6004=CARTESIAN_POINT('Ctrl Pts',(26.7198739301256,17.8773450877004,-3.));
#6005=CARTESIAN_POINT('Ctrl Pts',(26.6452966550079,17.7201973199844,-3.));
#6006=CARTESIAN_POINT('',(26.9022451260773,18.8796316385269,0.));
#6007=CARTESIAN_POINT('Origin',(26.9022451260773,19.6212159395218,0.));
#6008=CARTESIAN_POINT('',(26.9022451260773,19.6212159395218,0.));
#6009=CARTESIAN_POINT('',(26.9022451260773,26.5606079697609,0.));
#6010=CARTESIAN_POINT('',(26.9022451260773,19.6212159395218,-3.));
#6011=CARTESIAN_POINT('',(26.9022451260773,18.8796316385269,-3.));
#6012=CARTESIAN_POINT('',(26.9022451260773,19.6212159395218,0.));
#6013=CARTESIAN_POINT('Ctrl Pts',(26.7169462063995,20.8226524591446,0.));
#6014=CARTESIAN_POINT('Ctrl Pts',(26.7169462063995,20.8226524591446,-3.));
#6015=CARTESIAN_POINT('Ctrl Pts',(26.7706628109558,20.6586977934146,0.));
#6016=CARTESIAN_POINT('Ctrl Pts',(26.7706628109558,20.6586977934146,-3.));
#6017=CARTESIAN_POINT('Ctrl Pts',(26.8981859586359,20.2694696353166,0.));
#6018=CARTESIAN_POINT('Ctrl Pts',(26.8981859586359,20.2694696353166,-3.));
#6019=CARTESIAN_POINT('Ctrl Pts',(26.9007570538729,19.8588627772177,0.));
#6020=CARTESIAN_POINT('Ctrl Pts',(26.9007570538729,19.8588627772177,-3.));
#6021=CARTESIAN_POINT('Ctrl Pts',(26.9022451260773,19.6212159395218,0.));
#6022=CARTESIAN_POINT('Ctrl Pts',(26.9022451260773,19.6212159395218,-3.));
#6023=CARTESIAN_POINT('',(26.7169462063995,20.8226524591446,0.));
#6024=CARTESIAN_POINT('Ctrl Pts',(26.9022451260773,19.6212159395218,0.));
#6025=CARTESIAN_POINT('Ctrl Pts',(26.9007570538729,19.8588627772177,0.));
#6026=CARTESIAN_POINT('Ctrl Pts',(26.8981859586359,20.2694696353166,0.));
#6027=CARTESIAN_POINT('Ctrl Pts',(26.7706628109558,20.6586977934146,0.));
#6028=CARTESIAN_POINT('Ctrl Pts',(26.7169462063995,20.8226524591446,0.));
#6029=CARTESIAN_POINT('',(26.7169462063995,20.8226524591446,-3.));
#6030=CARTESIAN_POINT('Ctrl Pts',(26.7169462063995,20.8226524591446,-3.));
#6031=CARTESIAN_POINT('Ctrl Pts',(26.7706628109558,20.6586977934146,-3.));
#6032=CARTESIAN_POINT('Ctrl Pts',(26.8981859586359,20.2694696353166,-3.));
#6033=CARTESIAN_POINT('Ctrl Pts',(26.9007570538729,19.8588627772177,-3.));
#6034=CARTESIAN_POINT('Ctrl Pts',(26.9022451260773,19.6212159395218,-3.));
#6035=CARTESIAN_POINT('',(26.7169462063995,20.8226524591446,0.));
#6036=CARTESIAN_POINT('Ctrl Pts',(26.1264501431671,21.3566242456436,0.));
#6037=CARTESIAN_POINT('Ctrl Pts',(26.1264501431671,21.3566242456436,-3.));
#6038=CARTESIAN_POINT('Ctrl Pts',(26.2524015437552,21.2984249757386,0.));
#6039=CARTESIAN_POINT('Ctrl Pts',(26.2524015437552,21.2984249757386,-3.));
#6040=CARTESIAN_POINT('Ctrl Pts',(26.5047186421264,21.1818349986428,0.));
#6041=CARTESIAN_POINT('Ctrl Pts',(26.5047186421264,21.1818349986428,-3.));
#6042=CARTESIAN_POINT('Ctrl Pts',(26.6461262892538,20.9425109599694,0.));
#6043=CARTESIAN_POINT('Ctrl Pts',(26.6461262892538,20.9425109599694,-3.));
#6044=CARTESIAN_POINT('Ctrl Pts',(26.7169462063995,20.8226524591446,0.));
#6045=CARTESIAN_POINT('Ctrl Pts',(26.7169462063995,20.8226524591446,-3.));
#6046=CARTESIAN_POINT('',(26.1264501431671,21.3566242456436,0.));
#6047=CARTESIAN_POINT('Ctrl Pts',(26.7169462063995,20.8226524591446,0.));
#6048=CARTESIAN_POINT('Ctrl Pts',(26.6461262892538,20.9425109599694,0.));
#6049=CARTESIAN_POINT('Ctrl Pts',(26.5047186421264,21.1818349986428,0.));
#6050=CARTESIAN_POINT('Ctrl Pts',(26.2524015437552,21.2984249757386,0.));
#6051=CARTESIAN_POINT('Ctrl Pts',(26.1264501431671,21.3566242456436,0.));
#6052=CARTESIAN_POINT('',(26.1264501431671,21.3566242456436,-3.));
#6053=CARTESIAN_POINT('Ctrl Pts',(26.1264501431671,21.3566242456436,-3.));
#6054=CARTESIAN_POINT('Ctrl Pts',(26.2524015437552,21.2984249757386,-3.));
#6055=CARTESIAN_POINT('Ctrl Pts',(26.5047186421264,21.1818349986428,-3.));
#6056=CARTESIAN_POINT('Ctrl Pts',(26.6461262892538,20.9425109599694,-3.));
#6057=CARTESIAN_POINT('Ctrl Pts',(26.7169462063995,20.8226524591446,-3.));
#6058=CARTESIAN_POINT('',(26.1264501431671,21.3566242456436,0.));
#6059=CARTESIAN_POINT('Ctrl Pts',(24.466169915506,21.4999996423721,0.));
#6060=CARTESIAN_POINT('Ctrl Pts',(24.466169915506,21.4999996423721,-3.));
#6061=CARTESIAN_POINT('Ctrl Pts',(24.8152530996461,21.5029472065267,0.));
#6062=CARTESIAN_POINT('Ctrl Pts',(24.8152530996461,21.5029472065267,-3.));
#6063=CARTESIAN_POINT('Ctrl Pts',(25.3741270607077,21.5076661873581,0.));
#6064=CARTESIAN_POINT('Ctrl Pts',(25.3741270607077,21.5076661873581,-3.));
#6065=CARTESIAN_POINT('Ctrl Pts',(25.9211194753662,21.3978479479083,0.));
#6066=CARTESIAN_POINT('Ctrl Pts',(25.9211194753662,21.3978479479083,-3.));
#6067=CARTESIAN_POINT('Ctrl Pts',(26.1264501431671,21.3566242456436,0.));
#6068=CARTESIAN_POINT('Ctrl Pts',(26.1264501431671,21.3566242456436,-3.));
#6069=CARTESIAN_POINT('',(24.466169915506,21.4999996423721,0.));
#6070=CARTESIAN_POINT('Ctrl Pts',(26.1264501431671,21.3566242456436,0.));
#6071=CARTESIAN_POINT('Ctrl Pts',(25.9211194753662,21.3978479479083,0.));
#6072=CARTESIAN_POINT('Ctrl Pts',(25.3741270607077,21.5076661873581,0.));
#6073=CARTESIAN_POINT('Ctrl Pts',(24.8152530996461,21.5029472065267,0.));
#6074=CARTESIAN_POINT('Ctrl Pts',(24.466169915506,21.4999996423721,0.));
#6075=CARTESIAN_POINT('',(24.466169915506,21.4999996423721,-3.));
#6076=CARTESIAN_POINT('Ctrl Pts',(24.466169915506,21.4999996423721,-3.));
#6077=CARTESIAN_POINT('Ctrl Pts',(24.8152530996461,21.5029472065267,-3.));
#6078=CARTESIAN_POINT('Ctrl Pts',(25.3741270607077,21.5076661873581,-3.));
#6079=CARTESIAN_POINT('Ctrl Pts',(25.9211194753662,21.3978479479083,-3.));
#6080=CARTESIAN_POINT('Ctrl Pts',(26.1264501431671,21.3566242456436,-3.));
#6081=CARTESIAN_POINT('',(24.466169915506,21.4999996423721,0.));
#6082=CARTESIAN_POINT('Origin',(22.0597444394318,21.4999996423721,0.));
#6083=CARTESIAN_POINT('',(22.0597444394318,21.4999996423721,0.));
#6084=CARTESIAN_POINT('',(8.52987221971589,21.4999996423721,0.));
#6085=CARTESIAN_POINT('',(22.0597444394318,21.4999996423721,-3.));
#6086=CARTESIAN_POINT('',(24.466169915506,21.4999996423721,-3.));
#6087=CARTESIAN_POINT('',(22.0597444394318,21.4999996423721,0.));
#6088=CARTESIAN_POINT('Origin',(22.0597444394318,13.4999989271164,0.));
#6089=CARTESIAN_POINT('',(22.0597444394318,23.4999994635582,0.));
#6090=CARTESIAN_POINT('',(22.0597444394318,21.4999996423721,-3.));
#6091=CARTESIAN_POINT('Origin',(3.3420197585312,17.4999995827675,-3.));
#6092=CARTESIAN_POINT('Origin',(-5.,33.5,0.));
#6093=CARTESIAN_POINT('Origin',(-5.,33.5,0.));
#6094=CARTESIAN_POINT('Origin',(15.6903825619904,21.4999996423721,0.));
#6095=CARTESIAN_POINT('',(15.6903825619904,13.4999989271164,0.));
#6096=CARTESIAN_POINT('',(15.6903825619904,21.4999996423721,0.));
#6097=CARTESIAN_POINT('',(15.6903825619904,27.4999998211861,0.));
#6098=CARTESIAN_POINT('',(15.6903825619904,13.4999989271164,-3.));
#6099=CARTESIAN_POINT('',(15.6903825619904,13.4999989271164,0.));
#6100=CARTESIAN_POINT('',(15.6903825619904,21.4999996423721,-3.));
#6101=CARTESIAN_POINT('',(15.6903825619904,13.4999989271164,-3.));
#6102=CARTESIAN_POINT('',(15.6903825619904,21.4999996423721,0.));
#6103=CARTESIAN_POINT('Origin',(13.6100850918976,21.4999996423721,0.));
#6104=CARTESIAN_POINT('',(13.6100850918976,21.4999996423721,0.));
#6105=CARTESIAN_POINT('',(4.3050425459488,21.4999996423721,0.));
#6106=CARTESIAN_POINT('',(13.6100850918976,21.4999996423721,-3.));
#6107=CARTESIAN_POINT('',(15.6903825619904,21.4999996423721,-3.));
#6108=CARTESIAN_POINT('',(13.6100850918976,21.4999996423721,0.));
#6109=CARTESIAN_POINT('Origin',(13.6100850918976,18.1399004459381,0.));
#6110=CARTESIAN_POINT('',(13.6100850918976,18.1399004459381,0.));
#6111=CARTESIAN_POINT('',(13.6100850918976,25.819950222969,0.));
#6112=CARTESIAN_POINT('',(13.6100850918976,18.1399004459381,-3.));
#6113=CARTESIAN_POINT('',(13.6100850918976,21.4999996423721,-3.));
#6114=CARTESIAN_POINT('',(13.6100850918976,18.1399004459381,0.));
#6115=CARTESIAN_POINT('Origin',(12.9874788144318,18.1399004459381,0.));
#6116=CARTESIAN_POINT('',(12.9874788144318,18.1399004459381,0.));
#6117=CARTESIAN_POINT('',(3.99373940721589,18.1399004459381,0.));
#6118=CARTESIAN_POINT('',(12.9874788144318,18.1399004459381,-3.));
#6119=CARTESIAN_POINT('',(13.6100850918976,18.1399004459381,-3.));
#6120=CARTESIAN_POINT('',(12.9874788144318,18.1399004459381,0.));
#6121=CARTESIAN_POINT('Origin',(12.9874788144318,21.4999996423721,0.));
#6122=CARTESIAN_POINT('',(12.9874788144318,21.4999996423721,0.));
#6123=CARTESIAN_POINT('',(12.9874788144318,27.4999998211861,0.));
#6124=CARTESIAN_POINT('',(12.9874788144318,21.4999996423721,-3.));
#6125=CARTESIAN_POINT('',(12.9874788144318,18.1399004459381,-3.));
#6126=CARTESIAN_POINT('',(12.9874788144318,21.4999996423721,0.));
#6127=CARTESIAN_POINT('Origin',(10.907181344339,21.4999996423721,0.));
#6128=CARTESIAN_POINT('',(10.907181344339,21.4999996423721,0.));
#6129=CARTESIAN_POINT('',(2.9535906721695,21.4999996423721,0.));
#6130=CARTESIAN_POINT('',(10.907181344339,21.4999996423721,-3.));
#6131=CARTESIAN_POINT('',(12.9874788144318,21.4999996423721,-3.));
#6132=CARTESIAN_POINT('',(10.907181344339,21.4999996423721,0.));
#6133=CARTESIAN_POINT('Origin',(10.907181344339,13.4999989271164,0.));
#6134=CARTESIAN_POINT('',(10.907181344339,13.4999989271164,0.));
#6135=CARTESIAN_POINT('',(10.907181344339,23.4999994635582,0.));
#6136=CARTESIAN_POINT('',(10.907181344339,13.4999989271164,-3.));
#6137=CARTESIAN_POINT('',(10.907181344339,21.4999996423721,-3.));
#6138=CARTESIAN_POINT('',(10.907181344339,13.4999989271164,0.));
#6139=CARTESIAN_POINT('Origin',(12.9874788144318,13.4999989271164,0.));
#6140=CARTESIAN_POINT('',(12.9874788144318,13.4999989271164,0.));
#6141=CARTESIAN_POINT('',(3.99373940721589,13.4999989271164,0.));
#6142=CARTESIAN_POINT('',(12.9874788144318,13.4999989271164,-3.));
#6143=CARTESIAN_POINT('',(10.907181344339,13.4999989271164,-3.));
#6144=CARTESIAN_POINT('',(12.9874788144318,13.4999989271164,0.));
#6145=CARTESIAN_POINT('Origin',(12.9874788144318,16.3610242605209,0.));
#6146=CARTESIAN_POINT('',(12.9874788144318,16.3610242605209,0.));
#6147=CARTESIAN_POINT('',(12.9874788144318,24.9305121302605,0.));
#6148=CARTESIAN_POINT('',(12.9874788144318,16.3610242605209,-3.));
#6149=CARTESIAN_POINT('',(12.9874788144318,13.4999989271164,-3.));
#6150=CARTESIAN_POINT('',(12.9874788144318,16.3610242605209,0.));
#6151=CARTESIAN_POINT('Origin',(13.6100850918976,16.3610242605209,0.));
#6152=CARTESIAN_POINT('',(13.6100850918976,16.3610242605209,0.));
#6153=CARTESIAN_POINT('',(4.3050425459488,16.3610242605209,0.));
#6154=CARTESIAN_POINT('',(13.6100850918976,16.3610242605209,-3.));
#6155=CARTESIAN_POINT('',(12.9874788144318,16.3610242605209,-3.));
#6156=CARTESIAN_POINT('',(13.6100850918976,16.3610242605209,0.));
#6157=CARTESIAN_POINT('Origin',(13.6100850918976,13.4999989271164,0.));
#6158=CARTESIAN_POINT('',(13.6100850918976,13.4999989271164,0.));
#6159=CARTESIAN_POINT('',(13.6100850918976,23.4999994635582,0.));
#6160=CARTESIAN_POINT('',(13.6100850918976,13.4999989271164,-3.));
#6161=CARTESIAN_POINT('',(13.6100850918976,16.3610242605209,-3.));
#6162=CARTESIAN_POINT('',(13.6100850918976,13.4999989271164,0.));
#6163=CARTESIAN_POINT('Origin',(15.6903825619904,13.4999989271164,0.));
#6164=CARTESIAN_POINT('',(5.34519128099519,13.4999989271164,0.));
#6165=CARTESIAN_POINT('',(13.6100850918976,13.4999989271164,-3.));
#6166=CARTESIAN_POINT('Origin',(3.3420197585312,17.4999995827675,-3.));
#6167=CARTESIAN_POINT('Origin',(21.2543092587677,18.8465093374252,0.));
#6168=CARTESIAN_POINT('',(21.2543092587677,13.4999989271164,0.));
#6169=CARTESIAN_POINT('',(21.2543092587677,18.8465093374252,0.));
#6170=CARTESIAN_POINT('',(21.2543092587677,26.1732546687126,0.));
#6171=CARTESIAN_POINT('',(21.2543092587677,13.4999989271164,-3.));
#6172=CARTESIAN_POINT('',(21.2543092587677,13.4999989271164,0.));
#6173=CARTESIAN_POINT('',(21.2543092587677,18.8465093374252,-3.));
#6174=CARTESIAN_POINT('',(21.2543092587677,13.4999989271164,-3.));
#6175=CARTESIAN_POINT('',(21.2543092587677,18.8465093374252,0.));
#6176=CARTESIAN_POINT('Ctrl Pts',(21.1950193265167,20.1238416433334,0.));
#6177=CARTESIAN_POINT('Ctrl Pts',(21.1950193265167,20.1238416433334,-3.));
#6178=CARTESIAN_POINT('Ctrl Pts',(21.2121331555927,19.956165604593,0.));
#6179=CARTESIAN_POINT('Ctrl Pts',(21.2121331555927,19.956165604593,-3.));
#6180=CARTESIAN_POINT('Ctrl Pts',(21.255460957409,19.5316531156793,0.));
#6181=CARTESIAN_POINT('Ctrl Pts',(21.255460957409,19.5316531156793,-3.));
#6182=CARTESIAN_POINT('Ctrl Pts',(21.2547433948964,19.1047762631812,0.));
#6183=CARTESIAN_POINT('Ctrl Pts',(21.2547433948964,19.1047762631812,-3.));
#6184=CARTESIAN_POINT('Ctrl Pts',(21.2543092587677,18.8465093374252,0.));
#6185=CARTESIAN_POINT('Ctrl Pts',(21.2543092587677,18.8465093374252,-3.));
#6186=CARTESIAN_POINT('',(21.1950193265167,20.1238416433334,0.));
#6187=CARTESIAN_POINT('Ctrl Pts',(21.2543092587677,18.8465093374252,0.));
#6188=CARTESIAN_POINT('Ctrl Pts',(21.2547433948964,19.1047762631812,0.));
#6189=CARTESIAN_POINT('Ctrl Pts',(21.255460957409,19.5316531156793,0.));
#6190=CARTESIAN_POINT('Ctrl Pts',(21.2121331555927,19.956165604593,0.));
#6191=CARTESIAN_POINT('Ctrl Pts',(21.1950193265167,20.1238416433334,0.));
#6192=CARTESIAN_POINT('',(21.1950193265167,20.1238416433334,-3.));
#6193=CARTESIAN_POINT('Ctrl Pts',(21.1950193265167,20.1238416433334,-3.));
#6194=CARTESIAN_POINT('Ctrl Pts',(21.2121331555927,19.956165604593,-3.));
#6195=CARTESIAN_POINT('Ctrl Pts',(21.255460957409,19.5316531156793,-3.));
#6196=CARTESIAN_POINT('Ctrl Pts',(21.2547433948964,19.1047762631812,-3.));
#6197=CARTESIAN_POINT('Ctrl Pts',(21.2543092587677,18.8465093374252,-3.));
#6198=CARTESIAN_POINT('',(21.1950193265167,20.1238416433334,0.));
#6199=CARTESIAN_POINT('Ctrl Pts',(20.8441816189972,20.8798633813858,0.));
#6200=CARTESIAN_POINT('Ctrl Pts',(20.8441816189972,20.8798633813858,-3.));
#6201=CARTESIAN_POINT('Ctrl Pts',(20.9308121092235,20.7562094819832,0.));
#6202=CARTESIAN_POINT('Ctrl Pts',(20.9308121092235,20.7562094819832,-3.));
#6203=CARTESIAN_POINT('Ctrl Pts',(21.0929823709811,20.5247322598056,0.));
#6204=CARTESIAN_POINT('Ctrl Pts',(21.0929823709811,20.5247322598056,-3.));
#6205=CARTESIAN_POINT('Ctrl Pts',(21.1625939038189,20.2512371308456,0.));
#6206=CARTESIAN_POINT('Ctrl Pts',(21.1625939038189,20.2512371308456,-3.));
#6207=CARTESIAN_POINT('Ctrl Pts',(21.1950193265167,20.1238416433334,0.));
#6208=CARTESIAN_POINT('Ctrl Pts',(21.1950193265167,20.1238416433334,-3.));
#6209=CARTESIAN_POINT('',(20.8441816189972,20.8798633813858,0.));
#6210=CARTESIAN_POINT('Ctrl Pts',(21.1950193265167,20.1238416433334,0.));
#6211=CARTESIAN_POINT('Ctrl Pts',(21.1625939038189,20.2512371308456,0.));
#6212=CARTESIAN_POINT('Ctrl Pts',(21.0929823709811,20.5247322598056,0.));
#6213=CARTESIAN_POINT('Ctrl Pts',(20.9308121092235,20.7562094819832,0.));
#6214=CARTESIAN_POINT('Ctrl Pts',(20.8441816189972,20.8798633813858,0.));
#6215=CARTESIAN_POINT('',(20.8441816189972,20.8798633813858,-3.));
#6216=CARTESIAN_POINT('Ctrl Pts',(20.8441816189972,20.8798633813858,-3.));
#6217=CARTESIAN_POINT('Ctrl Pts',(20.9308121092235,20.7562094819832,-3.));
#6218=CARTESIAN_POINT('Ctrl Pts',(21.0929823709811,20.5247322598056,-3.));
#6219=CARTESIAN_POINT('Ctrl Pts',(21.1625939038189,20.2512371308456,-3.));
#6220=CARTESIAN_POINT('Ctrl Pts',(21.1950193265167,20.1238416433334,-3.));
#6221=CARTESIAN_POINT('',(20.8441816189972,20.8798633813858,0.));
#6222=CARTESIAN_POINT('Ctrl Pts',(20.0758062222687,21.4678810834885,0.));
#6223=CARTESIAN_POINT('Ctrl Pts',(20.0758062222687,21.4678810834885,-3.));
#6224=CARTESIAN_POINT('Ctrl Pts',(20.2261842913117,21.3944659590482,0.));
#6225=CARTESIAN_POINT('Ctrl Pts',(20.2261842913117,21.3944659590482,-3.));
#6226=CARTESIAN_POINT('Ctrl Pts',(20.5219810469899,21.2500568988351,0.));
#6227=CARTESIAN_POINT('Ctrl Pts',(20.5219810469899,21.2500568988351,-3.));
#6228=CARTESIAN_POINT('Ctrl Pts',(20.737988635885,21.0018741950284,0.));
#6229=CARTESIAN_POINT('Ctrl Pts',(20.737988635885,21.0018741950284,-3.));
#6230=CARTESIAN_POINT('Ctrl Pts',(20.8441816189972,20.8798633813858,0.));
#6231=CARTESIAN_POINT('Ctrl Pts',(20.8441816189972,20.8798633813858,-3.));
#6232=CARTESIAN_POINT('',(20.0758062222687,21.4678810834885,0.));
#6233=CARTESIAN_POINT('Ctrl Pts',(20.8441816189972,20.8798633813858,0.));
#6234=CARTESIAN_POINT('Ctrl Pts',(20.737988635885,21.0018741950284,0.));
#6235=CARTESIAN_POINT('Ctrl Pts',(20.5219810469899,21.2500568988351,0.));
#6236=CARTESIAN_POINT('Ctrl Pts',(20.2261842913117,21.3944659590482,0.));
#6237=CARTESIAN_POINT('Ctrl Pts',(20.0758062222687,21.4678810834885,0.));
#6238=CARTESIAN_POINT('',(20.0758062222687,21.4678810834885,-3.));
#6239=CARTESIAN_POINT('Ctrl Pts',(20.0758062222687,21.4678810834885,-3.));
#6240=CARTESIAN_POINT('Ctrl Pts',(20.2261842913117,21.3944659590482,-3.));
#6241=CARTESIAN_POINT('Ctrl Pts',(20.5219810469899,21.2500568988351,-3.));
#6242=CARTESIAN_POINT('Ctrl Pts',(20.737988635885,21.0018741950284,-3.));
#6243=CARTESIAN_POINT('Ctrl Pts',(20.8441816189972,20.8798633813858,-3.));
#6244=CARTESIAN_POINT('',(20.0758062222687,21.4678810834885,0.));
#6245=CARTESIAN_POINT('Ctrl Pts',(18.9516530850617,21.6680048704147,0.));
#6246=CARTESIAN_POINT('Ctrl Pts',(18.9516530850617,21.6680048704147,-3.));
#6247=CARTESIAN_POINT('Ctrl Pts',(19.155137924053,21.6617623893522,0.));
#6248=CARTESIAN_POINT('Ctrl Pts',(19.155137924053,21.6617623893522,-3.));
#6249=CARTESIAN_POINT('Ctrl Pts',(19.5399548995243,21.6499570249142,0.));
#6250=CARTESIAN_POINT('Ctrl Pts',(19.5399548995243,21.6499570249142,-3.));
#6251=CARTESIAN_POINT('Ctrl Pts',(19.9041781773991,21.5261982631208,0.));
#6252=CARTESIAN_POINT('Ctrl Pts',(19.9041781773991,21.5261982631208,-3.));
#6253=CARTESIAN_POINT('Ctrl Pts',(20.0758062222687,21.4678810834885,0.));
#6254=CARTESIAN_POINT('Ctrl Pts',(20.0758062222687,21.4678810834885,-3.));
#6255=CARTESIAN_POINT('',(18.9516530850617,21.6680048704147,0.));
#6256=CARTESIAN_POINT('Ctrl Pts',(20.0758062222687,21.4678810834885,0.));
#6257=CARTESIAN_POINT('Ctrl Pts',(19.9041781773991,21.5261982631208,0.));
#6258=CARTESIAN_POINT('Ctrl Pts',(19.5399548995243,21.6499570249142,0.));
#6259=CARTESIAN_POINT('Ctrl Pts',(19.155137924053,21.6617623893522,0.));
#6260=CARTESIAN_POINT('Ctrl Pts',(18.9516530850617,21.6680048704147,0.));
#6261=CARTESIAN_POINT('',(18.9516530850617,21.6680048704147,-3.));
#6262=CARTESIAN_POINT('Ctrl Pts',(18.9516530850617,21.6680048704147,-3.));
#6263=CARTESIAN_POINT('Ctrl Pts',(19.155137924053,21.6617623893522,-3.));
#6264=CARTESIAN_POINT('Ctrl Pts',(19.5399548995243,21.6499570249142,-3.));
#6265=CARTESIAN_POINT('Ctrl Pts',(19.9041781773991,21.5261982631208,-3.));
#6266=CARTESIAN_POINT('Ctrl Pts',(20.0758062222687,21.4678810834885,-3.));
#6267=CARTESIAN_POINT('',(18.9516530850617,21.6680048704147,0.));
#6268=CARTESIAN_POINT('Ctrl Pts',(17.6866756299225,21.4308212995529,0.));
#6269=CARTESIAN_POINT('Ctrl Pts',(17.6866756299225,21.4308212995529,-3.));
#6270=CARTESIAN_POINT('Ctrl Pts',(17.8816102483614,21.4999586947657,0.));
#6271=CARTESIAN_POINT('Ctrl Pts',(17.8816102483614,21.4999586947657,-3.));
#6272=CARTESIAN_POINT('Ctrl Pts',(18.2905692306285,21.6450040387341,0.));
#6273=CARTESIAN_POINT('Ctrl Pts',(18.2905692306285,21.6450040387341,-3.));
#6274=CARTESIAN_POINT('Ctrl Pts',(18.7245393872896,21.6601029924612,0.));
#6275=CARTESIAN_POINT('Ctrl Pts',(18.7245393872896,21.6601029924612,-3.));
#6276=CARTESIAN_POINT('Ctrl Pts',(18.9516530850617,21.6680048704147,0.));
#6277=CARTESIAN_POINT('Ctrl Pts',(18.9516530850617,21.6680048704147,-3.));
#6278=CARTESIAN_POINT('',(17.6866756299225,21.4308212995529,0.));
#6279=CARTESIAN_POINT('Ctrl Pts',(18.9516530850617,21.6680048704147,0.));
#6280=CARTESIAN_POINT('Ctrl Pts',(18.7245393872896,21.6601029924612,0.));
#6281=CARTESIAN_POINT('Ctrl Pts',(18.2905692306285,21.6450040387341,0.));
#6282=CARTESIAN_POINT('Ctrl Pts',(17.8816102483614,21.4999586947657,0.));
#6283=CARTESIAN_POINT('Ctrl Pts',(17.6866756299225,21.4308212995529,0.));
#6284=CARTESIAN_POINT('',(17.6866756299225,21.4308212995529,-3.));
#6285=CARTESIAN_POINT('Ctrl Pts',(17.6866756299225,21.4308212995529,-3.));
#6286=CARTESIAN_POINT('Ctrl Pts',(17.8816102483614,21.4999586947657,-3.));
#6287=CARTESIAN_POINT('Ctrl Pts',(18.2905692306285,21.6450040387341,-3.));
#6288=CARTESIAN_POINT('Ctrl Pts',(18.7245393872896,21.6601029924612,-3.));
#6289=CARTESIAN_POINT('Ctrl Pts',(18.9516530850617,21.6680048704147,-3.));
#6290=CARTESIAN_POINT('',(17.6866756299225,21.4308212995529,0.));
#6291=CARTESIAN_POINT('Ctrl Pts',(16.8664155820099,20.813156247139,0.));
#6292=CARTESIAN_POINT('Ctrl Pts',(16.8664155820099,20.813156247139,-3.));
#6293=CARTESIAN_POINT('Ctrl Pts',(16.9738052751199,20.9362057537965,0.));
#6294=CARTESIAN_POINT('Ctrl Pts',(16.9738052751199,20.9362057537965,-3.));
#6295=CARTESIAN_POINT('Ctrl Pts',(17.2033811128275,21.1992588713939,0.));
#6296=CARTESIAN_POINT('Ctrl Pts',(17.2033811128275,21.1992588713939,-3.));
#6297=CARTESIAN_POINT('Ctrl Pts',(17.5188010535911,21.3503870236684,0.));
#6298=CARTESIAN_POINT('Ctrl Pts',(17.5188010535911,21.3503870236684,-3.));
#6299=CARTESIAN_POINT('Ctrl Pts',(17.6866756299225,21.4308212995529,0.));
#6300=CARTESIAN_POINT('Ctrl Pts',(17.6866756299225,21.4308212995529,-3.));
#6301=CARTESIAN_POINT('',(16.8664155820099,20.813156247139,0.));
#6302=CARTESIAN_POINT('Ctrl Pts',(17.6866756299225,21.4308212995529,0.));
#6303=CARTESIAN_POINT('Ctrl Pts',(17.5188010535911,21.3503870236684,0.));
#6304=CARTESIAN_POINT('Ctrl Pts',(17.2033811128275,21.1992588713939,0.));
#6305=CARTESIAN_POINT('Ctrl Pts',(16.9738052751199,20.9362057537965,0.));
#6306=CARTESIAN_POINT('Ctrl Pts',(16.8664155820099,20.813156247139,0.));
#6307=CARTESIAN_POINT('',(16.8664155820099,20.813156247139,-3.));
#6308=CARTESIAN_POINT('Ctrl Pts',(16.8664155820099,20.813156247139,-3.));
#6309=CARTESIAN_POINT('Ctrl Pts',(16.9738052751199,20.9362057537965,-3.));
#6310=CARTESIAN_POINT('Ctrl Pts',(17.2033811128275,21.1992588713939,-3.));
#6311=CARTESIAN_POINT('Ctrl Pts',(17.5188010535911,21.3503870236684,-3.));
#6312=CARTESIAN_POINT('Ctrl Pts',(17.6866756299225,21.4308212995529,-3.));
#6313=CARTESIAN_POINT('',(16.8664155820099,20.813156247139,0.));
#6314=CARTESIAN_POINT('Ctrl Pts',(16.5452276089874,20.0101910829544,0.));
#6315=CARTESIAN_POINT('Ctrl Pts',(16.5452276089874,20.0101910829544,-3.));
#6316=CARTESIAN_POINT('Ctrl Pts',(16.5720459283541,20.1507625069306,0.));
#6317=CARTESIAN_POINT('Ctrl Pts',(16.5720459283541,20.1507625069306,-3.));
#6318=CARTESIAN_POINT('Ctrl Pts',(16.6270457760128,20.4390507772788,0.));
#6319=CARTESIAN_POINT('Ctrl Pts',(16.6270457760128,20.4390507772788,-3.));
#6320=CARTESIAN_POINT('Ctrl Pts',(16.7853180180076,20.6864107615952,0.));
#6321=CARTESIAN_POINT('Ctrl Pts',(16.7853180180076,20.6864107615952,-3.));
#6322=CARTESIAN_POINT('Ctrl Pts',(16.8664155820099,20.813156247139,0.));
#6323=CARTESIAN_POINT('Ctrl Pts',(16.8664155820099,20.813156247139,-3.));
#6324=CARTESIAN_POINT('',(16.5452276089874,20.0101910829544,0.));
#6325=CARTESIAN_POINT('Ctrl Pts',(16.8664155820099,20.813156247139,0.));
#6326=CARTESIAN_POINT('Ctrl Pts',(16.7853180180076,20.6864107615952,0.));
#6327=CARTESIAN_POINT('Ctrl Pts',(16.6270457760128,20.4390507772788,0.));
#6328=CARTESIAN_POINT('Ctrl Pts',(16.5720459283541,20.1507625069306,0.));
#6329=CARTESIAN_POINT('Ctrl Pts',(16.5452276089874,20.0101910829544,0.));
#6330=CARTESIAN_POINT('',(16.5452276089874,20.0101910829544,-3.));
#6331=CARTESIAN_POINT('Ctrl Pts',(16.5452276089874,20.0101910829544,-3.));
#6332=CARTESIAN_POINT('Ctrl Pts',(16.5720459283541,20.1507625069306,-3.));
#6333=CARTESIAN_POINT('Ctrl Pts',(16.6270457760128,20.4390507772788,-3.));
#6334=CARTESIAN_POINT('Ctrl Pts',(16.7853180180076,20.6864107615952,-3.));
#6335=CARTESIAN_POINT('Ctrl Pts',(16.8664155820099,20.813156247139,-3.));
#6336=CARTESIAN_POINT('',(16.5452276089874,20.0101910829544,0.));
#6337=CARTESIAN_POINT('Ctrl Pts',(16.4958177426544,18.2337855100632,0.));
#6338=CARTESIAN_POINT('Ctrl Pts',(16.4958177426544,18.2337855100632,-3.));
#6339=CARTESIAN_POINT('Ctrl Pts',(16.4945786325752,18.6076536998873,0.));
#6340=CARTESIAN_POINT('Ctrl Pts',(16.4945786325752,18.6076536998873,-3.));
#6341=CARTESIAN_POINT('Ctrl Pts',(16.4926140579047,19.2004113476249,0.));
#6342=CARTESIAN_POINT('Ctrl Pts',(16.4926140579047,19.2004113476249,-3.));
#6343=CARTESIAN_POINT('Ctrl Pts',(16.5310384970012,19.7918052277453,0.));
#6344=CARTESIAN_POINT('Ctrl Pts',(16.5310384970012,19.7918052277453,-3.));
#6345=CARTESIAN_POINT('Ctrl Pts',(16.5452276089874,20.0101910829544,0.));
#6346=CARTESIAN_POINT('Ctrl Pts',(16.5452276089874,20.0101910829544,-3.));
#6347=CARTESIAN_POINT('',(16.4958177426544,18.2337855100632,0.));
#6348=CARTESIAN_POINT('Ctrl Pts',(16.5452276089874,20.0101910829544,0.));
#6349=CARTESIAN_POINT('Ctrl Pts',(16.5310384970012,19.7918052277453,0.));
#6350=CARTESIAN_POINT('Ctrl Pts',(16.4926140579047,19.2004113476249,0.));
#6351=CARTESIAN_POINT('Ctrl Pts',(16.4945786325752,18.6076536998873,0.));
#6352=CARTESIAN_POINT('Ctrl Pts',(16.4958177426544,18.2337855100632,0.));
#6353=CARTESIAN_POINT('',(16.4958177426544,18.2337855100632,-3.));
#6354=CARTESIAN_POINT('Ctrl Pts',(16.4958177426544,18.2337855100632,-3.));
#6355=CARTESIAN_POINT('Ctrl Pts',(16.4945786325752,18.6076536998873,-3.));
#6356=CARTESIAN_POINT('Ctrl Pts',(16.4926140579047,19.2004113476249,-3.));
#6357=CARTESIAN_POINT('Ctrl Pts',(16.5310384970012,19.7918052277453,-3.));
#6358=CARTESIAN_POINT('Ctrl Pts',(16.5452276089874,20.0101910829544,-3.));
#6359=CARTESIAN_POINT('',(16.4958177426544,18.2337855100632,0.));
#6360=CARTESIAN_POINT('Origin',(16.4958177426544,13.4999989271164,0.));
#6361=CARTESIAN_POINT('',(16.4958177426544,13.4999989271164,0.));
#6362=CARTESIAN_POINT('',(16.4958177426544,23.4999994635582,0.));
#6363=CARTESIAN_POINT('',(16.4958177426544,13.4999989271164,-3.));
#6364=CARTESIAN_POINT('',(16.4958177426544,18.2337855100632,-3.));
#6365=CARTESIAN_POINT('',(16.4958177426544,13.4999989271164,0.));
#6366=CARTESIAN_POINT('Origin',(18.5761152127472,13.4999989271164,0.));
#6367=CARTESIAN_POINT('',(18.5761152127472,13.4999989271164,0.));
#6368=CARTESIAN_POINT('',(6.7880576063736,13.4999989271164,0.));
#6369=CARTESIAN_POINT('',(18.5761152127472,13.4999989271164,-3.));
#6370=CARTESIAN_POINT('',(16.4958177426544,13.4999989271164,-3.));
#6371=CARTESIAN_POINT('',(18.5761152127472,13.4999989271164,0.));
#6372=CARTESIAN_POINT('Origin',(18.5761152127472,19.4987641572952,0.));
#6373=CARTESIAN_POINT('',(18.5761152127472,19.4987641572952,0.));
#6374=CARTESIAN_POINT('',(18.5761152127472,26.4993820786476,0.));
#6375=CARTESIAN_POINT('',(18.5761152127472,19.4987641572952,-3.));
#6376=CARTESIAN_POINT('',(18.5761152127472,13.4999989271164,-3.));
#6377=CARTESIAN_POINT('',(18.5761152127472,19.4987641572952,0.));
#6378=CARTESIAN_POINT('Ctrl Pts',(18.6329398968903,20.1683132648468,0.));
#6379=CARTESIAN_POINT('Ctrl Pts',(18.6329398968903,20.1683132648468,-3.));
#6380=CARTESIAN_POINT('Ctrl Pts',(18.6166471194199,20.0884411218989,0.));
#6381=CARTESIAN_POINT('Ctrl Pts',(18.6166471194199,20.0884411218989,-3.));
#6382=CARTESIAN_POINT('Ctrl Pts',(18.5716768511199,19.867983210128,0.));
#6383=CARTESIAN_POINT('Ctrl Pts',(18.5716768511199,19.867983210128,-3.));
#6384=CARTESIAN_POINT('Ctrl Pts',(18.5743869717746,19.6425333109921,0.));
#6385=CARTESIAN_POINT('Ctrl Pts',(18.5743869717746,19.6425333109921,-3.));
#6386=CARTESIAN_POINT('Ctrl Pts',(18.5761152127472,19.4987641572952,0.));
#6387=CARTESIAN_POINT('Ctrl Pts',(18.5761152127472,19.4987641572952,-3.));
#6388=CARTESIAN_POINT('',(18.6329398968903,20.1683132648468,0.));
#6389=CARTESIAN_POINT('Ctrl Pts',(18.5761152127472,19.4987641572952,0.));
#6390=CARTESIAN_POINT('Ctrl Pts',(18.5743869717746,19.6425333109921,0.));
#6391=CARTESIAN_POINT('Ctrl Pts',(18.5716768511199,19.867983210128,0.));
#6392=CARTESIAN_POINT('Ctrl Pts',(18.6166471194199,20.0884411218989,0.));
#6393=CARTESIAN_POINT('Ctrl Pts',(18.6329398968903,20.1683132648468,0.));
#6394=CARTESIAN_POINT('',(18.6329398968903,20.1683132648468,-3.));
#6395=CARTESIAN_POINT('Ctrl Pts',(18.6329398968903,20.1683132648468,-3.));
#6396=CARTESIAN_POINT('Ctrl Pts',(18.6166471194199,20.0884411218989,-3.));
#6397=CARTESIAN_POINT('Ctrl Pts',(18.5716768511199,19.867983210128,-3.));
#6398=CARTESIAN_POINT('Ctrl Pts',(18.5743869717746,19.6425333109921,-3.));
#6399=CARTESIAN_POINT('Ctrl Pts',(18.5761152127472,19.4987641572952,-3.));
#6400=CARTESIAN_POINT('',(18.6329398968903,20.1683132648468,0.));
#6401=CARTESIAN_POINT('Ctrl Pts',(18.8627134183136,20.3140823841095,0.));
#6402=CARTESIAN_POINT('Ctrl Pts',(18.8627134183136,20.3140823841095,-3.));
#6403=CARTESIAN_POINT('Ctrl Pts',(18.8102451201086,20.3088482854997,0.));
#6404=CARTESIAN_POINT('Ctrl Pts',(18.8102451201086,20.3088482854997,-3.));
#6405=CARTESIAN_POINT('Ctrl Pts',(18.7086492348811,20.2987133487889,0.));
#6406=CARTESIAN_POINT('Ctrl Pts',(18.7086492348811,20.2987133487889,-3.));
#6407=CARTESIAN_POINT('Ctrl Pts',(18.657616989549,20.2108165417152,0.));
#6408=CARTESIAN_POINT('Ctrl Pts',(18.657616989549,20.2108165417152,-3.));
#6409=CARTESIAN_POINT('Ctrl Pts',(18.6329398968903,20.1683132648468,0.));
#6410=CARTESIAN_POINT('Ctrl Pts',(18.6329398968903,20.1683132648468,-3.));
#6411=CARTESIAN_POINT('',(18.8627134183136,20.3140823841095,0.));
#6412=CARTESIAN_POINT('Ctrl Pts',(18.6329398968903,20.1683132648468,0.));
#6413=CARTESIAN_POINT('Ctrl Pts',(18.657616989549,20.2108165417152,0.));
#6414=CARTESIAN_POINT('Ctrl Pts',(18.7086492348811,20.2987133487889,0.));
#6415=CARTESIAN_POINT('Ctrl Pts',(18.8102451201086,20.3088482854997,0.));
#6416=CARTESIAN_POINT('Ctrl Pts',(18.8627134183136,20.3140823841095,0.));
#6417=CARTESIAN_POINT('',(18.8627134183136,20.3140823841095,-3.));
#6418=CARTESIAN_POINT('Ctrl Pts',(18.8627134183136,20.3140823841095,-3.));
#6419=CARTESIAN_POINT('Ctrl Pts',(18.8102451201086,20.3088482854997,-3.));
#6420=CARTESIAN_POINT('Ctrl Pts',(18.7086492348811,20.2987133487889,-3.));
#6421=CARTESIAN_POINT('Ctrl Pts',(18.657616989549,20.2108165417152,-3.));
#6422=CARTESIAN_POINT('Ctrl Pts',(18.6329398968903,20.1683132648468,-3.));
#6423=CARTESIAN_POINT('',(18.8627134183136,20.3140823841095,0.));
#6424=CARTESIAN_POINT('Ctrl Pts',(19.1171918729035,20.1534889936447,0.));
#6425=CARTESIAN_POINT('Ctrl Pts',(19.1171918729035,20.1534889936447,-3.));
#6426=CARTESIAN_POINT('Ctrl Pts',(19.0908803470459,20.2002978494479,0.));
#6427=CARTESIAN_POINT('Ctrl Pts',(19.0908803470459,20.2002978494479,-3.));
#6428=CARTESIAN_POINT('Ctrl Pts',(19.0355236568543,20.298778771571,0.));
#6429=CARTESIAN_POINT('Ctrl Pts',(19.0355236568543,20.298778771571,-3.));
#6430=CARTESIAN_POINT('Ctrl Pts',(18.9221825117977,20.3088159602426,0.));
#6431=CARTESIAN_POINT('Ctrl Pts',(18.9221825117977,20.3088159602426,-3.));
#6432=CARTESIAN_POINT('Ctrl Pts',(18.8627134183136,20.3140823841095,0.));
#6433=CARTESIAN_POINT('Ctrl Pts',(18.8627134183136,20.3140823841095,-3.));
#6434=CARTESIAN_POINT('',(19.1171918729035,20.1534889936447,0.));
#6435=CARTESIAN_POINT('Ctrl Pts',(18.8627134183136,20.3140823841095,0.));
#6436=CARTESIAN_POINT('Ctrl Pts',(18.9221825117977,20.3088159602426,0.));
#6437=CARTESIAN_POINT('Ctrl Pts',(19.0355236568543,20.298778771571,0.));
#6438=CARTESIAN_POINT('Ctrl Pts',(19.0908803470459,20.2002978494479,0.));
#6439=CARTESIAN_POINT('Ctrl Pts',(19.1171918729035,20.1534889936447,0.));
#6440=CARTESIAN_POINT('',(19.1171918729035,20.1534889936447,-3.));
#6441=CARTESIAN_POINT('Ctrl Pts',(19.1171918729035,20.1534889936447,-3.));
#6442=CARTESIAN_POINT('Ctrl Pts',(19.0908803470459,20.2002978494479,-3.));
#6443=CARTESIAN_POINT('Ctrl Pts',(19.0355236568543,20.298778771571,-3.));
#6444=CARTESIAN_POINT('Ctrl Pts',(18.9221825117977,20.3088159602426,-3.));
#6445=CARTESIAN_POINT('Ctrl Pts',(18.8627134183136,20.3140823841095,-3.));
#6446=CARTESIAN_POINT('',(19.1171918729035,20.1534889936447,0.));
#6447=CARTESIAN_POINT('Ctrl Pts',(19.1740117886749,19.39499604702,0.));
#6448=CARTESIAN_POINT('Ctrl Pts',(19.1740117886749,19.39499604702,-3.));
#6449=CARTESIAN_POINT('Ctrl Pts',(19.1759067529403,19.5584710301656,0.));
#6450=CARTESIAN_POINT('Ctrl Pts',(19.1759067529403,19.5584710301656,-3.));
#6451=CARTESIAN_POINT('Ctrl Pts',(19.1788611381625,19.8133402555185,0.));
#6452=CARTESIAN_POINT('Ctrl Pts',(19.1788611381625,19.8133402555185,-3.));
#6453=CARTESIAN_POINT('Ctrl Pts',(19.1334691192602,20.0637086989522,0.));
#6454=CARTESIAN_POINT('Ctrl Pts',(19.1334691192602,20.0637086989522,-3.));
#6455=CARTESIAN_POINT('Ctrl Pts',(19.1171918729035,20.1534889936447,0.));
#6456=CARTESIAN_POINT('Ctrl Pts',(19.1171918729035,20.1534889936447,-3.));
#6457=CARTESIAN_POINT('',(19.1740117886749,19.39499604702,0.));
#6458=CARTESIAN_POINT('Ctrl Pts',(19.1171918729035,20.1534889936447,0.));
#6459=CARTESIAN_POINT('Ctrl Pts',(19.1334691192602,20.0637086989522,0.));
#6460=CARTESIAN_POINT('Ctrl Pts',(19.1788611381625,19.8133402555185,0.));
#6461=CARTESIAN_POINT('Ctrl Pts',(19.1759067529403,19.5584710301656,0.));
#6462=CARTESIAN_POINT('Ctrl Pts',(19.1740117886749,19.39499604702,0.));
#6463=CARTESIAN_POINT('',(19.1740117886749,19.39499604702,-3.));
#6464=CARTESIAN_POINT('Ctrl Pts',(19.1740117886749,19.39499604702,-3.));
#6465=CARTESIAN_POINT('Ctrl Pts',(19.1759067529403,19.5584710301656,-3.));
#6466=CARTESIAN_POINT('Ctrl Pts',(19.1788611381625,19.8133402555185,-3.));
#6467=CARTESIAN_POINT('Ctrl Pts',(19.1334691192602,20.0637086989522,-3.));
#6468=CARTESIAN_POINT('Ctrl Pts',(19.1171918729035,20.1534889936447,-3.));
#6469=CARTESIAN_POINT('',(19.1740117886749,19.39499604702,0.));
#6470=CARTESIAN_POINT('Origin',(19.1740117886749,13.4999989271164,0.));
#6471=CARTESIAN_POINT('',(19.1740117886749,13.4999989271164,0.));
#6472=CARTESIAN_POINT('',(19.1740117886749,23.4999994635582,0.));
#6473=CARTESIAN_POINT('',(19.1740117886749,13.4999989271164,-3.));
#6474=CARTESIAN_POINT('',(19.1740117886749,19.39499604702,-3.));
#6475=CARTESIAN_POINT('',(19.1740117886749,13.4999989271164,0.));
#6476=CARTESIAN_POINT('Origin',(21.2543092587677,13.4999989271164,0.));
#6477=CARTESIAN_POINT('',(8.12715462938386,13.4999989271164,0.));
#6478=CARTESIAN_POINT('',(19.1740117886749,13.4999989271164,-3.));
#6479=CARTESIAN_POINT('Origin',(3.3420197585312,17.4999995827675,-3.));
#6480=CARTESIAN_POINT('Origin',(5.61502798587953,16.6476212739944,0.));
#6481=CARTESIAN_POINT('',(5.61502798587953,14.8687450885773,0.));
#6482=CARTESIAN_POINT('',(5.61502798587953,16.6476212739944,0.));
#6483=CARTESIAN_POINT('',(5.61502798587953,25.0738106369972,0.));
#6484=CARTESIAN_POINT('',(5.61502798587953,14.8687450885773,-3.));
#6485=CARTESIAN_POINT('',(5.61502798587953,14.8687450885773,0.));
#6486=CARTESIAN_POINT('',(5.61502798587953,16.6476212739944,-3.));
#6487=CARTESIAN_POINT('',(5.61502798587953,14.8687450885773,-3.));
#6488=CARTESIAN_POINT('',(5.61502798587953,16.6476212739944,0.));
#6489=CARTESIAN_POINT('Ctrl Pts',(5.82256182224428,16.6426800489426,0.));
#6490=CARTESIAN_POINT('Ctrl Pts',(5.82256182224428,16.6426800489426,-3.));
#6491=CARTESIAN_POINT('Ctrl Pts',(5.79291118947026,16.6429814813346,0.));
#6492=CARTESIAN_POINT('Ctrl Pts',(5.79291118947026,16.6429814813346,-3.));
#6493=CARTESIAN_POINT('Ctrl Pts',(5.72371194997755,16.6436849702768,0.));
#6494=CARTESIAN_POINT('Ctrl Pts',(5.72371194997755,16.6436849702768,-3.));
#6495=CARTESIAN_POINT('Ctrl Pts',(5.65455336042704,16.6461897483774,0.));
#6496=CARTESIAN_POINT('Ctrl Pts',(5.65455336042704,16.6461897483774,-3.));
#6497=CARTESIAN_POINT('Ctrl Pts',(5.61502798587953,16.6476212739944,0.));
#6498=CARTESIAN_POINT('Ctrl Pts',(5.61502798587953,16.6476212739944,-3.));
#6499=CARTESIAN_POINT('',(5.82256182224428,16.6426800489426,0.));
#6500=CARTESIAN_POINT('Ctrl Pts',(5.61502798587953,16.6476212739944,0.));
#6501=CARTESIAN_POINT('Ctrl Pts',(5.65455336042704,16.6461897483774,0.));
#6502=CARTESIAN_POINT('Ctrl Pts',(5.72371194997755,16.6436849702768,0.));
#6503=CARTESIAN_POINT('Ctrl Pts',(5.79291118947026,16.6429814813346,0.));
#6504=CARTESIAN_POINT('Ctrl Pts',(5.82256182224428,16.6426800489426,0.));
#6505=CARTESIAN_POINT('',(5.82256182224428,16.6426800489426,-3.));
#6506=CARTESIAN_POINT('Ctrl Pts',(5.82256182224428,16.6426800489426,-3.));
#6507=CARTESIAN_POINT('Ctrl Pts',(5.79291118947026,16.6429814813346,-3.));
#6508=CARTESIAN_POINT('Ctrl Pts',(5.72371194997755,16.6436849702768,-3.));
#6509=CARTESIAN_POINT('Ctrl Pts',(5.65455336042704,16.6461897483774,-3.));
#6510=CARTESIAN_POINT('Ctrl Pts',(5.61502798587953,16.6476212739944,-3.));
#6511=CARTESIAN_POINT('',(5.82256182224428,16.6426800489426,0.));
#6512=CARTESIAN_POINT('Ctrl Pts',(6.21292694599306,16.491969704628,0.));
#6513=CARTESIAN_POINT('Ctrl Pts',(6.21292694599306,16.491969704628,-3.));
#6514=CARTESIAN_POINT('Ctrl Pts',(6.16902453189701,16.5356142484262,0.));
#6515=CARTESIAN_POINT('Ctrl Pts',(6.16902453189701,16.5356142484262,-3.));
#6516=CARTESIAN_POINT('Ctrl Pts',(6.06313957195908,16.6408772702154,0.));
#6517=CARTESIAN_POINT('Ctrl Pts',(6.06313957195908,16.6408772702154,-3.));
#6518=CARTESIAN_POINT('Ctrl Pts',(5.91139152952422,16.6420144000751,0.));
#6519=CARTESIAN_POINT('Ctrl Pts',(5.91139152952422,16.6420144000751,-3.));
#6520=CARTESIAN_POINT('Ctrl Pts',(5.82256182224428,16.6426800489426,0.));
#6521=CARTESIAN_POINT('Ctrl Pts',(5.82256182224428,16.6426800489426,-3.));
#6522=CARTESIAN_POINT('',(6.21292694599306,16.491969704628,0.));
#6523=CARTESIAN_POINT('Ctrl Pts',(5.82256182224428,16.6426800489426,0.));
#6524=CARTESIAN_POINT('Ctrl Pts',(5.91139152952422,16.6420144000751,0.));
#6525=CARTESIAN_POINT('Ctrl Pts',(6.06313957195908,16.6408772702154,0.));
#6526=CARTESIAN_POINT('Ctrl Pts',(6.16902453189701,16.5356142484262,0.));
#6527=CARTESIAN_POINT('Ctrl Pts',(6.21292694599306,16.491969704628,0.));
#6528=CARTESIAN_POINT('',(6.21292694599306,16.491969704628,-3.));
#6529=CARTESIAN_POINT('Ctrl Pts',(6.21292694599306,16.491969704628,-3.));
#6530=CARTESIAN_POINT('Ctrl Pts',(6.16902453189701,16.5356142484262,-3.));
#6531=CARTESIAN_POINT('Ctrl Pts',(6.06313957195908,16.6408772702154,-3.));
#6532=CARTESIAN_POINT('Ctrl Pts',(5.91139152952422,16.6420144000751,-3.));
#6533=CARTESIAN_POINT('Ctrl Pts',(5.82256182224428,16.6426800489426,-3.));
#6534=CARTESIAN_POINT('',(6.21292694599306,16.491969704628,0.));
#6535=CARTESIAN_POINT('Ctrl Pts',(6.29692896396791,15.629708647728,0.));
#6536=CARTESIAN_POINT('Ctrl Pts',(6.29692896396791,15.629708647728,-3.));
#6537=CARTESIAN_POINT('Ctrl Pts',(6.30089022859541,15.8215327949461,0.));
#6538=CARTESIAN_POINT('Ctrl Pts',(6.30089022859541,15.8215327949461,-3.));
#6539=CARTESIAN_POINT('Ctrl Pts',(6.30691389286876,16.1132285969241,0.));
#6540=CARTESIAN_POINT('Ctrl Pts',(6.30691389286876,16.1132285969241,-3.));
#6541=CARTESIAN_POINT('Ctrl Pts',(6.23689888683948,16.3953694879831,0.));
#6542=CARTESIAN_POINT('Ctrl Pts',(6.23689888683948,16.3953694879831,-3.));
#6543=CARTESIAN_POINT('Ctrl Pts',(6.21292694599306,16.491969704628,0.));
#6544=CARTESIAN_POINT('Ctrl Pts',(6.21292694599306,16.491969704628,-3.));
#6545=CARTESIAN_POINT('',(6.29692896396791,15.629708647728,0.));
#6546=CARTESIAN_POINT('Ctrl Pts',(6.21292694599306,16.491969704628,0.));
#6547=CARTESIAN_POINT('Ctrl Pts',(6.23689888683948,16.3953694879831,0.));
#6548=CARTESIAN_POINT('Ctrl Pts',(6.30691389286876,16.1132285969241,0.));
#6549=CARTESIAN_POINT('Ctrl Pts',(6.30089022859541,15.8215327949461,0.));
#6550=CARTESIAN_POINT('Ctrl Pts',(6.29692896396791,15.629708647728,0.));
#6551=CARTESIAN_POINT('',(6.29692896396791,15.629708647728,-3.));
#6552=CARTESIAN_POINT('Ctrl Pts',(6.29692896396791,15.629708647728,-3.));
#6553=CARTESIAN_POINT('Ctrl Pts',(6.30089022859541,15.8215327949461,-3.));
#6554=CARTESIAN_POINT('Ctrl Pts',(6.30691389286876,16.1132285969241,-3.));
#6555=CARTESIAN_POINT('Ctrl Pts',(6.23689888683948,16.3953694879831,-3.));
#6556=CARTESIAN_POINT('Ctrl Pts',(6.21292694599306,16.491969704628,-3.));
#6557=CARTESIAN_POINT('',(6.29692896396791,15.629708647728,0.));
#6558=CARTESIAN_POINT('Ctrl Pts',(6.22775181324159,15.1034580469131,0.));
#6559=CARTESIAN_POINT('Ctrl Pts',(6.22775181324159,15.1034580469131,-3.));
#6560=CARTESIAN_POINT('Ctrl Pts',(6.24773654436046,15.172024306049,0.));
#6561=CARTESIAN_POINT('Ctrl Pts',(6.24773654436046,15.172024306049,-3.));
#6562=CARTESIAN_POINT('Ctrl Pts',(6.29768114307311,15.3433808420663,0.));
#6563=CARTESIAN_POINT('Ctrl Pts',(6.29768114307311,15.3433808420663,-3.));
#6564=CARTESIAN_POINT('Ctrl Pts',(6.29721099058595,15.52235115518,0.));
#6565=CARTESIAN_POINT('Ctrl Pts',(6.29721099058595,15.52235115518,-3.));
#6566=CARTESIAN_POINT('Ctrl Pts',(6.29692896396791,15.629708647728,0.));
#6567=CARTESIAN_POINT('Ctrl Pts',(6.29692896396791,15.629708647728,-3.));
#6568=CARTESIAN_POINT('',(6.22775181324159,15.1034580469131,0.));
#6569=CARTESIAN_POINT('Ctrl Pts',(6.29692896396791,15.629708647728,0.));
#6570=CARTESIAN_POINT('Ctrl Pts',(6.29721099058595,15.52235115518,0.));
#6571=CARTESIAN_POINT('Ctrl Pts',(6.29768114307311,15.3433808420663,0.));
#6572=CARTESIAN_POINT('Ctrl Pts',(6.24773654436046,15.172024306049,0.));
#6573=CARTESIAN_POINT('Ctrl Pts',(6.22775181324159,15.1034580469131,0.));
#6574=CARTESIAN_POINT('',(6.22775181324159,15.1034580469131,-3.));
#6575=CARTESIAN_POINT('Ctrl Pts',(6.22775181324159,15.1034580469131,-3.));
#6576=CARTESIAN_POINT('Ctrl Pts',(6.24773654436046,15.172024306049,-3.));
#6577=CARTESIAN_POINT('Ctrl Pts',(6.29768114307311,15.3433808420663,-3.));
#6578=CARTESIAN_POINT('Ctrl Pts',(6.29721099058595,15.52235115518,-3.));
#6579=CARTESIAN_POINT('Ctrl Pts',(6.29692896396791,15.629708647728,-3.));
#6580=CARTESIAN_POINT('',(6.22775181324159,15.1034580469131,0.));
#6581=CARTESIAN_POINT('Ctrl Pts',(6.04739292652284,14.9132173061371,0.));
#6582=CARTESIAN_POINT('Ctrl Pts',(6.04739292652284,14.9132173061371,-3.));
#6583=CARTESIAN_POINT('Ctrl Pts',(6.08357768062446,14.933071299968,0.));
#6584=CARTESIAN_POINT('Ctrl Pts',(6.08357768062446,14.933071299968,-3.));
#6585=CARTESIAN_POINT('Ctrl Pts',(6.16352571683919,14.9769375043188,0.));
#6586=CARTESIAN_POINT('Ctrl Pts',(6.16352571683919,14.9769375043188,-3.));
#6587=CARTESIAN_POINT('Ctrl Pts',(6.20503162228514,15.0587009925587,0.));
#6588=CARTESIAN_POINT('Ctrl Pts',(6.20503162228514,15.0587009925587,-3.));
#6589=CARTESIAN_POINT('Ctrl Pts',(6.22775181324159,15.1034580469131,0.));
#6590=CARTESIAN_POINT('Ctrl Pts',(6.22775181324159,15.1034580469131,-3.));
#6591=CARTESIAN_POINT('',(6.04739292652284,14.9132173061371,0.));
#6592=CARTESIAN_POINT('Ctrl Pts',(6.22775181324159,15.1034580469131,0.));
#6593=CARTESIAN_POINT('Ctrl Pts',(6.20503162228514,15.0587009925587,0.));
#6594=CARTESIAN_POINT('Ctrl Pts',(6.16352571683919,14.9769375043188,0.));
#6595=CARTESIAN_POINT('Ctrl Pts',(6.08357768062446,14.933071299968,0.));
#6596=CARTESIAN_POINT('Ctrl Pts',(6.04739292652284,14.9132173061371,0.));
#6597=CARTESIAN_POINT('',(6.04739292652284,14.9132173061371,-3.));
#6598=CARTESIAN_POINT('Ctrl Pts',(6.04739292652284,14.9132173061371,-3.));
#6599=CARTESIAN_POINT('Ctrl Pts',(6.08357768062446,14.933071299968,-3.));
#6600=CARTESIAN_POINT('Ctrl Pts',(6.16352571683919,14.9769375043188,-3.));
#6601=CARTESIAN_POINT('Ctrl Pts',(6.20503162228514,15.0587009925587,-3.));
#6602=CARTESIAN_POINT('Ctrl Pts',(6.22775181324159,15.1034580469131,-3.));
#6603=CARTESIAN_POINT('',(6.04739292652284,14.9132173061371,0.));
#6604=CARTESIAN_POINT('Ctrl Pts',(5.61502798587953,14.8687450885773,0.));
#6605=CARTESIAN_POINT('Ctrl Pts',(5.61502798587953,14.8687450885773,-3.));
#6606=CARTESIAN_POINT('Ctrl Pts',(5.7050339247893,14.8695390140588,0.));
#6607=CARTESIAN_POINT('Ctrl Pts',(5.7050339247893,14.8695390140588,-3.));
#6608=CARTESIAN_POINT('Ctrl Pts',(5.85076758510753,14.8708245033037,0.));
#6609=CARTESIAN_POINT('Ctrl Pts',(5.85076758510753,14.8708245033037,-3.));
#6610=CARTESIAN_POINT('Ctrl Pts',(5.99300293795867,14.9014907197026,0.));
#6611=CARTESIAN_POINT('Ctrl Pts',(5.99300293795867,14.9014907197026,-3.));
#6612=CARTESIAN_POINT('Ctrl Pts',(6.04739292652284,14.9132173061371,0.));
#6613=CARTESIAN_POINT('Ctrl Pts',(6.04739292652284,14.9132173061371,-3.));
#6614=CARTESIAN_POINT('Ctrl Pts',(6.04739292652284,14.9132173061371,0.));
#6615=CARTESIAN_POINT('Ctrl Pts',(5.99300293795867,14.9014907197026,0.));
#6616=CARTESIAN_POINT('Ctrl Pts',(5.85076758510753,14.8708245033037,0.));
#6617=CARTESIAN_POINT('Ctrl Pts',(5.7050339247893,14.8695390140588,0.));
#6618=CARTESIAN_POINT('Ctrl Pts',(5.61502798587953,14.8687450885773,0.));
#6619=CARTESIAN_POINT('Ctrl Pts',(5.61502798587953,14.8687450885773,-3.));
#6620=CARTESIAN_POINT('Ctrl Pts',(5.7050339247893,14.8695390140588,-3.));
#6621=CARTESIAN_POINT('Ctrl Pts',(5.85076758510753,14.8708245033037,-3.));
#6622=CARTESIAN_POINT('Ctrl Pts',(5.99300293795867,14.9014907197026,-3.));
#6623=CARTESIAN_POINT('Ctrl Pts',(6.04739292652284,14.9132173061371,-3.));
#6624=CARTESIAN_POINT('Origin',(5.61502798587953,20.1312534809113,0.));
#6625=CARTESIAN_POINT('',(5.61502798587953,17.8928344249725,0.));
#6626=CARTESIAN_POINT('',(5.61502798587953,20.1312534809113,0.));
#6627=CARTESIAN_POINT('',(5.61502798587953,26.8156267404556,0.));
#6628=CARTESIAN_POINT('',(5.61502798587953,17.8928344249725,-3.));
#6629=CARTESIAN_POINT('',(5.61502798587953,17.8928344249725,0.));
#6630=CARTESIAN_POINT('',(5.61502798587953,20.1312534809113,-3.));
#6631=CARTESIAN_POINT('',(5.61502798587953,17.8928344249725,-3.));
#6632=CARTESIAN_POINT('',(5.61502798587953,20.1312534809113,0.));
#6633=CARTESIAN_POINT('Ctrl Pts',(6.17586716205751,19.9928961992264,0.));
#6634=CARTESIAN_POINT('Ctrl Pts',(6.17586716205751,19.9928961992264,-3.));
#6635=CARTESIAN_POINT('Ctrl Pts',(6.11024967680776,20.0294892758053,0.));
#6636=CARTESIAN_POINT('Ctrl Pts',(6.11024967680776,20.0294892758053,-3.));
#6637=CARTESIAN_POINT('Ctrl Pts',(5.93779517601417,20.1256624334614,0.));
#6638=CARTESIAN_POINT('Ctrl Pts',(5.93779517601417,20.1256624334614,-3.));
#6639=CARTESIAN_POINT('Ctrl Pts',(5.73849569360537,20.1291147449011,0.));
#6640=CARTESIAN_POINT('Ctrl Pts',(5.73849569360537,20.1291147449011,-3.));
#6641=CARTESIAN_POINT('Ctrl Pts',(5.61502798587953,20.1312534809113,0.));
#6642=CARTESIAN_POINT('Ctrl Pts',(5.61502798587953,20.1312534809113,-3.));
#6643=CARTESIAN_POINT('',(6.17586716205751,19.9928961992264,0.));
#6644=CARTESIAN_POINT('Ctrl Pts',(5.61502798587953,20.1312534809113,0.));
#6645=CARTESIAN_POINT('Ctrl Pts',(5.73849569360537,20.1291147449011,0.));
#6646=CARTESIAN_POINT('Ctrl Pts',(5.93779517601417,20.1256624334614,0.));
#6647=CARTESIAN_POINT('Ctrl Pts',(6.11024967680776,20.0294892758053,0.));
#6648=CARTESIAN_POINT('Ctrl Pts',(6.17586716205751,19.9928961992264,0.));
#6649=CARTESIAN_POINT('',(6.17586716205751,19.9928961992264,-3.));
#6650=CARTESIAN_POINT('Ctrl Pts',(6.17586716205751,19.9928961992264,-3.));
#6651=CARTESIAN_POINT('Ctrl Pts',(6.11024967680776,20.0294892758053,-3.));
#6652=CARTESIAN_POINT('Ctrl Pts',(5.93779517601417,20.1256624334614,-3.));
#6653=CARTESIAN_POINT('Ctrl Pts',(5.73849569360537,20.1291147449011,-3.));
#6654=CARTESIAN_POINT('Ctrl Pts',(5.61502798587953,20.1312534809113,-3.));
#6655=CARTESIAN_POINT('',(6.17586716205751,19.9928961992264,0.));
#6656=CARTESIAN_POINT('Ctrl Pts',(6.29692896396791,19.3851135969162,0.));
#6657=CARTESIAN_POINT('Ctrl Pts',(6.29692896396791,19.3851135969162,-3.));
#6658=CARTESIAN_POINT('Ctrl Pts',(6.29988854519115,19.5196522729223,0.));
#6659=CARTESIAN_POINT('Ctrl Pts',(6.29988854519115,19.5196522729223,-3.));
#6660=CARTESIAN_POINT('Ctrl Pts',(6.30458689960789,19.7332332950187,0.));
#6661=CARTESIAN_POINT('Ctrl Pts',(6.30458689960789,19.7332332950187,-3.));
#6662=CARTESIAN_POINT('Ctrl Pts',(6.2106364633172,19.9227570122285,0.));
#6663=CARTESIAN_POINT('Ctrl Pts',(6.2106364633172,19.9227570122285,-3.));
#6664=CARTESIAN_POINT('Ctrl Pts',(6.17586716205751,19.9928961992264,0.));
#6665=CARTESIAN_POINT('Ctrl Pts',(6.17586716205751,19.9928961992264,-3.));
#6666=CARTESIAN_POINT('',(6.29692896396791,19.3851135969162,0.));
#6667=CARTESIAN_POINT('Ctrl Pts',(6.17586716205751,19.9928961992264,0.));
#6668=CARTESIAN_POINT('Ctrl Pts',(6.2106364633172,19.9227570122285,0.));
#6669=CARTESIAN_POINT('Ctrl Pts',(6.30458689960789,19.7332332950187,0.));
#6670=CARTESIAN_POINT('Ctrl Pts',(6.29988854519115,19.5196522729223,0.));
#6671=CARTESIAN_POINT('Ctrl Pts',(6.29692896396791,19.3851135969162,0.));
#6672=CARTESIAN_POINT('',(6.29692896396791,19.3851135969162,-3.));
#6673=CARTESIAN_POINT('Ctrl Pts',(6.29692896396791,19.3851135969162,-3.));
#6674=CARTESIAN_POINT('Ctrl Pts',(6.29988854519115,19.5196522729223,-3.));
#6675=CARTESIAN_POINT('Ctrl Pts',(6.30458689960789,19.7332332950187,-3.));
#6676=CARTESIAN_POINT('Ctrl Pts',(6.2106364633172,19.9227570122285,-3.));
#6677=CARTESIAN_POINT('Ctrl Pts',(6.17586716205751,19.9928961992264,-3.));
#6678=CARTESIAN_POINT('',(6.29692896396791,19.3851135969162,0.));
#6679=CARTESIAN_POINT('Origin',(6.29692896396791,18.6389743089676,0.));
#6680=CARTESIAN_POINT('',(6.29692896396791,18.6389743089676,0.));
#6681=CARTESIAN_POINT('',(6.29692896396791,26.0694871544838,0.));
#6682=CARTESIAN_POINT('',(6.29692896396791,18.6389743089676,-3.));
#6683=CARTESIAN_POINT('',(6.29692896396791,19.3851135969162,-3.));
#6684=CARTESIAN_POINT('',(6.29692896396791,18.6389743089676,0.));
#6685=CARTESIAN_POINT('Ctrl Pts',(6.18821962864076,18.0163674354553,0.));
#6686=CARTESIAN_POINT('Ctrl Pts',(6.18821962864076,18.0163674354553,-3.));
#6687=CARTESIAN_POINT('Ctrl Pts',(6.2193190034457,18.0855005020287,0.));
#6688=CARTESIAN_POINT('Ctrl Pts',(6.2193190034457,18.0855005020287,-3.));
#6689=CARTESIAN_POINT('Ctrl Pts',(6.30750091218889,18.2815264930958,0.));
#6690=CARTESIAN_POINT('Ctrl Pts',(6.30750091218889,18.2815264930958,-3.));
#6691=CARTESIAN_POINT('Ctrl Pts',(6.30108327442391,18.4985130460184,0.));
#6692=CARTESIAN_POINT('Ctrl Pts',(6.30108327442391,18.4985130460184,-3.));
#6693=CARTESIAN_POINT('Ctrl Pts',(6.29692896396791,18.6389743089676,0.));
#6694=CARTESIAN_POINT('Ctrl Pts',(6.29692896396791,18.6389743089676,-3.));
#6695=CARTESIAN_POINT('',(6.18821962864076,18.0163674354553,0.));
#6696=CARTESIAN_POINT('Ctrl Pts',(6.29692896396791,18.6389743089676,0.));
#6697=CARTESIAN_POINT('Ctrl Pts',(6.30108327442391,18.4985130460184,0.));
#6698=CARTESIAN_POINT('Ctrl Pts',(6.30750091218889,18.2815264930958,0.));
#6699=CARTESIAN_POINT('Ctrl Pts',(6.2193190034457,18.0855005020287,0.));
#6700=CARTESIAN_POINT('Ctrl Pts',(6.18821962864076,18.0163674354553,0.));
#6701=CARTESIAN_POINT('',(6.18821962864076,18.0163674354553,-3.));
#6702=CARTESIAN_POINT('Ctrl Pts',(6.18821962864076,18.0163674354553,-3.));
#6703=CARTESIAN_POINT('Ctrl Pts',(6.2193190034457,18.0855005020287,-3.));
#6704=CARTESIAN_POINT('Ctrl Pts',(6.30750091218889,18.2815264930958,-3.));
#6705=CARTESIAN_POINT('Ctrl Pts',(6.30108327442391,18.4985130460184,-3.));
#6706=CARTESIAN_POINT('Ctrl Pts',(6.29692896396791,18.6389743089676,-3.));
#6707=CARTESIAN_POINT('',(6.18821962864076,18.0163674354553,0.));
#6708=CARTESIAN_POINT('Ctrl Pts',(5.61502798587953,17.8928344249725,0.));
#6709=CARTESIAN_POINT('Ctrl Pts',(5.61502798587953,17.8928344249725,-3.));
#6710=CARTESIAN_POINT('Ctrl Pts',(5.74327592634424,17.8937979635439,0.));
#6711=CARTESIAN_POINT('Ctrl Pts',(5.74327592634424,17.8937979635439,-3.));
#6712=CARTESIAN_POINT('Ctrl Pts',(5.94465342335833,17.8953109311992,0.));
#6713=CARTESIAN_POINT('Ctrl Pts',(5.94465342335833,17.8953109311992,-3.));
#6714=CARTESIAN_POINT('Ctrl Pts',(6.12333281297793,17.9841175957563,0.));
#6715=CARTESIAN_POINT('Ctrl Pts',(6.12333281297793,17.9841175957563,-3.));
#6716=CARTESIAN_POINT('Ctrl Pts',(6.18821962864076,18.0163674354553,0.));
#6717=CARTESIAN_POINT('Ctrl Pts',(6.18821962864076,18.0163674354553,-3.));
#6718=CARTESIAN_POINT('Ctrl Pts',(6.18821962864076,18.0163674354553,0.));
#6719=CARTESIAN_POINT('Ctrl Pts',(6.12333281297793,17.9841175957563,0.));
#6720=CARTESIAN_POINT('Ctrl Pts',(5.94465342335833,17.8953109311992,0.));
#6721=CARTESIAN_POINT('Ctrl Pts',(5.74327592634424,17.8937979635439,0.));
#6722=CARTESIAN_POINT('Ctrl Pts',(5.61502798587953,17.8928344249725,0.));
#6723=CARTESIAN_POINT('Ctrl Pts',(5.61502798587953,17.8928344249725,-3.));
#6724=CARTESIAN_POINT('Ctrl Pts',(5.74327592634424,17.8937979635439,-3.));
#6725=CARTESIAN_POINT('Ctrl Pts',(5.94465342335833,17.8953109311992,-3.));
#6726=CARTESIAN_POINT('Ctrl Pts',(6.12333281297793,17.9841175957563,-3.));
#6727=CARTESIAN_POINT('Ctrl Pts',(6.18821962864076,18.0163674354553,-3.));
#6728=CARTESIAN_POINT('Origin',(5.61008556873476,13.4999989271164,0.));
#6729=CARTESIAN_POINT('',(3.53473051578676,13.4999989271164,0.));
#6730=CARTESIAN_POINT('',(5.61008556873476,13.4999989271164,0.));
#6731=CARTESIAN_POINT('',(0.305042784367378,13.4999989271164,0.));
#6732=CARTESIAN_POINT('',(3.53473051578676,13.4999989271164,-3.));
#6733=CARTESIAN_POINT('',(3.53473051578676,13.4999989271164,0.));
#6734=CARTESIAN_POINT('',(5.61008556873476,13.4999989271164,-3.));
#6735=CARTESIAN_POINT('',(3.53473051578676,13.4999989271164,-3.));
#6736=CARTESIAN_POINT('',(5.61008556873476,13.4999989271164,0.));
#6737=CARTESIAN_POINT('Ctrl Pts',(7.09989412815248,13.653064250946,0.));
#6738=CARTESIAN_POINT('Ctrl Pts',(7.09989412815248,13.653064250946,-3.));
#6739=CARTESIAN_POINT('Ctrl Pts',(6.8920232153137,13.6086773242666,0.));
#6740=CARTESIAN_POINT('Ctrl Pts',(6.8920232153137,13.6086773242666,-3.));
#6741=CARTESIAN_POINT('Ctrl Pts',(6.40150866247506,13.5039371603125,0.));
#6742=CARTESIAN_POINT('Ctrl Pts',(6.40150866247506,13.5039371603125,-3.));
#6743=CARTESIAN_POINT('Ctrl Pts',(5.89940631326891,13.5014386280418,0.));
#6744=CARTESIAN_POINT('Ctrl Pts',(5.89940631326891,13.5014386280418,-3.));
#6745=CARTESIAN_POINT('Ctrl Pts',(5.61008556873476,13.4999989271164,0.));
#6746=CARTESIAN_POINT('Ctrl Pts',(5.61008556873476,13.4999989271164,-3.));
#6747=CARTESIAN_POINT('',(7.09989412815248,13.653064250946,0.));
#6748=CARTESIAN_POINT('Ctrl Pts',(5.61008556873476,13.4999989271164,0.));
#6749=CARTESIAN_POINT('Ctrl Pts',(5.89940631326891,13.5014386280418,0.));
#6750=CARTESIAN_POINT('Ctrl Pts',(6.40150866247506,13.5039371603125,0.));
#6751=CARTESIAN_POINT('Ctrl Pts',(6.8920232153137,13.6086773242666,0.));
#6752=CARTESIAN_POINT('Ctrl Pts',(7.09989412815248,13.653064250946,0.));
#6753=CARTESIAN_POINT('',(7.09989412815248,13.653064250946,-3.));
#6754=CARTESIAN_POINT('Ctrl Pts',(7.09989412815248,13.653064250946,-3.));
#6755=CARTESIAN_POINT('Ctrl Pts',(6.8920232153137,13.6086773242666,-3.));
#6756=CARTESIAN_POINT('Ctrl Pts',(6.40150866247506,13.5039371603125,-3.));
#6757=CARTESIAN_POINT('Ctrl Pts',(5.89940631326891,13.5014386280418,-3.));
#6758=CARTESIAN_POINT('Ctrl Pts',(5.61008556873476,13.4999989271164,-3.));
#6759=CARTESIAN_POINT('',(7.09989412815248,13.653064250946,0.));
#6760=CARTESIAN_POINT('Ctrl Pts',(7.91768415958559,14.2727755308151,0.));
#6761=CARTESIAN_POINT('Ctrl Pts',(7.91768415958559,14.2727755308151,-3.));
#6762=CARTESIAN_POINT('Ctrl Pts',(7.80717198766498,14.1307200543118,0.));
#6763=CARTESIAN_POINT('Ctrl Pts',(7.80717198766498,14.1307200543118,-3.));
#6764=CARTESIAN_POINT('Ctrl Pts',(7.5896218086974,13.8510748912539,0.));
#6765=CARTESIAN_POINT('Ctrl Pts',(7.5896218086974,13.8510748912539,-3.));
#6766=CARTESIAN_POINT('Ctrl Pts',(7.26138945416818,13.7183613419243,0.));
#6767=CARTESIAN_POINT('Ctrl Pts',(7.26138945416818,13.7183613419243,-3.));
#6768=CARTESIAN_POINT('Ctrl Pts',(7.09989412815248,13.653064250946,0.));
#6769=CARTESIAN_POINT('Ctrl Pts',(7.09989412815248,13.653064250946,-3.));
#6770=CARTESIAN_POINT('',(7.91768415958559,14.2727755308151,0.));
#6771=CARTESIAN_POINT('Ctrl Pts',(7.09989412815248,13.653064250946,0.));
#6772=CARTESIAN_POINT('Ctrl Pts',(7.26138945416818,13.7183613419243,0.));
#6773=CARTESIAN_POINT('Ctrl Pts',(7.5896218086974,13.8510748912539,0.));
#6774=CARTESIAN_POINT('Ctrl Pts',(7.80717198766498,14.1307200543118,0.));
#6775=CARTESIAN_POINT('Ctrl Pts',(7.91768415958559,14.2727755308151,0.));
#6776=CARTESIAN_POINT('',(7.91768415958559,14.2727755308151,-3.));
#6777=CARTESIAN_POINT('Ctrl Pts',(7.91768415958559,14.2727755308151,-3.));
#6778=CARTESIAN_POINT('Ctrl Pts',(7.80717198766498,14.1307200543118,-3.));
#6779=CARTESIAN_POINT('Ctrl Pts',(7.5896218086974,13.8510748912539,-3.));
#6780=CARTESIAN_POINT('Ctrl Pts',(7.26138945416818,13.7183613419243,-3.));
#6781=CARTESIAN_POINT('Ctrl Pts',(7.09989412815248,13.653064250946,-3.));
#6782=CARTESIAN_POINT('',(7.91768415958559,14.2727755308151,0.));
#6783=CARTESIAN_POINT('Ctrl Pts',(8.2289872983185,15.7764040231705,0.));
#6784=CARTESIAN_POINT('Ctrl Pts',(8.2289872983185,15.7764040231705,-3.));
#6785=CARTESIAN_POINT('Ctrl Pts',(8.22654410770964,15.472858824993,0.));
#6786=CARTESIAN_POINT('Ctrl Pts',(8.22654410770964,15.472858824993,-3.));
#6787=CARTESIAN_POINT('Ctrl Pts',(8.22232539217485,14.9487200867271,0.));
#6788=CARTESIAN_POINT('Ctrl Pts',(8.22232539217485,14.9487200867271,-3.));
#6789=CARTESIAN_POINT('Ctrl Pts',(8.00792046316336,14.472993792902,0.));
#6790=CARTESIAN_POINT('Ctrl Pts',(8.00792046316336,14.472993792902,-3.));
#6791=CARTESIAN_POINT('Ctrl Pts',(7.91768415958559,14.2727755308151,0.));
#6792=CARTESIAN_POINT('Ctrl Pts',(7.91768415958559,14.2727755308151,-3.));
#6793=CARTESIAN_POINT('',(8.2289872983185,15.7764040231705,0.));
#6794=CARTESIAN_POINT('Ctrl Pts',(7.91768415958559,14.2727755308151,0.));
#6795=CARTESIAN_POINT('Ctrl Pts',(8.00792046316336,14.472993792902,0.));
#6796=CARTESIAN_POINT('Ctrl Pts',(8.22232539217485,14.9487200867271,0.));
#6797=CARTESIAN_POINT('Ctrl Pts',(8.22654410770964,15.472858824993,0.));
#6798=CARTESIAN_POINT('Ctrl Pts',(8.2289872983185,15.7764040231705,0.));
#6799=CARTESIAN_POINT('',(8.2289872983185,15.7764040231705,-3.));
#6800=CARTESIAN_POINT('Ctrl Pts',(8.2289872983185,15.7764040231705,-3.));
#6801=CARTESIAN_POINT('Ctrl Pts',(8.22654410770964,15.472858824993,-3.));
#6802=CARTESIAN_POINT('Ctrl Pts',(8.22232539217485,14.9487200867271,-3.));
#6803=CARTESIAN_POINT('Ctrl Pts',(8.00792046316336,14.472993792902,-3.));
#6804=CARTESIAN_POINT('Ctrl Pts',(7.91768415958559,14.2727755308151,-3.));
#6805=CARTESIAN_POINT('',(8.2289872983185,15.7764040231705,0.));
#6806=CARTESIAN_POINT('Ctrl Pts',(8.00909861118471,16.7541300058365,0.));
#6807=CARTESIAN_POINT('Ctrl Pts',(8.00909861118471,16.7541300058365,-3.));
#6808=CARTESIAN_POINT('Ctrl Pts',(8.07273838802669,16.6287745787792,0.));
#6809=CARTESIAN_POINT('Ctrl Pts',(8.07273838802669,16.6287745787792,-3.));
#6810=CARTESIAN_POINT('Ctrl Pts',(8.2276375123161,16.3236596516119,0.));
#6811=CARTESIAN_POINT('Ctrl Pts',(8.2276375123161,16.3236596516119,-3.));
#6812=CARTESIAN_POINT('Ctrl Pts',(8.228486886576,15.9792903637709,0.));
#6813=CARTESIAN_POINT('Ctrl Pts',(8.228486886576,15.9792903637709,-3.));
#6814=CARTESIAN_POINT('Ctrl Pts',(8.2289872983185,15.7764040231705,0.));
#6815=CARTESIAN_POINT('Ctrl Pts',(8.2289872983185,15.7764040231705,-3.));
#6816=CARTESIAN_POINT('',(8.00909861118471,16.7541300058365,0.));
#6817=CARTESIAN_POINT('Ctrl Pts',(8.2289872983185,15.7764040231705,0.));
#6818=CARTESIAN_POINT('Ctrl Pts',(8.228486886576,15.9792903637709,0.));
#6819=CARTESIAN_POINT('Ctrl Pts',(8.2276375123161,16.3236596516119,0.));
#6820=CARTESIAN_POINT('Ctrl Pts',(8.07273838802669,16.6287745787792,0.));
#6821=CARTESIAN_POINT('Ctrl Pts',(8.00909861118471,16.7541300058365,0.));
#6822=CARTESIAN_POINT('',(8.00909861118471,16.7541300058365,-3.));
#6823=CARTESIAN_POINT('Ctrl Pts',(8.00909861118471,16.7541300058365,-3.));
#6824=CARTESIAN_POINT('Ctrl Pts',(8.07273838802669,16.6287745787792,-3.));
#6825=CARTESIAN_POINT('Ctrl Pts',(8.2276375123161,16.3236596516119,-3.));
#6826=CARTESIAN_POINT('Ctrl Pts',(8.228486886576,15.9792903637709,-3.));
#6827=CARTESIAN_POINT('Ctrl Pts',(8.2289872983185,15.7764040231705,-3.));
#6828=CARTESIAN_POINT('',(8.00909861118471,16.7541300058365,0.));
#6829=CARTESIAN_POINT('Ctrl Pts',(7.1418963292328,17.1788130998611,0.));
#6830=CARTESIAN_POINT('Ctrl Pts',(7.1418963292328,17.1788130998611,-3.));
#6831=CARTESIAN_POINT('Ctrl Pts',(7.3302310494471,17.1343662740476,0.));
#6832=CARTESIAN_POINT('Ctrl Pts',(7.3302310494471,17.1343662740476,-3.));
#6833=CARTESIAN_POINT('Ctrl Pts',(7.65345773653715,17.0580850644915,0.));
#6834=CARTESIAN_POINT('Ctrl Pts',(7.65345773653715,17.0580850644915,-3.));
#6835=CARTESIAN_POINT('Ctrl Pts',(7.90438098690258,16.8436288624075,0.));
#6836=CARTESIAN_POINT('Ctrl Pts',(7.90438098690258,16.8436288624075,-3.));
#6837=CARTESIAN_POINT('Ctrl Pts',(8.00909861118471,16.7541300058365,0.));
#6838=CARTESIAN_POINT('Ctrl Pts',(8.00909861118471,16.7541300058365,-3.));
#6839=CARTESIAN_POINT('',(7.1418963292328,17.1788130998611,0.));
#6840=CARTESIAN_POINT('Ctrl Pts',(8.00909861118471,16.7541300058365,0.));
#6841=CARTESIAN_POINT('Ctrl Pts',(7.90438098690258,16.8436288624075,0.));
#6842=CARTESIAN_POINT('Ctrl Pts',(7.65345773653715,17.0580850644915,0.));
#6843=CARTESIAN_POINT('Ctrl Pts',(7.3302310494471,17.1343662740476,0.));
#6844=CARTESIAN_POINT('Ctrl Pts',(7.1418963292328,17.1788130998611,0.));
#6845=CARTESIAN_POINT('',(7.1418963292328,17.1788130998611,-3.));
#6846=CARTESIAN_POINT('Ctrl Pts',(7.1418963292328,17.1788130998611,-3.));
#6847=CARTESIAN_POINT('Ctrl Pts',(7.3302310494471,17.1343662740476,-3.));
#6848=CARTESIAN_POINT('Ctrl Pts',(7.65345773653715,17.0580850644915,-3.));
#6849=CARTESIAN_POINT('Ctrl Pts',(7.90438098690258,16.8436288624075,-3.));
#6850=CARTESIAN_POINT('Ctrl Pts',(8.00909861118471,16.7541300058365,-3.));
#6851=CARTESIAN_POINT('',(7.1418963292328,17.1788130998611,0.));
#6852=CARTESIAN_POINT('Ctrl Pts',(8.12027796299135,17.7201973199844,0.));
#6853=CARTESIAN_POINT('Ctrl Pts',(8.12027796299135,17.7201973199844,-3.));
#6854=CARTESIAN_POINT('Ctrl Pts',(8.00261365504962,17.6006184623495,0.));
#6855=CARTESIAN_POINT('Ctrl Pts',(8.00261365504962,17.6006184623495,-3.));
#6856=CARTESIAN_POINT('Ctrl Pts',(7.73192716298283,17.3255275527544,0.));
#6857=CARTESIAN_POINT('Ctrl Pts',(7.73192716298283,17.3255275527544,-3.));
#6858=CARTESIAN_POINT('Ctrl Pts',(7.35498568037151,17.2317989537885,0.));
#6859=CARTESIAN_POINT('Ctrl Pts',(7.35498568037151,17.2317989537885,-3.));
#6860=CARTESIAN_POINT('Ctrl Pts',(7.1418963292328,17.1788130998611,0.));
#6861=CARTESIAN_POINT('Ctrl Pts',(7.1418963292328,17.1788130998611,-3.));
#6862=CARTESIAN_POINT('',(8.12027796299135,17.7201973199844,0.));
#6863=CARTESIAN_POINT('Ctrl Pts',(7.1418963292328,17.1788130998611,0.));
#6864=CARTESIAN_POINT('Ctrl Pts',(7.35498568037151,17.2317989537885,0.));
#6865=CARTESIAN_POINT('Ctrl Pts',(7.73192716298283,17.3255275527544,0.));
#6866=CARTESIAN_POINT('Ctrl Pts',(8.00261365504962,17.6006184623495,0.));
#6867=CARTESIAN_POINT('Ctrl Pts',(8.12027796299135,17.7201973199844,0.));
#6868=CARTESIAN_POINT('',(8.12027796299135,17.7201973199844,-3.));
#6869=CARTESIAN_POINT('Ctrl Pts',(8.12027796299135,17.7201973199844,-3.));
#6870=CARTESIAN_POINT('Ctrl Pts',(8.00261365504962,17.6006184623495,-3.));
#6871=CARTESIAN_POINT('Ctrl Pts',(7.73192716298283,17.3255275527544,-3.));
#6872=CARTESIAN_POINT('Ctrl Pts',(7.35498568037151,17.2317989537885,-3.));
#6873=CARTESIAN_POINT('Ctrl Pts',(7.1418963292328,17.1788130998611,-3.));
#6874=CARTESIAN_POINT('',(8.12027796299135,17.7201973199844,0.));
#6875=CARTESIAN_POINT('Ctrl Pts',(8.37722643406068,18.8796316385269,0.));
#6876=CARTESIAN_POINT('Ctrl Pts',(8.37722643406068,18.8796316385269,-3.));
#6877=CARTESIAN_POINT('Ctrl Pts',(8.37393708052243,18.6484107296343,0.));
#6878=CARTESIAN_POINT('Ctrl Pts',(8.37393708052243,18.6484107296343,-3.));
#6879=CARTESIAN_POINT('Ctrl Pts',(8.36816298127152,18.2425277920587,0.));
#6880=CARTESIAN_POINT('Ctrl Pts',(8.36816298127152,18.2425277920587,-3.));
#6881=CARTESIAN_POINT('Ctrl Pts',(8.1948563379482,17.8773450091349,0.));
#6882=CARTESIAN_POINT('Ctrl Pts',(8.1948563379482,17.8773450091349,-3.));
#6883=CARTESIAN_POINT('Ctrl Pts',(8.12027796299135,17.7201973199844,0.));
#6884=CARTESIAN_POINT('Ctrl Pts',(8.12027796299135,17.7201973199844,-3.));
#6885=CARTESIAN_POINT('',(8.37722643406068,18.8796316385269,0.));
#6886=CARTESIAN_POINT('Ctrl Pts',(8.12027796299135,17.7201973199844,0.));
#6887=CARTESIAN_POINT('Ctrl Pts',(8.1948563379482,17.8773450091349,0.));
#6888=CARTESIAN_POINT('Ctrl Pts',(8.36816298127152,18.2425277920587,0.));
#6889=CARTESIAN_POINT('Ctrl Pts',(8.37393708052243,18.6484107296343,0.));
#6890=CARTESIAN_POINT('Ctrl Pts',(8.37722643406068,18.8796316385269,0.));
#6891=CARTESIAN_POINT('',(8.37722643406068,18.8796316385269,-3.));
#6892=CARTESIAN_POINT('Ctrl Pts',(8.37722643406068,18.8796316385269,-3.));
#6893=CARTESIAN_POINT('Ctrl Pts',(8.37393708052243,18.6484107296343,-3.));
#6894=CARTESIAN_POINT('Ctrl Pts',(8.36816298127152,18.2425277920587,-3.));
#6895=CARTESIAN_POINT('Ctrl Pts',(8.1948563379482,17.8773450091349,-3.));
#6896=CARTESIAN_POINT('Ctrl Pts',(8.12027796299135,17.7201973199844,-3.));
#6897=CARTESIAN_POINT('',(8.37722643406068,18.8796316385269,0.));
#6898=CARTESIAN_POINT('Origin',(8.37722643406068,19.6212159395218,0.));
#6899=CARTESIAN_POINT('',(8.37722643406068,19.6212159395218,0.));
#6900=CARTESIAN_POINT('',(8.37722643406068,26.5606079697609,0.));
#6901=CARTESIAN_POINT('',(8.37722643406068,19.6212159395218,-3.));
#6902=CARTESIAN_POINT('',(8.37722643406068,18.8796316385269,-3.));
#6903=CARTESIAN_POINT('',(8.37722643406068,19.6212159395218,0.));
#6904=CARTESIAN_POINT('Ctrl Pts',(8.19192751438295,20.8226524591446,0.));
#6905=CARTESIAN_POINT('Ctrl Pts',(8.19192751438295,20.8226524591446,-3.));
#6906=CARTESIAN_POINT('Ctrl Pts',(8.24564194545663,20.6586976851548,0.));
#6907=CARTESIAN_POINT('Ctrl Pts',(8.24564194545663,20.6586976851548,-3.));
#6908=CARTESIAN_POINT('Ctrl Pts',(8.37316015044725,20.269468607216,0.));
#6909=CARTESIAN_POINT('Ctrl Pts',(8.37316015044725,20.269468607216,-3.));
#6910=CARTESIAN_POINT('Ctrl Pts',(8.37573575192991,19.8588625868832,0.));
#6911=CARTESIAN_POINT('Ctrl Pts',(8.37573575192991,19.8588625868832,-3.));
#6912=CARTESIAN_POINT('Ctrl Pts',(8.37722643406068,19.6212159395218,0.));
#6913=CARTESIAN_POINT('Ctrl Pts',(8.37722643406068,19.6212159395218,-3.));
#6914=CARTESIAN_POINT('',(8.19192751438295,20.8226524591446,0.));
#6915=CARTESIAN_POINT('Ctrl Pts',(8.37722643406068,19.6212159395218,0.));
#6916=CARTESIAN_POINT('Ctrl Pts',(8.37573575192991,19.8588625868832,0.));
#6917=CARTESIAN_POINT('Ctrl Pts',(8.37316015044725,20.269468607216,0.));
#6918=CARTESIAN_POINT('Ctrl Pts',(8.24564194545663,20.6586976851548,0.));
#6919=CARTESIAN_POINT('Ctrl Pts',(8.19192751438295,20.8226524591446,0.));
#6920=CARTESIAN_POINT('',(8.19192751438295,20.8226524591446,-3.));
#6921=CARTESIAN_POINT('Ctrl Pts',(8.19192751438295,20.8226524591446,-3.));
#6922=CARTESIAN_POINT('Ctrl Pts',(8.24564194545663,20.6586976851548,-3.));
#6923=CARTESIAN_POINT('Ctrl Pts',(8.37316015044725,20.269468607216,-3.));
#6924=CARTESIAN_POINT('Ctrl Pts',(8.37573575192991,19.8588625868832,-3.));
#6925=CARTESIAN_POINT('Ctrl Pts',(8.37722643406068,19.6212159395218,-3.));
#6926=CARTESIAN_POINT('',(8.19192751438295,20.8226524591446,0.));
#6927=CARTESIAN_POINT('Ctrl Pts',(7.6014386037079,21.3566242456436,0.));
#6928=CARTESIAN_POINT('Ctrl Pts',(7.6014386037079,21.3566242456436,-3.));
#6929=CARTESIAN_POINT('Ctrl Pts',(7.72739043874821,21.2984253111977,0.));
#6930=CARTESIAN_POINT('Ctrl Pts',(7.72739043874821,21.2984253111977,-3.));
#6931=CARTESIAN_POINT('Ctrl Pts',(7.97970709790858,21.1818366112285,0.));
#6932=CARTESIAN_POINT('Ctrl Pts',(7.97970709790858,21.1818366112285,-3.));
#6933=CARTESIAN_POINT('Ctrl Pts',(8.12111022653945,20.9425110849523,0.));
#6934=CARTESIAN_POINT('Ctrl Pts',(8.12111022653945,20.9425110849523,-3.));
#6935=CARTESIAN_POINT('Ctrl Pts',(8.19192751438295,20.8226524591446,0.));
#6936=CARTESIAN_POINT('Ctrl Pts',(8.19192751438295,20.8226524591446,-3.));
#6937=CARTESIAN_POINT('',(7.6014386037079,21.3566242456436,0.));
#6938=CARTESIAN_POINT('Ctrl Pts',(8.19192751438295,20.8226524591446,0.));
#6939=CARTESIAN_POINT('Ctrl Pts',(8.12111022653945,20.9425110849523,0.));
#6940=CARTESIAN_POINT('Ctrl Pts',(7.97970709790858,21.1818366112285,0.));
#6941=CARTESIAN_POINT('Ctrl Pts',(7.72739043874821,21.2984253111977,0.));
#6942=CARTESIAN_POINT('Ctrl Pts',(7.6014386037079,21.3566242456436,0.));
#6943=CARTESIAN_POINT('',(7.6014386037079,21.3566242456436,-3.));
#6944=CARTESIAN_POINT('Ctrl Pts',(7.6014386037079,21.3566242456436,-3.));
#6945=CARTESIAN_POINT('Ctrl Pts',(7.72739043874821,21.2984253111977,-3.));
#6946=CARTESIAN_POINT('Ctrl Pts',(7.97970709790858,21.1818366112285,-3.));
#6947=CARTESIAN_POINT('Ctrl Pts',(8.12111022653945,20.9425110849523,-3.));
#6948=CARTESIAN_POINT('Ctrl Pts',(8.19192751438295,20.8226524591446,-3.));
#6949=CARTESIAN_POINT('',(7.6014386037079,21.3566242456436,0.));
#6950=CARTESIAN_POINT('Ctrl Pts',(5.94115360767518,21.4999996423721,0.));
#6951=CARTESIAN_POINT('Ctrl Pts',(5.94115360767518,21.4999996423721,-3.));
#6952=CARTESIAN_POINT('Ctrl Pts',(6.29023839156672,21.5029473171586,0.));
#6953=CARTESIAN_POINT('Ctrl Pts',(6.29023839156672,21.5029473171586,-3.));
#6954=CARTESIAN_POINT('Ctrl Pts',(6.84911395545192,21.5076664670169,0.));
#6955=CARTESIAN_POINT('Ctrl Pts',(6.84911395545192,21.5076664670169,-3.));
#6956=CARTESIAN_POINT('Ctrl Pts',(7.39610793452622,21.3978479387144,0.));
#6957=CARTESIAN_POINT('Ctrl Pts',(7.39610793452622,21.3978479387144,-3.));
#6958=CARTESIAN_POINT('Ctrl Pts',(7.6014386037079,21.3566242456436,0.));
#6959=CARTESIAN_POINT('Ctrl Pts',(7.6014386037079,21.3566242456436,-3.));
#6960=CARTESIAN_POINT('',(5.94115360767518,21.4999996423721,0.));
#6961=CARTESIAN_POINT('Ctrl Pts',(7.6014386037079,21.3566242456436,0.));
#6962=CARTESIAN_POINT('Ctrl Pts',(7.39610793452622,21.3978479387144,0.));
#6963=CARTESIAN_POINT('Ctrl Pts',(6.84911395545192,21.5076664670169,0.));
#6964=CARTESIAN_POINT('Ctrl Pts',(6.29023839156672,21.5029473171586,0.));
#6965=CARTESIAN_POINT('Ctrl Pts',(5.94115360767518,21.4999996423721,0.));
#6966=CARTESIAN_POINT('',(5.94115360767518,21.4999996423721,-3.));
#6967=CARTESIAN_POINT('Ctrl Pts',(5.94115360767518,21.4999996423721,-3.));
#6968=CARTESIAN_POINT('Ctrl Pts',(6.29023839156672,21.5029473171586,-3.));
#6969=CARTESIAN_POINT('Ctrl Pts',(6.84911395545192,21.5076664670169,-3.));
#6970=CARTESIAN_POINT('Ctrl Pts',(7.39610793452622,21.3978479387144,-3.));
#6971=CARTESIAN_POINT('Ctrl Pts',(7.6014386037079,21.3566242456436,-3.));
#6972=CARTESIAN_POINT('',(5.94115360767518,21.4999996423721,0.));
#6973=CARTESIAN_POINT('Origin',(3.53473051578676,21.4999996423721,0.));
#6974=CARTESIAN_POINT('',(3.53473051578676,21.4999996423721,0.));
#6975=CARTESIAN_POINT('',(-0.732634742106621,21.4999996423721,0.));
#6976=CARTESIAN_POINT('',(3.53473051578676,21.4999996423721,-3.));
#6977=CARTESIAN_POINT('',(5.94115360767518,21.4999996423721,-3.));
#6978=CARTESIAN_POINT('',(3.53473051578676,21.4999996423721,0.));
#6979=CARTESIAN_POINT('Origin',(3.53473051578676,13.4999989271164,0.));
#6980=CARTESIAN_POINT('',(3.53473051578676,23.4999994635582,0.));
#6981=CARTESIAN_POINT('',(3.53473051578676,21.4999996423721,-3.));
#6982=CARTESIAN_POINT('Origin',(3.3420197585312,17.4999995827675,-3.));
#6983=CARTESIAN_POINT('Origin',(-5.,33.5,0.));
#6984=CARTESIAN_POINT('Origin',(-5.,33.5,0.));
#6985=CARTESIAN_POINT('Origin',(0.777472100564589,15.9212468862534,0.));
#6986=CARTESIAN_POINT('',(2.70953043491517,15.9212468862534,0.));
#6987=CARTESIAN_POINT('',(0.777472100564589,15.9212468862534,0.));
#6988=CARTESIAN_POINT('',(-2.11126394971771,15.9212468862534,0.));
#6989=CARTESIAN_POINT('',(2.70953043491517,15.9212468862534,-3.));
#6990=CARTESIAN_POINT('',(2.70953043491517,15.9212468862534,0.));
#6991=CARTESIAN_POINT('',(0.777472100564589,15.9212468862534,-3.));
#6992=CARTESIAN_POINT('',(2.70953043491517,15.9212468862534,-3.));
#6993=CARTESIAN_POINT('',(0.777472100564589,15.9212468862534,0.));
#6994=CARTESIAN_POINT('Origin',(0.777472100564589,15.3282885551453,0.));
#6995=CARTESIAN_POINT('',(0.777472100564589,15.3282885551453,0.));
#6996=CARTESIAN_POINT('',(0.777472100564589,24.4141442775726,0.));
#6997=CARTESIAN_POINT('',(0.777472100564589,15.3282885551453,-3.));
#6998=CARTESIAN_POINT('',(0.777472100564589,15.9212468862534,-3.));
#6999=CARTESIAN_POINT('',(0.777472100564589,15.3282885551453,0.));
#7000=CARTESIAN_POINT('Ctrl Pts',(0.703352532693495,14.7995667457581,0.));
#7001=CARTESIAN_POINT('Ctrl Pts',(0.703352532693495,14.7995667457581,-3.));
#7002=CARTESIAN_POINT('Ctrl Pts',(0.724624206834035,14.8620972467698,0.));
#7003=CARTESIAN_POINT('Ctrl Pts',(0.724624206834035,14.8620972467698,-3.));
#7004=CARTESIAN_POINT('Ctrl Pts',(0.782630212272251,15.0326124849113,0.));
#7005=CARTESIAN_POINT('Ctrl Pts',(0.782630212272251,15.0326124849113,-3.));
#7006=CARTESIAN_POINT('Ctrl Pts',(0.779472091179652,15.2136440109629,0.));
#7007=CARTESIAN_POINT('Ctrl Pts',(0.779472091179652,15.2136440109629,-3.));
#7008=CARTESIAN_POINT('Ctrl Pts',(0.777472100564589,15.3282885551453,0.));
#7009=CARTESIAN_POINT('Ctrl Pts',(0.777472100564589,15.3282885551453,-3.));
#7010=CARTESIAN_POINT('',(0.703352532693495,14.7995667457581,0.));
#7011=CARTESIAN_POINT('Ctrl Pts',(0.777472100564589,15.3282885551453,0.));
#7012=CARTESIAN_POINT('Ctrl Pts',(0.779472091179652,15.2136440109629,0.));
#7013=CARTESIAN_POINT('Ctrl Pts',(0.782630212272251,15.0326124849113,0.));
#7014=CARTESIAN_POINT('Ctrl Pts',(0.724624206834035,14.8620972467698,0.));
#7015=CARTESIAN_POINT('Ctrl Pts',(0.703352532693495,14.7995667457581,0.));
#7016=CARTESIAN_POINT('',(0.703352532693495,14.7995667457581,-3.));
#7017=CARTESIAN_POINT('Ctrl Pts',(0.703352532693495,14.7995667457581,-3.));
#7018=CARTESIAN_POINT('Ctrl Pts',(0.724624206834035,14.8620972467698,-3.));
#7019=CARTESIAN_POINT('Ctrl Pts',(0.782630212272251,15.0326124849113,-3.));
#7020=CARTESIAN_POINT('Ctrl Pts',(0.779472091179652,15.2136440109629,-3.));
#7021=CARTESIAN_POINT('Ctrl Pts',(0.777472100564589,15.3282885551453,-3.));
#7022=CARTESIAN_POINT('',(0.703352532693495,14.7995667457581,0.));
#7023=CARTESIAN_POINT('Ctrl Pts',(0.456286511727919,14.6859167814255,0.));
#7024=CARTESIAN_POINT('Ctrl Pts',(0.456286511727919,14.6859167814255,-3.));
#7025=CARTESIAN_POINT('Ctrl Pts',(0.508733331076416,14.6891158592717,0.));
#7026=CARTESIAN_POINT('Ctrl Pts',(0.508733331076416,14.6891158592717,-3.));
#7027=CARTESIAN_POINT('Ctrl Pts',(0.606528020028696,14.6950810031411,0.));
#7028=CARTESIAN_POINT('Ctrl Pts',(0.606528020028696,14.6950810031411,-3.));
#7029=CARTESIAN_POINT('Ctrl Pts',(0.672678319384299,14.766465438366,0.));
#7030=CARTESIAN_POINT('Ctrl Pts',(0.672678319384299,14.766465438366,-3.));
#7031=CARTESIAN_POINT('Ctrl Pts',(0.703352532693495,14.7995667457581,0.));
#7032=CARTESIAN_POINT('Ctrl Pts',(0.703352532693495,14.7995667457581,-3.));
#7033=CARTESIAN_POINT('',(0.456286511727919,14.6859167814255,0.));
#7034=CARTESIAN_POINT('Ctrl Pts',(0.703352532693495,14.7995667457581,0.));
#7035=CARTESIAN_POINT('Ctrl Pts',(0.672678319384299,14.766465438366,0.));
#7036=CARTESIAN_POINT('Ctrl Pts',(0.606528020028696,14.6950810031411,0.));
#7037=CARTESIAN_POINT('Ctrl Pts',(0.508733331076416,14.6891158592717,0.));
#7038=CARTESIAN_POINT('Ctrl Pts',(0.456286511727919,14.6859167814255,0.));
#7039=CARTESIAN_POINT('',(0.456286511727919,14.6859167814255,-3.));
#7040=CARTESIAN_POINT('Ctrl Pts',(0.456286511727919,14.6859167814255,-3.));
#7041=CARTESIAN_POINT('Ctrl Pts',(0.508733331076416,14.6891158592717,-3.));
#7042=CARTESIAN_POINT('Ctrl Pts',(0.606528020028696,14.6950810031411,-3.));
#7043=CARTESIAN_POINT('Ctrl Pts',(0.672678319384299,14.766465438366,-3.));
#7044=CARTESIAN_POINT('Ctrl Pts',(0.703352532693495,14.7995667457581,-3.));
#7045=CARTESIAN_POINT('',(0.456286511727919,14.6859167814255,0.));
#7046=CARTESIAN_POINT('Ctrl Pts',(0.172160706826796,14.8392133712769,0.));
#7047=CARTESIAN_POINT('Ctrl Pts',(0.172160706826796,14.8392133712769,-3.));
#7048=CARTESIAN_POINT('Ctrl Pts',(0.208426585873038,14.7945033274694,0.));
#7049=CARTESIAN_POINT('Ctrl Pts',(0.208426585873038,14.7945033274694,-3.));
#7050=CARTESIAN_POINT('Ctrl Pts',(0.281766837663966,14.7040864960935,0.));
#7051=CARTESIAN_POINT('Ctrl Pts',(0.281766837663966,14.7040864960935,-3.));
#7052=CARTESIAN_POINT('Ctrl Pts',(0.397687322764138,14.6920177012728,0.));
#7053=CARTESIAN_POINT('Ctrl Pts',(0.397687322764138,14.6920177012728,-3.));
#7054=CARTESIAN_POINT('Ctrl Pts',(0.456286511727919,14.6859167814255,0.));
#7055=CARTESIAN_POINT('Ctrl Pts',(0.456286511727919,14.6859167814255,-3.));
#7056=CARTESIAN_POINT('',(0.172160706826796,14.8392133712769,0.));
#7057=CARTESIAN_POINT('Ctrl Pts',(0.456286511727919,14.6859167814255,0.));
#7058=CARTESIAN_POINT('Ctrl Pts',(0.397687322764138,14.6920177012728,0.));
#7059=CARTESIAN_POINT('Ctrl Pts',(0.281766837663966,14.7040864960935,0.));
#7060=CARTESIAN_POINT('Ctrl Pts',(0.208426585873038,14.7945033274694,0.));
#7061=CARTESIAN_POINT('Ctrl Pts',(0.172160706826796,14.8392133712769,0.));
#7062=CARTESIAN_POINT('',(0.172160706826796,14.8392133712769,-3.));
#7063=CARTESIAN_POINT('Ctrl Pts',(0.172160706826796,14.8392133712769,-3.));
#7064=CARTESIAN_POINT('Ctrl Pts',(0.208426585873038,14.7945033274694,-3.));
#7065=CARTESIAN_POINT('Ctrl Pts',(0.281766837663966,14.7040864960935,-3.));
#7066=CARTESIAN_POINT('Ctrl Pts',(0.397687322764138,14.6920177012728,-3.));
#7067=CARTESIAN_POINT('Ctrl Pts',(0.456286511727919,14.6859167814255,-3.));
#7068=CARTESIAN_POINT('',(0.172160706826796,14.8392133712769,0.));
#7069=CARTESIAN_POINT('Ctrl Pts',(0.0758062222686906,15.3040449619293,0.));
#7070=CARTESIAN_POINT('Ctrl Pts',(0.0758062222686906,15.3040449619293,-3.));
#7071=CARTESIAN_POINT('Ctrl Pts',(0.0770215468260282,15.211838237059,0.));
#7072=CARTESIAN_POINT('Ctrl Pts',(0.0770215468260282,15.211838237059,-3.));
#7073=CARTESIAN_POINT('Ctrl Pts',(0.0791535795673193,15.0500808240257,0.));
#7074=CARTESIAN_POINT('Ctrl Pts',(0.0791535795673193,15.0500808240257,-3.));
#7075=CARTESIAN_POINT('Ctrl Pts',(0.144194934458652,14.9026178796966,0.));
#7076=CARTESIAN_POINT('Ctrl Pts',(0.144194934458652,14.9026178796966,-3.));
#7077=CARTESIAN_POINT('Ctrl Pts',(0.172160706826796,14.8392133712769,0.));
#7078=CARTESIAN_POINT('Ctrl Pts',(0.172160706826796,14.8392133712769,-3.));
#7079=CARTESIAN_POINT('',(0.0758062222686906,15.3040449619293,0.));
#7080=CARTESIAN_POINT('Ctrl Pts',(0.172160706826796,14.8392133712769,0.));
#7081=CARTESIAN_POINT('Ctrl Pts',(0.144194934458652,14.9026178796966,0.));
#7082=CARTESIAN_POINT('Ctrl Pts',(0.0791535795673193,15.0500808240257,0.));
#7083=CARTESIAN_POINT('Ctrl Pts',(0.0770215468260282,15.211838237059,0.));
#7084=CARTESIAN_POINT('Ctrl Pts',(0.0758062222686906,15.3040449619293,0.));
#7085=CARTESIAN_POINT('',(0.0758062222686906,15.3040449619293,-3.));
#7086=CARTESIAN_POINT('Ctrl Pts',(0.0758062222686906,15.3040449619293,-3.));
#7087=CARTESIAN_POINT('Ctrl Pts',(0.0770215468260282,15.211838237059,-3.));
#7088=CARTESIAN_POINT('Ctrl Pts',(0.0791535795673193,15.0500808240257,-3.));
#7089=CARTESIAN_POINT('Ctrl Pts',(0.144194934458652,14.9026178796966,-3.));
#7090=CARTESIAN_POINT('Ctrl Pts',(0.172160706826796,14.8392133712769,-3.));
#7091=CARTESIAN_POINT('',(0.0758062222686906,15.3040449619293,0.));
#7092=CARTESIAN_POINT('Ctrl Pts',(0.184129319497695,15.9072725772858,0.));
#7093=CARTESIAN_POINT('Ctrl Pts',(0.184129319497695,15.9072725772858,-3.));
#7094=CARTESIAN_POINT('Ctrl Pts',(0.152692305742308,15.8240694162378,0.));
#7095=CARTESIAN_POINT('Ctrl Pts',(0.152692305742308,15.8240694162378,-3.));
#7096=CARTESIAN_POINT('Ctrl Pts',(0.0794782090330592,15.6302964221843,0.));
#7097=CARTESIAN_POINT('Ctrl Pts',(0.0794782090330592,15.6302964221843,-3.));
#7098=CARTESIAN_POINT('Ctrl Pts',(0.0771402802034871,15.4225743513905,0.));
#7099=CARTESIAN_POINT('Ctrl Pts',(0.0771402802034871,15.4225743513905,-3.));
#7100=CARTESIAN_POINT('Ctrl Pts',(0.0758062222686906,15.3040449619293,0.));
#7101=CARTESIAN_POINT('Ctrl Pts',(0.0758062222686906,15.3040449619293,-3.));
#7102=CARTESIAN_POINT('',(0.184129319497695,15.9072725772858,0.));
#7103=CARTESIAN_POINT('Ctrl Pts',(0.0758062222686906,15.3040449619293,0.));
#7104=CARTESIAN_POINT('Ctrl Pts',(0.0771402802034871,15.4225743513905,0.));
#7105=CARTESIAN_POINT('Ctrl Pts',(0.0794782090330592,15.6302964221843,0.));
#7106=CARTESIAN_POINT('Ctrl Pts',(0.152692305742308,15.8240694162378,0.));
#7107=CARTESIAN_POINT('Ctrl Pts',(0.184129319497695,15.9072725772858,0.));
#7108=CARTESIAN_POINT('',(0.184129319497695,15.9072725772858,-3.));
#7109=CARTESIAN_POINT('Ctrl Pts',(0.184129319497695,15.9072725772858,-3.));
#7110=CARTESIAN_POINT('Ctrl Pts',(0.152692305742308,15.8240694162378,-3.));
#7111=CARTESIAN_POINT('Ctrl Pts',(0.0794782090330592,15.6302964221843,-3.));
#7112=CARTESIAN_POINT('Ctrl Pts',(0.0771402802034871,15.4225743513905,-3.));
#7113=CARTESIAN_POINT('Ctrl Pts',(0.0758062222686906,15.3040449619293,-3.));
#7114=CARTESIAN_POINT('',(0.184129319497695,15.9072725772858,0.));
#7115=CARTESIAN_POINT('Ctrl Pts',(0.771990857431044,16.3963859081268,0.));
#7116=CARTESIAN_POINT('Ctrl Pts',(0.771990857431044,16.3963859081268,-3.));
#7117=CARTESIAN_POINT('Ctrl Pts',(0.63449143264616,16.316738249674,0.));
#7118=CARTESIAN_POINT('Ctrl Pts',(0.63449143264616,16.316738249674,-3.));
#7119=CARTESIAN_POINT('Ctrl Pts',(0.409672576036715,16.1865101012073,0.));
#7120=CARTESIAN_POINT('Ctrl Pts',(0.409672576036715,16.1865101012073,-3.));
#7121=CARTESIAN_POINT('Ctrl Pts',(0.247224139142075,15.9853881524536,0.));
#7122=CARTESIAN_POINT('Ctrl Pts',(0.247224139142075,15.9853881524536,-3.));
#7123=CARTESIAN_POINT('Ctrl Pts',(0.184129319497695,15.9072725772858,0.));
#7124=CARTESIAN_POINT('Ctrl Pts',(0.184129319497695,15.9072725772858,-3.));
#7125=CARTESIAN_POINT('',(0.771990857431044,16.3963859081268,0.));
#7126=CARTESIAN_POINT('Ctrl Pts',(0.184129319497695,15.9072725772858,0.));
#7127=CARTESIAN_POINT('Ctrl Pts',(0.247224139142075,15.9853881524536,0.));
#7128=CARTESIAN_POINT('Ctrl Pts',(0.409672576036715,16.1865101012073,0.));
#7129=CARTESIAN_POINT('Ctrl Pts',(0.63449143264616,16.316738249674,0.));
#7130=CARTESIAN_POINT('Ctrl Pts',(0.771990857431044,16.3963859081268,0.));
#7131=CARTESIAN_POINT('',(0.771990857431044,16.3963859081268,-3.));
#7132=CARTESIAN_POINT('Ctrl Pts',(0.771990857431044,16.3963859081268,-3.));
#7133=CARTESIAN_POINT('Ctrl Pts',(0.63449143264616,16.316738249674,-3.));
#7134=CARTESIAN_POINT('Ctrl Pts',(0.409672576036715,16.1865101012073,-3.));
#7135=CARTESIAN_POINT('Ctrl Pts',(0.247224139142075,15.9853881524536,-3.));
#7136=CARTESIAN_POINT('Ctrl Pts',(0.184129319497695,15.9072725772858,-3.));
#7137=CARTESIAN_POINT('',(0.771990857431044,16.3963859081268,0.));
#7138=CARTESIAN_POINT('Ctrl Pts',(2.52175911457216,17.7495359182358,0.));
#7139=CARTESIAN_POINT('Ctrl Pts',(2.52175911457216,17.7495359182358,-3.));
#7140=CARTESIAN_POINT('Ctrl Pts',(2.32239995067776,17.5405106559792,0.));
#7141=CARTESIAN_POINT('Ctrl Pts',(2.32239995067776,17.5405106559792,-3.));
#7142=CARTESIAN_POINT('Ctrl Pts',(1.80931500745351,17.0025483535581,0.));
#7143=CARTESIAN_POINT('Ctrl Pts',(1.80931500745351,17.0025483535581,-3.));
#7144=CARTESIAN_POINT('Ctrl Pts',(1.16559403468324,16.626388713371,0.));
#7145=CARTESIAN_POINT('Ctrl Pts',(1.16559403468324,16.626388713371,-3.));
#7146=CARTESIAN_POINT('Ctrl Pts',(0.771990857431044,16.3963859081268,0.));
#7147=CARTESIAN_POINT('Ctrl Pts',(0.771990857431044,16.3963859081268,-3.));
#7148=CARTESIAN_POINT('',(2.52175911457216,17.7495359182358,0.));
#7149=CARTESIAN_POINT('Ctrl Pts',(0.771990857431044,16.3963859081268,0.));
#7150=CARTESIAN_POINT('Ctrl Pts',(1.16559403468324,16.626388713371,0.));
#7151=CARTESIAN_POINT('Ctrl Pts',(1.80931500745351,17.0025483535581,0.));
#7152=CARTESIAN_POINT('Ctrl Pts',(2.32239995067776,17.5405106559792,0.));
#7153=CARTESIAN_POINT('Ctrl Pts',(2.52175911457216,17.7495359182358,0.));
#7154=CARTESIAN_POINT('',(2.52175911457216,17.7495359182358,-3.));
#7155=CARTESIAN_POINT('Ctrl Pts',(2.52175911457216,17.7495359182358,-3.));
#7156=CARTESIAN_POINT('Ctrl Pts',(2.32239995067776,17.5405106559792,-3.));
#7157=CARTESIAN_POINT('Ctrl Pts',(1.80931500745351,17.0025483535581,-3.));
#7158=CARTESIAN_POINT('Ctrl Pts',(1.16559403468324,16.626388713371,-3.));
#7159=CARTESIAN_POINT('Ctrl Pts',(0.771990857431044,16.3963859081268,-3.));
#7160=CARTESIAN_POINT('',(2.52175911457216,17.7495359182358,0.));
#7161=CARTESIAN_POINT('Ctrl Pts',(2.88247688800966,19.4542919397354,0.));
#7162=CARTESIAN_POINT('Ctrl Pts',(2.88247688800966,19.4542919397354,-3.));
#7163=CARTESIAN_POINT('Ctrl Pts',(2.87953667254275,19.1098435523456,0.));
#7164=CARTESIAN_POINT('Ctrl Pts',(2.87953667254275,19.1098435523456,-3.));
#7165=CARTESIAN_POINT('Ctrl Pts',(2.87445483045035,18.5145020430582,0.));
#7166=CARTESIAN_POINT('Ctrl Pts',(2.87445483045035,18.5145020430582,-3.));
#7167=CARTESIAN_POINT('Ctrl Pts',(2.62632695660515,17.976334411384,0.));
#7168=CARTESIAN_POINT('Ctrl Pts',(2.62632695660515,17.976334411384,-3.));
#7169=CARTESIAN_POINT('Ctrl Pts',(2.52175911457216,17.7495359182358,0.));
#7170=CARTESIAN_POINT('Ctrl Pts',(2.52175911457216,17.7495359182358,-3.));
#7171=CARTESIAN_POINT('',(2.88247688800966,19.4542919397354,0.));
#7172=CARTESIAN_POINT('Ctrl Pts',(2.52175911457216,17.7495359182358,0.));
#7173=CARTESIAN_POINT('Ctrl Pts',(2.62632695660515,17.976334411384,0.));
#7174=CARTESIAN_POINT('Ctrl Pts',(2.87445483045035,18.5145020430582,0.));
#7175=CARTESIAN_POINT('Ctrl Pts',(2.87953667254275,19.1098435523456,0.));
#7176=CARTESIAN_POINT('Ctrl Pts',(2.88247688800966,19.4542919397354,0.));
#7177=CARTESIAN_POINT('',(2.88247688800966,19.4542919397354,-3.));
#7178=CARTESIAN_POINT('Ctrl Pts',(2.88247688800966,19.4542919397354,-3.));
#7179=CARTESIAN_POINT('Ctrl Pts',(2.87953667254275,19.1098435523456,-3.));
#7180=CARTESIAN_POINT('Ctrl Pts',(2.87445483045035,18.5145020430582,-3.));
#7181=CARTESIAN_POINT('Ctrl Pts',(2.62632695660515,17.976334411384,-3.));
#7182=CARTESIAN_POINT('Ctrl Pts',(2.52175911457216,17.7495359182358,-3.));
#7183=CARTESIAN_POINT('',(2.88247688800966,19.4542919397354,0.));
#7184=CARTESIAN_POINT('Ctrl Pts',(2.68235310108339,20.7143293619156,0.));
#7185=CARTESIAN_POINT('Ctrl Pts',(2.68235310108339,20.7143293619156,-3.));
#7186=CARTESIAN_POINT('Ctrl Pts',(2.74035426816031,20.5432022824166,0.));
#7187=CARTESIAN_POINT('Ctrl Pts',(2.74035426816031,20.5432022824166,-3.));
#7188=CARTESIAN_POINT('Ctrl Pts',(2.87844022297986,20.1357924429428,0.));
#7189=CARTESIAN_POINT('Ctrl Pts',(2.87844022297986,20.1357924429428,-3.));
#7190=CARTESIAN_POINT('Ctrl Pts',(2.88099513358969,19.7044529948105,0.));
#7191=CARTESIAN_POINT('Ctrl Pts',(2.88099513358969,19.7044529948105,-3.));
#7192=CARTESIAN_POINT('Ctrl Pts',(2.88247688800966,19.4542919397354,0.));
#7193=CARTESIAN_POINT('Ctrl Pts',(2.88247688800966,19.4542919397354,-3.));
#7194=CARTESIAN_POINT('',(2.68235310108339,20.7143293619156,0.));
#7195=CARTESIAN_POINT('Ctrl Pts',(2.88247688800966,19.4542919397354,0.));
#7196=CARTESIAN_POINT('Ctrl Pts',(2.88099513358969,19.7044529948105,0.));
#7197=CARTESIAN_POINT('Ctrl Pts',(2.87844022297986,20.1357924429428,0.));
#7198=CARTESIAN_POINT('Ctrl Pts',(2.74035426816031,20.5432022824166,0.));
#7199=CARTESIAN_POINT('Ctrl Pts',(2.68235310108339,20.7143293619156,0.));
#7200=CARTESIAN_POINT('',(2.68235310108339,20.7143293619156,-3.));
#7201=CARTESIAN_POINT('Ctrl Pts',(2.68235310108339,20.7143293619156,-3.));
#7202=CARTESIAN_POINT('Ctrl Pts',(2.74035426816031,20.5432022824166,-3.));
#7203=CARTESIAN_POINT('Ctrl Pts',(2.87844022297986,20.1357924429428,-3.));
#7204=CARTESIAN_POINT('Ctrl Pts',(2.88099513358969,19.7044529948105,-3.));
#7205=CARTESIAN_POINT('Ctrl Pts',(2.88247688800966,19.4542919397354,-3.));
#7206=CARTESIAN_POINT('',(2.68235310108339,20.7143293619156,0.));
#7207=CARTESIAN_POINT('Ctrl Pts',(1.9090352872101,21.3937615156174,0.));
#7208=CARTESIAN_POINT('Ctrl Pts',(1.9090352872101,21.3937615156174,-3.));
#7209=CARTESIAN_POINT('Ctrl Pts',(2.08059912396294,21.304220352164,0.));
#7210=CARTESIAN_POINT('Ctrl Pts',(2.08059912396294,21.304220352164,-3.));
#7211=CARTESIAN_POINT('Ctrl Pts',(2.39494426992183,21.1401599614207,0.));
#7212=CARTESIAN_POINT('Ctrl Pts',(2.39494426992183,21.1401599614207,-3.));
#7213=CARTESIAN_POINT('Ctrl Pts',(2.5925822975629,20.8473355570512,0.));
#7214=CARTESIAN_POINT('Ctrl Pts',(2.5925822975629,20.8473355570512,-3.));
#7215=CARTESIAN_POINT('Ctrl Pts',(2.68235310108339,20.7143293619156,0.));
#7216=CARTESIAN_POINT('Ctrl Pts',(2.68235310108339,20.7143293619156,-3.));
#7217=CARTESIAN_POINT('',(1.9090352872101,21.3937615156174,0.));
#7218=CARTESIAN_POINT('Ctrl Pts',(2.68235310108339,20.7143293619156,0.));
#7219=CARTESIAN_POINT('Ctrl Pts',(2.5925822975629,20.8473355570512,0.));
#7220=CARTESIAN_POINT('Ctrl Pts',(2.39494426992183,21.1401599614207,0.));
#7221=CARTESIAN_POINT('Ctrl Pts',(2.08059912396294,21.304220352164,0.));
#7222=CARTESIAN_POINT('Ctrl Pts',(1.9090352872101,21.3937615156174,0.));
#7223=CARTESIAN_POINT('',(1.9090352872101,21.3937615156174,-3.));
#7224=CARTESIAN_POINT('Ctrl Pts',(1.9090352872101,21.3937615156174,-3.));
#7225=CARTESIAN_POINT('Ctrl Pts',(2.08059912396294,21.304220352164,-3.));
#7226=CARTESIAN_POINT('Ctrl Pts',(2.39494426992183,21.1401599614207,-3.));
#7227=CARTESIAN_POINT('Ctrl Pts',(2.5925822975629,20.8473355570512,-3.));
#7228=CARTESIAN_POINT('Ctrl Pts',(2.68235310108339,20.7143293619156,-3.));
#7229=CARTESIAN_POINT('',(1.9090352872101,21.3937615156174,0.));
#7230=CARTESIAN_POINT('Ctrl Pts',(0.574878297158827,21.6680048704147,0.));
#7231=CARTESIAN_POINT('Ctrl Pts',(0.574878297158827,21.6680048704147,-3.));
#7232=CARTESIAN_POINT('Ctrl Pts',(0.815779845044111,21.658867091027,0.));
#7233=CARTESIAN_POINT('Ctrl Pts',(0.815779845044111,21.658867091027,-3.));
#7234=CARTESIAN_POINT('Ctrl Pts',(1.27610625884045,21.6414061770041,0.));
#7235=CARTESIAN_POINT('Ctrl Pts',(1.27610625884045,21.6414061770041,-3.));
#7236=CARTESIAN_POINT('Ctrl Pts',(1.70472472343888,21.473701632305,0.));
#7237=CARTESIAN_POINT('Ctrl Pts',(1.70472472343888,21.473701632305,-3.));
#7238=CARTESIAN_POINT('Ctrl Pts',(1.9090352872101,21.3937615156174,0.));
#7239=CARTESIAN_POINT('Ctrl Pts',(1.9090352872101,21.3937615156174,-3.));
#7240=CARTESIAN_POINT('',(0.574878297158827,21.6680048704147,0.));
#7241=CARTESIAN_POINT('Ctrl Pts',(1.9090352872101,21.3937615156174,0.));
#7242=CARTESIAN_POINT('Ctrl Pts',(1.70472472343888,21.473701632305,0.));
#7243=CARTESIAN_POINT('Ctrl Pts',(1.27610625884045,21.6414061770041,0.));
#7244=CARTESIAN_POINT('Ctrl Pts',(0.815779845044111,21.658867091027,0.));
#7245=CARTESIAN_POINT('Ctrl Pts',(0.574878297158827,21.6680048704147,0.));
#7246=CARTESIAN_POINT('',(0.574878297158827,21.6680048704147,-3.));
#7247=CARTESIAN_POINT('Ctrl Pts',(0.574878297158827,21.6680048704147,-3.));
#7248=CARTESIAN_POINT('Ctrl Pts',(0.815779845044111,21.658867091027,-3.));
#7249=CARTESIAN_POINT('Ctrl Pts',(1.27610625884045,21.6414061770041,-3.));
#7250=CARTESIAN_POINT('Ctrl Pts',(1.70472472343888,21.473701632305,-3.));
#7251=CARTESIAN_POINT('Ctrl Pts',(1.9090352872101,21.3937615156174,-3.));
#7252=CARTESIAN_POINT('',(0.574878297158827,21.6680048704147,0.));
#7253=CARTESIAN_POINT('Ctrl Pts',(-0.850693144491563,21.3517605066299,0.));
#7254=CARTESIAN_POINT('Ctrl Pts',(-0.850693144491563,21.3517605066299,-3.));
#7255=CARTESIAN_POINT('Ctrl Pts',(-0.63648419973465,21.4439163904143,0.));
#7256=CARTESIAN_POINT('Ctrl Pts',(-0.63648419973465,21.4439163904143,-3.));
#7257=CARTESIAN_POINT('Ctrl Pts',(-0.181963154114042,21.639458125169,0.));
#7258=CARTESIAN_POINT('Ctrl Pts',(-0.181963154114042,21.639458125169,-3.));
#7259=CARTESIAN_POINT('Ctrl Pts',(0.313120262015607,21.6581318118862,0.));
#7260=CARTESIAN_POINT('Ctrl Pts',(0.313120262015607,21.6581318118862,-3.));
#7261=CARTESIAN_POINT('Ctrl Pts',(0.574878297158827,21.6680048704147,0.));
#7262=CARTESIAN_POINT('Ctrl Pts',(0.574878297158827,21.6680048704147,-3.));
#7263=CARTESIAN_POINT('',(-0.850693144491563,21.3517605066299,0.));
#7264=CARTESIAN_POINT('Ctrl Pts',(0.574878297158827,21.6680048704147,0.));
#7265=CARTESIAN_POINT('Ctrl Pts',(0.313120262015607,21.6581318118862,0.));
#7266=CARTESIAN_POINT('Ctrl Pts',(-0.181963154114042,21.639458125169,0.));
#7267=CARTESIAN_POINT('Ctrl Pts',(-0.63648419973465,21.4439163904143,0.));
#7268=CARTESIAN_POINT('Ctrl Pts',(-0.850693144491563,21.3517605066299,0.));
#7269=CARTESIAN_POINT('',(-0.850693144491563,21.3517605066299,-3.));
#7270=CARTESIAN_POINT('Ctrl Pts',(-0.850693144491563,21.3517605066299,-3.));
#7271=CARTESIAN_POINT('Ctrl Pts',(-0.63648419973465,21.4439163904143,-3.));
#7272=CARTESIAN_POINT('Ctrl Pts',(-0.181963154114042,21.639458125169,-3.));
#7273=CARTESIAN_POINT('Ctrl Pts',(0.313120262015607,21.6581318118862,-3.));
#7274=CARTESIAN_POINT('Ctrl Pts',(0.574878297158827,21.6680048704147,-3.));
#7275=CARTESIAN_POINT('',(-0.850693144491563,21.3517605066299,0.));
#7276=CARTESIAN_POINT('Ctrl Pts',(-1.62400857417906,20.546324133873,0.));
#7277=CARTESIAN_POINT('Ctrl Pts',(-1.62400857417906,20.546324133873,-3.));
#7278=CARTESIAN_POINT('Ctrl Pts',(-1.54007633742896,20.7052551121388,0.));
#7279=CARTESIAN_POINT('Ctrl Pts',(-1.54007633742896,20.7052551121388,-3.));
#7280=CARTESIAN_POINT('Ctrl Pts',(-1.3599236127557,21.0463856464629,0.));
#7281=CARTESIAN_POINT('Ctrl Pts',(-1.3599236127557,21.0463856464629,-3.));
#7282=CARTESIAN_POINT('Ctrl Pts',(-1.02798385823835,21.2454429740128,0.));
#7283=CARTESIAN_POINT('Ctrl Pts',(-1.02798385823835,21.2454429740128,-3.));
#7284=CARTESIAN_POINT('Ctrl Pts',(-0.850693144491563,21.3517605066299,0.));
#7285=CARTESIAN_POINT('Ctrl Pts',(-0.850693144491563,21.3517605066299,-3.));
#7286=CARTESIAN_POINT('',(-1.62400857417906,20.546324133873,0.));
#7287=CARTESIAN_POINT('Ctrl Pts',(-0.850693144491563,21.3517605066299,0.));
#7288=CARTESIAN_POINT('Ctrl Pts',(-1.02798385823835,21.2454429740128,0.));
#7289=CARTESIAN_POINT('Ctrl Pts',(-1.3599236127557,21.0463856464629,0.));
#7290=CARTESIAN_POINT('Ctrl Pts',(-1.54007633742896,20.7052551121388,0.));
#7291=CARTESIAN_POINT('Ctrl Pts',(-1.62400857417906,20.546324133873,0.));
#7292=CARTESIAN_POINT('',(-1.62400857417906,20.546324133873,-3.));
#7293=CARTESIAN_POINT('Ctrl Pts',(-1.62400857417906,20.546324133873,-3.));
#7294=CARTESIAN_POINT('Ctrl Pts',(-1.54007633742896,20.7052551121388,-3.));
#7295=CARTESIAN_POINT('Ctrl Pts',(-1.3599236127557,21.0463856464629,-3.));
#7296=CARTESIAN_POINT('Ctrl Pts',(-1.02798385823835,21.2454429740128,-3.));
#7297=CARTESIAN_POINT('Ctrl Pts',(-0.850693144491563,21.3517605066299,-3.));
#7298=CARTESIAN_POINT('',(-1.62400857417906,20.546324133873,0.));
#7299=CARTESIAN_POINT('Ctrl Pts',(-1.80683747737731,19.1578124761581,0.));
#7300=CARTESIAN_POINT('Ctrl Pts',(-1.80683747737731,19.1578124761581,-3.));
#7301=CARTESIAN_POINT('Ctrl Pts',(-1.80432611914777,19.4252345919815,0.));
#7302=CARTESIAN_POINT('Ctrl Pts',(-1.80432611914777,19.4252345919815,-3.));
#7303=CARTESIAN_POINT('Ctrl Pts',(-1.79990346334996,19.896181331915,0.));
#7304=CARTESIAN_POINT('Ctrl Pts',(-1.79990346334996,19.896181331915,-3.));
#7305=CARTESIAN_POINT('Ctrl Pts',(-1.67708561066995,20.3501407576165,0.));
#7306=CARTESIAN_POINT('Ctrl Pts',(-1.67708561066995,20.3501407576165,-3.));
#7307=CARTESIAN_POINT('Ctrl Pts',(-1.62400857417906,20.546324133873,0.));
#7308=CARTESIAN_POINT('Ctrl Pts',(-1.62400857417906,20.546324133873,-3.));
#7309=CARTESIAN_POINT('',(-1.80683747737731,19.1578124761581,0.));
#7310=CARTESIAN_POINT('Ctrl Pts',(-1.62400857417906,20.546324133873,0.));
#7311=CARTESIAN_POINT('Ctrl Pts',(-1.67708561066995,20.3501407576165,0.));
#7312=CARTESIAN_POINT('Ctrl Pts',(-1.79990346334996,19.896181331915,0.));
#7313=CARTESIAN_POINT('Ctrl Pts',(-1.80432611914777,19.4252345919815,0.));
#7314=CARTESIAN_POINT('Ctrl Pts',(-1.80683747737731,19.1578124761581,0.));
#7315=CARTESIAN_POINT('',(-1.80683747737731,19.1578124761581,-3.));
#7316=CARTESIAN_POINT('Ctrl Pts',(-1.80683747737731,19.1578124761581,-3.));
#7317=CARTESIAN_POINT('Ctrl Pts',(-1.80432611914777,19.4252345919815,-3.));
#7318=CARTESIAN_POINT('Ctrl Pts',(-1.79990346334996,19.896181331915,-3.));
#7319=CARTESIAN_POINT('Ctrl Pts',(-1.67708561066995,20.3501407576165,-3.));
#7320=CARTESIAN_POINT('Ctrl Pts',(-1.62400857417906,20.546324133873,-3.));
#7321=CARTESIAN_POINT('',(-1.80683747737731,19.1578124761581,0.));
#7322=CARTESIAN_POINT('Origin',(-1.80683747737731,18.6340330839157,0.));
#7323=CARTESIAN_POINT('',(-1.80683747737731,18.6340330839157,0.));
#7324=CARTESIAN_POINT('',(-1.80683747737731,26.0670165419578,0.));
#7325=CARTESIAN_POINT('',(-1.80683747737731,18.6340330839157,-3.));
#7326=CARTESIAN_POINT('',(-1.80683747737731,19.1578124761581,-3.));
#7327=CARTESIAN_POINT('',(-1.80683747737731,18.6340330839157,0.));
#7328=CARTESIAN_POINT('Origin',(0.125218472787489,18.6340330839157,0.));
#7329=CARTESIAN_POINT('',(0.125218472787489,18.6340330839157,0.));
#7330=CARTESIAN_POINT('',(-2.43739076360626,18.6340330839157,0.));
#7331=CARTESIAN_POINT('',(0.125218472787489,18.6340330839157,-3.));
#7332=CARTESIAN_POINT('',(-1.80683747737731,18.6340330839157,-3.));
#7333=CARTESIAN_POINT('',(0.125218472787489,18.6340330839157,0.));
#7334=CARTESIAN_POINT('Origin',(0.125218472787489,19.6074734926224,0.));
#7335=CARTESIAN_POINT('',(0.125218472787489,19.6074734926224,0.));
#7336=CARTESIAN_POINT('',(0.125218472787489,26.5537367463112,0.));
#7337=CARTESIAN_POINT('',(0.125218472787489,19.6074734926224,-3.));
#7338=CARTESIAN_POINT('',(0.125218472787489,18.6340330839157,-3.));
#7339=CARTESIAN_POINT('',(0.125218472787489,19.6074734926224,0.));
#7340=CARTESIAN_POINT('Ctrl Pts',(0.206750474282851,20.1856075525284,0.));
#7341=CARTESIAN_POINT('Ctrl Pts',(0.206750474282851,20.1856075525284,-3.));
#7342=CARTESIAN_POINT('Ctrl Pts',(0.183333040548415,20.1165382823679,0.));
#7343=CARTESIAN_POINT('Ctrl Pts',(0.183333040548415,20.1165382823679,-3.));
#7344=CARTESIAN_POINT('Ctrl Pts',(0.120094746866632,19.9300181520952,0.));
#7345=CARTESIAN_POINT('Ctrl Pts',(0.120094746866632,19.9300181520952,-3.));
#7346=CARTESIAN_POINT('Ctrl Pts',(0.123238724602897,19.73210100274,0.));
#7347=CARTESIAN_POINT('Ctrl Pts',(0.123238724602897,19.73210100274,-3.));
#7348=CARTESIAN_POINT('Ctrl Pts',(0.125218472787489,19.6074734926224,0.));
#7349=CARTESIAN_POINT('Ctrl Pts',(0.125218472787489,19.6074734926224,-3.));
#7350=CARTESIAN_POINT('',(0.206750474282851,20.1856075525284,0.));
#7351=CARTESIAN_POINT('Ctrl Pts',(0.125218472787489,19.6074734926224,0.));
#7352=CARTESIAN_POINT('Ctrl Pts',(0.123238724602897,19.73210100274,0.));
#7353=CARTESIAN_POINT('Ctrl Pts',(0.120094746866632,19.9300181520952,0.));
#7354=CARTESIAN_POINT('Ctrl Pts',(0.183333040548415,20.1165382823679,0.));
#7355=CARTESIAN_POINT('Ctrl Pts',(0.206750474282851,20.1856075525284,0.));
#7356=CARTESIAN_POINT('',(0.206750474282851,20.1856075525284,-3.));
#7357=CARTESIAN_POINT('Ctrl Pts',(0.206750474282851,20.1856075525284,-3.));
#7358=CARTESIAN_POINT('Ctrl Pts',(0.183333040548415,20.1165382823679,-3.));
#7359=CARTESIAN_POINT('Ctrl Pts',(0.120094746866632,19.9300181520952,-3.));
#7360=CARTESIAN_POINT('Ctrl Pts',(0.123238724602897,19.73210100274,-3.));
#7361=CARTESIAN_POINT('Ctrl Pts',(0.125218472787489,19.6074734926224,-3.));
#7362=CARTESIAN_POINT('',(0.206750474282851,20.1856075525284,0.));
#7363=CARTESIAN_POINT('Ctrl Pts',(0.495816312142958,20.3140823841095,0.));
#7364=CARTESIAN_POINT('Ctrl Pts',(0.495816312142958,20.3140823841095,-3.));
#7365=CARTESIAN_POINT('Ctrl Pts',(0.433508338644848,20.3110229870741,0.));
#7366=CARTESIAN_POINT('Ctrl Pts',(0.433508338644848,20.3110229870741,-3.));
#7367=CARTESIAN_POINT('Ctrl Pts',(0.31948203194232,20.3054241571796,0.));
#7368=CARTESIAN_POINT('Ctrl Pts',(0.31948203194232,20.3054241571796,-3.));
#7369=CARTESIAN_POINT('Ctrl Pts',(0.241926804962138,20.2229946745871,0.));
#7370=CARTESIAN_POINT('Ctrl Pts',(0.241926804962138,20.2229946745871,-3.));
#7371=CARTESIAN_POINT('Ctrl Pts',(0.206750474282851,20.1856075525284,0.));
#7372=CARTESIAN_POINT('Ctrl Pts',(0.206750474282851,20.1856075525284,-3.));
#7373=CARTESIAN_POINT('',(0.495816312142958,20.3140823841095,0.));
#7374=CARTESIAN_POINT('Ctrl Pts',(0.206750474282851,20.1856075525284,0.));
#7375=CARTESIAN_POINT('Ctrl Pts',(0.241926804962138,20.2229946745871,0.));
#7376=CARTESIAN_POINT('Ctrl Pts',(0.31948203194232,20.3054241571796,0.));
#7377=CARTESIAN_POINT('Ctrl Pts',(0.433508338644848,20.3110229870741,0.));
#7378=CARTESIAN_POINT('Ctrl Pts',(0.495816312142958,20.3140823841095,0.));
#7379=CARTESIAN_POINT('',(0.495816312142958,20.3140823841095,-3.));
#7380=CARTESIAN_POINT('Ctrl Pts',(0.495816312142958,20.3140823841095,-3.));
#7381=CARTESIAN_POINT('Ctrl Pts',(0.433508338644848,20.3110229870741,-3.));
#7382=CARTESIAN_POINT('Ctrl Pts',(0.31948203194232,20.3054241571796,-3.));
#7383=CARTESIAN_POINT('Ctrl Pts',(0.241926804962138,20.2229946745871,-3.));
#7384=CARTESIAN_POINT('Ctrl Pts',(0.206750474282851,20.1856075525284,-3.));
#7385=CARTESIAN_POINT('',(0.495816312142958,20.3140823841095,0.));
#7386=CARTESIAN_POINT('Ctrl Pts',(0.804649434396376,20.1510189771652,0.));
#7387=CARTESIAN_POINT('Ctrl Pts',(0.804649434396376,20.1510189771652,-3.));
#7388=CARTESIAN_POINT('Ctrl Pts',(0.7656712645813,20.1985719167599,0.));
#7389=CARTESIAN_POINT('Ctrl Pts',(0.7656712645813,20.1985719167599,-3.));
#7390=CARTESIAN_POINT('Ctrl Pts',(0.685824489718989,20.2959841061949,0.));
#7391=CARTESIAN_POINT('Ctrl Pts',(0.685824489718989,20.2959841061949,-3.));
#7392=CARTESIAN_POINT('Ctrl Pts',(0.560144231012281,20.3079551501756,0.));
#7393=CARTESIAN_POINT('Ctrl Pts',(0.560144231012281,20.3079551501756,-3.));
#7394=CARTESIAN_POINT('Ctrl Pts',(0.495816312142958,20.3140823841095,0.));
#7395=CARTESIAN_POINT('Ctrl Pts',(0.495816312142958,20.3140823841095,-3.));
#7396=CARTESIAN_POINT('',(0.804649434396376,20.1510189771652,0.));
#7397=CARTESIAN_POINT('Ctrl Pts',(0.495816312142958,20.3140823841095,0.));
#7398=CARTESIAN_POINT('Ctrl Pts',(0.560144231012281,20.3079551501756,0.));
#7399=CARTESIAN_POINT('Ctrl Pts',(0.685824489718989,20.2959841061949,0.));
#7400=CARTESIAN_POINT('Ctrl Pts',(0.7656712645813,20.1985719167599,0.));
#7401=CARTESIAN_POINT('Ctrl Pts',(0.804649434396376,20.1510189771652,0.));
#7402=CARTESIAN_POINT('',(0.804649434396376,20.1510189771652,-3.));
#7403=CARTESIAN_POINT('Ctrl Pts',(0.804649434396376,20.1510189771652,-3.));
#7404=CARTESIAN_POINT('Ctrl Pts',(0.7656712645813,20.1985719167599,-3.));
#7405=CARTESIAN_POINT('Ctrl Pts',(0.685824489718989,20.2959841061949,-3.));
#7406=CARTESIAN_POINT('Ctrl Pts',(0.560144231012281,20.3079551501756,-3.));
#7407=CARTESIAN_POINT('Ctrl Pts',(0.495816312142958,20.3140823841095,-3.));
#7408=CARTESIAN_POINT('',(0.804649434396376,20.1510189771652,0.));
#7409=CARTESIAN_POINT('Ctrl Pts',(0.905946336099257,19.6667693853378,0.));
#7410=CARTESIAN_POINT('Ctrl Pts',(0.905946336099257,19.6667693853378,-3.));
#7411=CARTESIAN_POINT('Ctrl Pts',(0.904489086029985,19.7622474671123,0.));
#7412=CARTESIAN_POINT('Ctrl Pts',(0.904489086029985,19.7622474671123,-3.));
#7413=CARTESIAN_POINT('Ctrl Pts',(0.901916863587133,19.9307778174759,0.));
#7414=CARTESIAN_POINT('Ctrl Pts',(0.901916863587133,19.9307778174759,-3.));
#7415=CARTESIAN_POINT('Ctrl Pts',(0.834062172750718,20.084420161316,0.));
#7416=CARTESIAN_POINT('Ctrl Pts',(0.834062172750718,20.084420161316,-3.));
#7417=CARTESIAN_POINT('Ctrl Pts',(0.804649434396376,20.1510189771652,0.));
#7418=CARTESIAN_POINT('Ctrl Pts',(0.804649434396376,20.1510189771652,-3.));
#7419=CARTESIAN_POINT('',(0.905946336099257,19.6667693853378,0.));
#7420=CARTESIAN_POINT('Ctrl Pts',(0.804649434396376,20.1510189771652,0.));
#7421=CARTESIAN_POINT('Ctrl Pts',(0.834062172750718,20.084420161316,0.));
#7422=CARTESIAN_POINT('Ctrl Pts',(0.901916863587133,19.9307778174759,0.));
#7423=CARTESIAN_POINT('Ctrl Pts',(0.904489086029985,19.7622474671123,0.));
#7424=CARTESIAN_POINT('Ctrl Pts',(0.905946336099257,19.6667693853378,0.));
#7425=CARTESIAN_POINT('',(0.905946336099257,19.6667693853378,-3.));
#7426=CARTESIAN_POINT('Ctrl Pts',(0.905946336099257,19.6667693853378,-3.));
#7427=CARTESIAN_POINT('Ctrl Pts',(0.904489086029985,19.7622474671123,-3.));
#7428=CARTESIAN_POINT('Ctrl Pts',(0.901916863587133,19.9307778174759,-3.));
#7429=CARTESIAN_POINT('Ctrl Pts',(0.834062172750718,20.084420161316,-3.));
#7430=CARTESIAN_POINT('Ctrl Pts',(0.804649434396376,20.1510189771652,-3.));
#7431=CARTESIAN_POINT('',(0.905946336099257,19.6667693853378,0.));
#7432=CARTESIAN_POINT('Ctrl Pts',(0.713234982797255,18.7427418231964,0.));
#7433=CARTESIAN_POINT('Ctrl Pts',(0.713234982797255,18.7427418231964,-3.));
#7434=CARTESIAN_POINT('Ctrl Pts',(0.768766024895604,18.854163293888,0.));
#7435=CARTESIAN_POINT('Ctrl Pts',(0.768766024895604,18.854163293888,-3.));
#7436=CARTESIAN_POINT('Ctrl Pts',(0.912485041026914,19.1425314486822,0.));
#7437=CARTESIAN_POINT('Ctrl Pts',(0.912485041026914,19.1425314486822,-3.));
#7438=CARTESIAN_POINT('Ctrl Pts',(0.908432829240153,19.4674158362614,0.));
#7439=CARTESIAN_POINT('Ctrl Pts',(0.908432829240153,19.4674158362614,-3.));
#7440=CARTESIAN_POINT('Ctrl Pts',(0.905946336099257,19.6667693853378,0.));
#7441=CARTESIAN_POINT('Ctrl Pts',(0.905946336099257,19.6667693853378,-3.));
#7442=CARTESIAN_POINT('',(0.713234982797255,18.7427418231964,0.));
#7443=CARTESIAN_POINT('Ctrl Pts',(0.905946336099257,19.6667693853378,0.));
#7444=CARTESIAN_POINT('Ctrl Pts',(0.908432829240153,19.4674158362614,0.));
#7445=CARTESIAN_POINT('Ctrl Pts',(0.912485041026914,19.1425314486822,0.));
#7446=CARTESIAN_POINT('Ctrl Pts',(0.768766024895604,18.854163293888,0.));
#7447=CARTESIAN_POINT('Ctrl Pts',(0.713234982797255,18.7427418231964,0.));
#7448=CARTESIAN_POINT('',(0.713234982797255,18.7427418231964,-3.));
#7449=CARTESIAN_POINT('Ctrl Pts',(0.713234982797255,18.7427418231964,-3.));
#7450=CARTESIAN_POINT('Ctrl Pts',(0.768766024895604,18.854163293888,-3.));
#7451=CARTESIAN_POINT('Ctrl Pts',(0.912485041026914,19.1425314486822,-3.));
#7452=CARTESIAN_POINT('Ctrl Pts',(0.908432829240153,19.4674158362614,-3.));
#7453=CARTESIAN_POINT('Ctrl Pts',(0.905946336099257,19.6667693853378,-3.));
#7454=CARTESIAN_POINT('',(0.713234982797255,18.7427418231964,0.));
#7455=CARTESIAN_POINT('Ctrl Pts',(-0.260204233816514,18.0163674354553,0.));
#7456=CARTESIAN_POINT('Ctrl Pts',(-0.260204233816514,18.0163674354553,-3.));
#7457=CARTESIAN_POINT('Ctrl Pts',(-0.0449275031712304,18.1553865171116,
0.));
#7458=CARTESIAN_POINT('Ctrl Pts',(-0.0449275031712304,18.1553865171116,
-3.));
#7459=CARTESIAN_POINT('Ctrl Pts',(0.296260876942709,18.3757154636404,0.));
#7460=CARTESIAN_POINT('Ctrl Pts',(0.296260876942709,18.3757154636404,-3.));
#7461=CARTESIAN_POINT('Ctrl Pts',(0.60083529508844,18.6438060676764,0.));
#7462=CARTESIAN_POINT('Ctrl Pts',(0.60083529508844,18.6438060676764,-3.));
#7463=CARTESIAN_POINT('Ctrl Pts',(0.713234982797255,18.7427418231964,0.));
#7464=CARTESIAN_POINT('Ctrl Pts',(0.713234982797255,18.7427418231964,-3.));
#7465=CARTESIAN_POINT('',(-0.260204233816514,18.0163674354553,0.));
#7466=CARTESIAN_POINT('Ctrl Pts',(0.713234982797255,18.7427418231964,0.));
#7467=CARTESIAN_POINT('Ctrl Pts',(0.60083529508844,18.6438060676764,0.));
#7468=CARTESIAN_POINT('Ctrl Pts',(0.296260876942709,18.3757154636404,0.));
#7469=CARTESIAN_POINT('Ctrl Pts',(-0.0449275031712304,18.1553865171116,
0.));
#7470=CARTESIAN_POINT('Ctrl Pts',(-0.260204233816514,18.0163674354553,0.));
#7471=CARTESIAN_POINT('',(-0.260204233816514,18.0163674354553,-3.));
#7472=CARTESIAN_POINT('Ctrl Pts',(-0.260204233816514,18.0163674354553,-3.));
#7473=CARTESIAN_POINT('Ctrl Pts',(-0.0449275031712304,18.1553865171116,
-3.));
#7474=CARTESIAN_POINT('Ctrl Pts',(0.296260876942709,18.3757154636404,-3.));
#7475=CARTESIAN_POINT('Ctrl Pts',(0.60083529508844,18.6438060676764,-3.));
#7476=CARTESIAN_POINT('Ctrl Pts',(0.713234982797255,18.7427418231964,-3.));
#7477=CARTESIAN_POINT('',(-0.260204233816514,18.0163674354553,0.));
#7478=CARTESIAN_POINT('Ctrl Pts',(-1.28800050227965,17.2702275514603,0.));
#7479=CARTESIAN_POINT('Ctrl Pts',(-1.28800050227965,17.2702275514603,-3.));
#7480=CARTESIAN_POINT('Ctrl Pts',(-1.16158054567865,17.3727814328462,0.));
#7481=CARTESIAN_POINT('Ctrl Pts',(-1.16158054567865,17.3727814328462,-3.));
#7482=CARTESIAN_POINT('Ctrl Pts',(-0.832462672648058,17.6397670909674,0.));
#7483=CARTESIAN_POINT('Ctrl Pts',(-0.832462672648058,17.6397670909674,-3.));
#7484=CARTESIAN_POINT('Ctrl Pts',(-0.478316586832861,17.8728288142499,0.));
#7485=CARTESIAN_POINT('Ctrl Pts',(-0.478316586832861,17.8728288142499,-3.));
#7486=CARTESIAN_POINT('Ctrl Pts',(-0.260204233816514,18.0163674354553,0.));
#7487=CARTESIAN_POINT('Ctrl Pts',(-0.260204233816514,18.0163674354553,-3.));
#7488=CARTESIAN_POINT('',(-1.28800050227965,17.2702275514603,0.));
#7489=CARTESIAN_POINT('Ctrl Pts',(-0.260204233816514,18.0163674354553,0.));
#7490=CARTESIAN_POINT('Ctrl Pts',(-0.478316586832861,17.8728288142499,0.));
#7491=CARTESIAN_POINT('Ctrl Pts',(-0.832462672648058,17.6397670909674,0.));
#7492=CARTESIAN_POINT('Ctrl Pts',(-1.16158054567865,17.3727814328462,0.));
#7493=CARTESIAN_POINT('Ctrl Pts',(-1.28800050227965,17.2702275514603,0.));
#7494=CARTESIAN_POINT('',(-1.28800050227965,17.2702275514603,-3.));
#7495=CARTESIAN_POINT('Ctrl Pts',(-1.28800050227965,17.2702275514603,-3.));
#7496=CARTESIAN_POINT('Ctrl Pts',(-1.16158054567865,17.3727814328462,-3.));
#7497=CARTESIAN_POINT('Ctrl Pts',(-0.832462672648058,17.6397670909674,-3.));
#7498=CARTESIAN_POINT('Ctrl Pts',(-0.478316586832861,17.8728288142499,-3.));
#7499=CARTESIAN_POINT('Ctrl Pts',(-0.260204233816514,18.0163674354553,-3.));
#7500=CARTESIAN_POINT('',(-1.28800050227965,17.2702275514603,0.));
#7501=CARTESIAN_POINT('Ctrl Pts',(-1.70554295986022,16.6278563737869,0.));
#7502=CARTESIAN_POINT('Ctrl Pts',(-1.70554295986022,16.6278563737869,-3.));
#7503=CARTESIAN_POINT('Ctrl Pts',(-1.64988050857384,16.7541811881029,0.));
#7504=CARTESIAN_POINT('Ctrl Pts',(-1.64988050857384,16.7541811881029,-3.));
#7505=CARTESIAN_POINT('Ctrl Pts',(-1.54542563090526,16.9912394333101,0.));
#7506=CARTESIAN_POINT('Ctrl Pts',(-1.54542563090526,16.9912394333101,-3.));
#7507=CARTESIAN_POINT('Ctrl Pts',(-1.36996211795172,17.1814004931269,0.));
#7508=CARTESIAN_POINT('Ctrl Pts',(-1.36996211795172,17.1814004931269,-3.));
#7509=CARTESIAN_POINT('Ctrl Pts',(-1.28800050227965,17.2702275514603,0.));
#7510=CARTESIAN_POINT('Ctrl Pts',(-1.28800050227965,17.2702275514603,-3.));
#7511=CARTESIAN_POINT('',(-1.70554295986022,16.6278563737869,0.));
#7512=CARTESIAN_POINT('Ctrl Pts',(-1.28800050227965,17.2702275514603,0.));
#7513=CARTESIAN_POINT('Ctrl Pts',(-1.36996211795172,17.1814004931269,0.));
#7514=CARTESIAN_POINT('Ctrl Pts',(-1.54542563090526,16.9912394333101,0.));
#7515=CARTESIAN_POINT('Ctrl Pts',(-1.64988050857384,16.7541811881029,0.));
#7516=CARTESIAN_POINT('Ctrl Pts',(-1.70554295986022,16.6278563737869,0.));
#7517=CARTESIAN_POINT('',(-1.70554295986022,16.6278563737869,-3.));
#7518=CARTESIAN_POINT('Ctrl Pts',(-1.70554295986022,16.6278563737869,-3.));
#7519=CARTESIAN_POINT('Ctrl Pts',(-1.64988050857384,16.7541811881029,-3.));
#7520=CARTESIAN_POINT('Ctrl Pts',(-1.54542563090526,16.9912394333101,-3.));
#7521=CARTESIAN_POINT('Ctrl Pts',(-1.36996211795172,17.1814004931269,-3.));
#7522=CARTESIAN_POINT('Ctrl Pts',(-1.28800050227965,17.2702275514603,-3.));
#7523=CARTESIAN_POINT('',(-1.70554295986022,16.6278563737869,0.));
#7524=CARTESIAN_POINT('Ctrl Pts',(-1.87107697933043,15.5802958011627,0.));
#7525=CARTESIAN_POINT('Ctrl Pts',(-1.87107697933043,15.5802958011627,-3.));
#7526=CARTESIAN_POINT('Ctrl Pts',(-1.86713374681023,15.7754764760497,0.));
#7527=CARTESIAN_POINT('Ctrl Pts',(-1.86713374681023,15.7754764760497,-3.));
#7528=CARTESIAN_POINT('Ctrl Pts',(-1.85991727698661,16.1326746486805,0.));
#7529=CARTESIAN_POINT('Ctrl Pts',(-1.85991727698661,16.1326746486805,-3.));
#7530=CARTESIAN_POINT('Ctrl Pts',(-1.75371434990838,16.4733384949788,0.));
#7531=CARTESIAN_POINT('Ctrl Pts',(-1.75371434990838,16.4733384949788,-3.));
#7532=CARTESIAN_POINT('Ctrl Pts',(-1.70554295986022,16.6278563737869,0.));
#7533=CARTESIAN_POINT('Ctrl Pts',(-1.70554295986022,16.6278563737869,-3.));
#7534=CARTESIAN_POINT('',(-1.87107697933043,15.5802958011627,0.));
#7535=CARTESIAN_POINT('Ctrl Pts',(-1.70554295986022,16.6278563737869,0.));
#7536=CARTESIAN_POINT('Ctrl Pts',(-1.75371434990838,16.4733384949788,0.));
#7537=CARTESIAN_POINT('Ctrl Pts',(-1.85991727698661,16.1326746486805,0.));
#7538=CARTESIAN_POINT('Ctrl Pts',(-1.86713374681023,15.7754764760497,0.));
#7539=CARTESIAN_POINT('Ctrl Pts',(-1.87107697933043,15.5802958011627,0.));
#7540=CARTESIAN_POINT('',(-1.87107697933043,15.5802958011627,-3.));
#7541=CARTESIAN_POINT('Ctrl Pts',(-1.87107697933043,15.5802958011627,-3.));
#7542=CARTESIAN_POINT('Ctrl Pts',(-1.86713374681023,15.7754764760497,-3.));
#7543=CARTESIAN_POINT('Ctrl Pts',(-1.85991727698661,16.1326746486805,-3.));
#7544=CARTESIAN_POINT('Ctrl Pts',(-1.75371434990838,16.4733384949788,-3.));
#7545=CARTESIAN_POINT('Ctrl Pts',(-1.70554295986022,16.6278563737869,-3.));
#7546=CARTESIAN_POINT('',(-1.87107697933043,15.5802958011627,0.));
#7547=CARTESIAN_POINT('Ctrl Pts',(-1.63636342494811,14.2362563610077,0.));
#7548=CARTESIAN_POINT('Ctrl Pts',(-1.63636342494811,14.2362563610077,-3.));
#7549=CARTESIAN_POINT('Ctrl Pts',(-1.70438357203858,14.417268447879,0.));
#7550=CARTESIAN_POINT('Ctrl Pts',(-1.70438357203858,14.417268447879,-3.));
#7551=CARTESIAN_POINT('Ctrl Pts',(-1.86659899200506,14.8489486624453,0.));
#7552=CARTESIAN_POINT('Ctrl Pts',(-1.86659899200506,14.8489486624453,-3.));
#7553=CARTESIAN_POINT('Ctrl Pts',(-1.86943194170204,15.3116274295949,0.));
#7554=CARTESIAN_POINT('Ctrl Pts',(-1.86943194170204,15.3116274295949,-3.));
#7555=CARTESIAN_POINT('Ctrl Pts',(-1.87107697933043,15.5802958011627,0.));
#7556=CARTESIAN_POINT('Ctrl Pts',(-1.87107697933043,15.5802958011627,-3.));
#7557=CARTESIAN_POINT('',(-1.63636342494811,14.2362563610077,0.));
#7558=CARTESIAN_POINT('Ctrl Pts',(-1.87107697933043,15.5802958011627,0.));
#7559=CARTESIAN_POINT('Ctrl Pts',(-1.86943194170204,15.3116274295949,0.));
#7560=CARTESIAN_POINT('Ctrl Pts',(-1.86659899200506,14.8489486624453,0.));
#7561=CARTESIAN_POINT('Ctrl Pts',(-1.70438357203858,14.417268447879,0.));
#7562=CARTESIAN_POINT('Ctrl Pts',(-1.63636342494811,14.2362563610077,0.));
#7563=CARTESIAN_POINT('',(-1.63636342494811,14.2362563610077,-3.));
#7564=CARTESIAN_POINT('Ctrl Pts',(-1.63636342494811,14.2362563610077,-3.));
#7565=CARTESIAN_POINT('Ctrl Pts',(-1.70438357203858,14.417268447879,-3.));
#7566=CARTESIAN_POINT('Ctrl Pts',(-1.86659899200506,14.8489486624453,-3.));
#7567=CARTESIAN_POINT('Ctrl Pts',(-1.86943194170204,15.3116274295949,-3.));
#7568=CARTESIAN_POINT('Ctrl Pts',(-1.87107697933043,15.5802958011627,-3.));
#7569=CARTESIAN_POINT('',(-1.63636342494811,14.2362563610077,0.));
#7570=CARTESIAN_POINT('Ctrl Pts',(-0.87787047832335,13.571648478508,0.));
#7571=CARTESIAN_POINT('Ctrl Pts',(-0.87787047832335,13.571648478508,-3.));
#7572=CARTESIAN_POINT('Ctrl Pts',(-1.03839181803016,13.6557149457403,0.));
#7573=CARTESIAN_POINT('Ctrl Pts',(-1.03839181803016,13.6557149457403,-3.));
#7574=CARTESIAN_POINT('Ctrl Pts',(-1.34531217458513,13.8164518928926,0.));
#7575=CARTESIAN_POINT('Ctrl Pts',(-1.34531217458513,13.8164518928926,-3.));
#7576=CARTESIAN_POINT('Ctrl Pts',(-1.54236872848125,14.1006809477199,0.));
#7577=CARTESIAN_POINT('Ctrl Pts',(-1.54236872848125,14.1006809477199,-3.));
#7578=CARTESIAN_POINT('Ctrl Pts',(-1.63636342494811,14.2362563610077,0.));
#7579=CARTESIAN_POINT('Ctrl Pts',(-1.63636342494811,14.2362563610077,-3.));
#7580=CARTESIAN_POINT('',(-0.87787047832335,13.571648478508,0.));
#7581=CARTESIAN_POINT('Ctrl Pts',(-1.63636342494811,14.2362563610077,0.));
#7582=CARTESIAN_POINT('Ctrl Pts',(-1.54236872848125,14.1006809477199,0.));
#7583=CARTESIAN_POINT('Ctrl Pts',(-1.34531217458513,13.8164518928926,0.));
#7584=CARTESIAN_POINT('Ctrl Pts',(-1.03839181803016,13.6557149457403,0.));
#7585=CARTESIAN_POINT('Ctrl Pts',(-0.87787047832335,13.571648478508,0.));
#7586=CARTESIAN_POINT('',(-0.87787047832335,13.571648478508,-3.));
#7587=CARTESIAN_POINT('Ctrl Pts',(-0.87787047832335,13.571648478508,-3.));
#7588=CARTESIAN_POINT('Ctrl Pts',(-1.03839181803016,13.6557149457403,-3.));
#7589=CARTESIAN_POINT('Ctrl Pts',(-1.34531217458513,13.8164518928926,-3.));
#7590=CARTESIAN_POINT('Ctrl Pts',(-1.54236872848125,14.1006809477199,-3.));
#7591=CARTESIAN_POINT('Ctrl Pts',(-1.63636342494811,14.2362563610077,-3.));
#7592=CARTESIAN_POINT('',(-0.87787047832335,13.571648478508,0.));
#7593=CARTESIAN_POINT('Ctrl Pts',(0.387109361001601,13.3319942951202,0.));
#7594=CARTESIAN_POINT('Ctrl Pts',(0.387109361001601,13.3319942951202,-3.));
#7595=CARTESIAN_POINT('Ctrl Pts',(0.155633764613681,13.339118211902,0.));
#7596=CARTESIAN_POINT('Ctrl Pts',(0.155633764613681,13.339118211902,-3.));
#7597=CARTESIAN_POINT('Ctrl Pts',(-0.279107504218388,13.3524978539425,0.));
#7598=CARTESIAN_POINT('Ctrl Pts',(-0.279107504218388,13.3524978539425,-3.));
#7599=CARTESIAN_POINT('Ctrl Pts',(-0.687107728434375,13.501828236459,0.));
#7600=CARTESIAN_POINT('Ctrl Pts',(-0.687107728434375,13.501828236459,-3.));
#7601=CARTESIAN_POINT('Ctrl Pts',(-0.87787047832335,13.571648478508,0.));
#7602=CARTESIAN_POINT('Ctrl Pts',(-0.87787047832335,13.571648478508,-3.));
#7603=CARTESIAN_POINT('',(0.387109361001601,13.3319942951202,0.));
#7604=CARTESIAN_POINT('Ctrl Pts',(-0.87787047832335,13.571648478508,0.));
#7605=CARTESIAN_POINT('Ctrl Pts',(-0.687107728434375,13.501828236459,0.));
#7606=CARTESIAN_POINT('Ctrl Pts',(-0.279107504218388,13.3524978539425,0.));
#7607=CARTESIAN_POINT('Ctrl Pts',(0.155633764613681,13.339118211902,0.));
#7608=CARTESIAN_POINT('Ctrl Pts',(0.387109361001601,13.3319942951202,0.));
#7609=CARTESIAN_POINT('',(0.387109361001601,13.3319942951202,-3.));
#7610=CARTESIAN_POINT('Ctrl Pts',(0.387109361001601,13.3319942951202,-3.));
#7611=CARTESIAN_POINT('Ctrl Pts',(0.155633764613681,13.339118211902,-3.));
#7612=CARTESIAN_POINT('Ctrl Pts',(-0.279107504218388,13.3524978539425,-3.));
#7613=CARTESIAN_POINT('Ctrl Pts',(-0.687107728434375,13.501828236459,-3.));
#7614=CARTESIAN_POINT('Ctrl Pts',(-0.87787047832335,13.571648478508,-3.));
#7615=CARTESIAN_POINT('',(0.387109361001601,13.3319942951202,0.));
#7616=CARTESIAN_POINT('Ctrl Pts',(1.76820858509218,13.5938845872879,0.));
#7617=CARTESIAN_POINT('Ctrl Pts',(1.76820858509218,13.5938845872879,-3.));
#7618=CARTESIAN_POINT('Ctrl Pts',(1.56012768036187,13.5175882093677,0.));
#7619=CARTESIAN_POINT('Ctrl Pts',(1.56012768036187,13.5175882093677,-3.));
#7620=CARTESIAN_POINT('Ctrl Pts',(1.11473374676162,13.3542770015212,0.));
#7621=CARTESIAN_POINT('Ctrl Pts',(1.11473374676162,13.3542770015212,-3.));
#7622=CARTESIAN_POINT('Ctrl Pts',(0.64003595521644,13.3397398973158,0.));
#7623=CARTESIAN_POINT('Ctrl Pts',(0.64003595521644,13.3397398973158,-3.));
#7624=CARTESIAN_POINT('Ctrl Pts',(0.387109361001601,13.3319942951202,0.));
#7625=CARTESIAN_POINT('Ctrl Pts',(0.387109361001601,13.3319942951202,-3.));
#7626=CARTESIAN_POINT('',(1.76820858509218,13.5938845872879,0.));
#7627=CARTESIAN_POINT('Ctrl Pts',(0.387109361001601,13.3319942951202,0.));
#7628=CARTESIAN_POINT('Ctrl Pts',(0.64003595521644,13.3397398973158,0.));
#7629=CARTESIAN_POINT('Ctrl Pts',(1.11473374676162,13.3542770015212,0.));
#7630=CARTESIAN_POINT('Ctrl Pts',(1.56012768036187,13.5175882093677,0.));
#7631=CARTESIAN_POINT('Ctrl Pts',(1.76820858509218,13.5938845872879,0.));
#7632=CARTESIAN_POINT('',(1.76820858509218,13.5938845872879,-3.));
#7633=CARTESIAN_POINT('Ctrl Pts',(1.76820858509218,13.5938845872879,-3.));
#7634=CARTESIAN_POINT('Ctrl Pts',(1.56012768036187,13.5175882093677,-3.));
#7635=CARTESIAN_POINT('Ctrl Pts',(1.11473374676162,13.3542770015212,-3.));
#7636=CARTESIAN_POINT('Ctrl Pts',(0.64003595521644,13.3397398973158,-3.));
#7637=CARTESIAN_POINT('Ctrl Pts',(0.387109361001601,13.3319942951202,-3.));
#7638=CARTESIAN_POINT('',(1.76820858509218,13.5938845872879,0.));
#7639=CARTESIAN_POINT('Ctrl Pts',(2.52422913105165,14.2535506486893,0.));
#7640=CARTESIAN_POINT('Ctrl Pts',(2.52422913105165,14.2535506486893,-3.));
#7641=CARTESIAN_POINT('Ctrl Pts',(2.43852554244605,14.1232292582232,0.));
#7642=CARTESIAN_POINT('Ctrl Pts',(2.43852554244605,14.1232292582232,-3.));
#7643=CARTESIAN_POINT('Ctrl Pts',(2.24868090869847,13.8345503703839,0.));
#7644=CARTESIAN_POINT('Ctrl Pts',(2.24868090869847,13.8345503703839,-3.));
#7645=CARTESIAN_POINT('Ctrl Pts',(1.93841037904063,13.6791376726634,0.));
#7646=CARTESIAN_POINT('Ctrl Pts',(1.93841037904063,13.6791376726634,-3.));
#7647=CARTESIAN_POINT('Ctrl Pts',(1.76820858509218,13.5938845872879,0.));
#7648=CARTESIAN_POINT('Ctrl Pts',(1.76820858509218,13.5938845872879,-3.));
#7649=CARTESIAN_POINT('',(2.52422913105165,14.2535506486893,0.));
#7650=CARTESIAN_POINT('Ctrl Pts',(1.76820858509218,13.5938845872879,0.));
#7651=CARTESIAN_POINT('Ctrl Pts',(1.93841037904063,13.6791376726634,0.));
#7652=CARTESIAN_POINT('Ctrl Pts',(2.24868090869847,13.8345503703839,0.));
#7653=CARTESIAN_POINT('Ctrl Pts',(2.43852554244605,14.1232292582232,0.));
#7654=CARTESIAN_POINT('Ctrl Pts',(2.52422913105165,14.2535506486893,0.));
#7655=CARTESIAN_POINT('',(2.52422913105165,14.2535506486893,-3.));
#7656=CARTESIAN_POINT('Ctrl Pts',(2.52422913105165,14.2535506486893,-3.));
#7657=CARTESIAN_POINT('Ctrl Pts',(2.43852554244605,14.1232292582232,-3.));
#7658=CARTESIAN_POINT('Ctrl Pts',(2.24868090869847,13.8345503703839,-3.));
#7659=CARTESIAN_POINT('Ctrl Pts',(1.93841037904063,13.6791376726634,-3.));
#7660=CARTESIAN_POINT('Ctrl Pts',(1.76820858509218,13.5938845872879,-3.));
#7661=CARTESIAN_POINT('',(2.52422913105165,14.2535506486893,0.));
#7662=CARTESIAN_POINT('Ctrl Pts',(2.70953043491517,15.6050025224686,0.));
#7663=CARTESIAN_POINT('Ctrl Pts',(2.70953043491517,15.6050025224686,-3.));
#7664=CARTESIAN_POINT('Ctrl Pts',(2.70978980841588,15.3309810204423,0.));
#7665=CARTESIAN_POINT('Ctrl Pts',(2.70978980841588,15.3309810204423,-3.));
#7666=CARTESIAN_POINT('Ctrl Pts',(2.71022541603683,14.8707726558136,0.));
#7667=CARTESIAN_POINT('Ctrl Pts',(2.71022541603683,14.8707726558136,-3.));
#7668=CARTESIAN_POINT('Ctrl Pts',(2.57780326541745,14.4313344939195,0.));
#7669=CARTESIAN_POINT('Ctrl Pts',(2.57780326541745,14.4313344939195,-3.));
#7670=CARTESIAN_POINT('Ctrl Pts',(2.52422913105165,14.2535506486893,0.));
#7671=CARTESIAN_POINT('Ctrl Pts',(2.52422913105165,14.2535506486893,-3.));
#7672=CARTESIAN_POINT('',(2.70953043491517,15.6050025224686,0.));
#7673=CARTESIAN_POINT('Ctrl Pts',(2.52422913105165,14.2535506486893,0.));
#7674=CARTESIAN_POINT('Ctrl Pts',(2.57780326541745,14.4313344939195,0.));
#7675=CARTESIAN_POINT('Ctrl Pts',(2.71022541603683,14.8707726558136,0.));
#7676=CARTESIAN_POINT('Ctrl Pts',(2.70978980841588,15.3309810204423,0.));
#7677=CARTESIAN_POINT('Ctrl Pts',(2.70953043491517,15.6050025224686,0.));
#7678=CARTESIAN_POINT('',(2.70953043491517,15.6050025224686,-3.));
#7679=CARTESIAN_POINT('Ctrl Pts',(2.70953043491517,15.6050025224686,-3.));
#7680=CARTESIAN_POINT('Ctrl Pts',(2.70978980841588,15.3309810204423,-3.));
#7681=CARTESIAN_POINT('Ctrl Pts',(2.71022541603683,14.8707726558136,-3.));
#7682=CARTESIAN_POINT('Ctrl Pts',(2.57780326541745,14.4313344939195,-3.));
#7683=CARTESIAN_POINT('Ctrl Pts',(2.52422913105165,14.2535506486893,-3.));
#7684=CARTESIAN_POINT('',(2.70953043491517,15.6050025224686,0.));
#7685=CARTESIAN_POINT('Origin',(2.70953043491517,15.9212468862534,0.));
#7686=CARTESIAN_POINT('',(2.70953043491517,24.7106234431267,0.));
#7687=CARTESIAN_POINT('',(2.70953043491517,15.6050025224686,-3.));
#7688=CARTESIAN_POINT('Origin',(3.3420197585312,17.4999995827675,-3.));
#7689=CARTESIAN_POINT('Origin',(-10.6814541003021,17.1121053695679,0.));
#7690=CARTESIAN_POINT('',(-9.48812381236876,13.4999989271164,0.));
#7691=CARTESIAN_POINT('',(-10.6814541003021,17.1121053695679,0.));
#7692=CARTESIAN_POINT('',(-12.842564463833,23.6535974827678,0.));
#7693=CARTESIAN_POINT('',(-9.48812381236876,13.4999989271164,-3.));
#7694=CARTESIAN_POINT('',(-9.48812381236876,13.4999989271164,0.));
#7695=CARTESIAN_POINT('',(-10.6814541003021,17.1121053695679,-3.));
#7696=CARTESIAN_POINT('',(-9.48812381236876,13.4999989271164,-3.));
#7697=CARTESIAN_POINT('',(-10.6814541003021,17.1121053695679,0.));
#7698=CARTESIAN_POINT('Origin',(-9.37447444408263,21.4999996423721,0.));
#7699=CARTESIAN_POINT('',(-9.37447444408263,21.4999996423721,0.));
#7700=CARTESIAN_POINT('',(-7.55470991937443,27.6094553617644,0.));
#7701=CARTESIAN_POINT('',(-9.37447444408263,21.4999996423721,-3.));
#7702=CARTESIAN_POINT('',(-10.6814541003021,17.1121053695679,-3.));
#7703=CARTESIAN_POINT('',(-9.37447444408263,21.4999996423721,0.));
#7704=CARTESIAN_POINT('Origin',(-11.5239490649017,21.4999996423721,0.));
#7705=CARTESIAN_POINT('',(-11.5239490649017,21.4999996423721,0.));
#7706=CARTESIAN_POINT('',(-8.26197453245086,21.4999996423721,0.));
#7707=CARTESIAN_POINT('',(-11.5239490649017,21.4999996423721,-3.));
#7708=CARTESIAN_POINT('',(-9.37447444408263,21.4999996423721,-3.));
#7709=CARTESIAN_POINT('',(-11.5239490649017,21.4999996423721,0.));
#7710=CARTESIAN_POINT('Origin',(-12.3664440295013,18.0707221031189,0.));
#7711=CARTESIAN_POINT('',(-12.3664440295013,18.0707221031189,0.));
#7712=CARTESIAN_POINT('',(-10.3693630793473,26.1996073003004,0.));
#7713=CARTESIAN_POINT('',(-12.3664440295013,18.0707221031189,-3.));
#7714=CARTESIAN_POINT('',(-11.5239490649017,21.4999996423721,-3.));
#7715=CARTESIAN_POINT('',(-12.3664440295013,18.0707221031189,0.));
#7716=CARTESIAN_POINT('Origin',(-12.3664440295013,21.4999996423721,0.));
#7717=CARTESIAN_POINT('',(-12.3664440295013,21.4999996423721,0.));
#7718=CARTESIAN_POINT('',(-12.3664440295013,27.4999998211861,0.));
#7719=CARTESIAN_POINT('',(-12.3664440295013,21.4999996423721,-3.));
#7720=CARTESIAN_POINT('',(-12.3664440295013,18.0707221031189,-3.));
#7721=CARTESIAN_POINT('',(-12.3664440295013,21.4999996423721,0.));
#7722=CARTESIAN_POINT('Origin',(-14.4467414995941,21.4999996423721,0.));
#7723=CARTESIAN_POINT('',(-14.4467414995941,21.4999996423721,0.));
#7724=CARTESIAN_POINT('',(-9.72337074979705,21.4999996423721,0.));
#7725=CARTESIAN_POINT('',(-14.4467414995941,21.4999996423721,-3.));
#7726=CARTESIAN_POINT('',(-12.3664440295013,21.4999996423721,-3.));
#7727=CARTESIAN_POINT('',(-14.4467414995941,21.4999996423721,0.));
#7728=CARTESIAN_POINT('Origin',(-14.4467414995941,13.4999989271164,0.));
#7729=CARTESIAN_POINT('',(-14.4467414995941,13.4999989271164,0.));
#7730=CARTESIAN_POINT('',(-14.4467414995941,23.4999994635582,0.));
#7731=CARTESIAN_POINT('',(-14.4467414995941,13.4999989271164,-3.));
#7732=CARTESIAN_POINT('',(-14.4467414995941,21.4999996423721,-3.));
#7733=CARTESIAN_POINT('',(-14.4467414995941,13.4999989271164,0.));
#7734=CARTESIAN_POINT('Origin',(-12.3664440295013,13.4999989271164,0.));
#7735=CARTESIAN_POINT('',(-12.3664440295013,13.4999989271164,0.));
#7736=CARTESIAN_POINT('',(-8.68322201475067,13.4999989271164,0.));
#7737=CARTESIAN_POINT('',(-12.3664440295013,13.4999989271164,-3.));
#7738=CARTESIAN_POINT('',(-14.4467414995941,13.4999989271164,-3.));
#7739=CARTESIAN_POINT('',(-12.3664440295013,13.4999989271164,0.));
#7740=CARTESIAN_POINT('Origin',(-12.3664440295013,16.6080902814865,0.));
#7741=CARTESIAN_POINT('',(-12.3664440295013,16.6080902814865,0.));
#7742=CARTESIAN_POINT('',(-12.3664440295013,25.0540451407432,0.));
#7743=CARTESIAN_POINT('',(-12.3664440295013,16.6080902814865,-3.));
#7744=CARTESIAN_POINT('',(-12.3664440295013,13.4999989271164,-3.));
#7745=CARTESIAN_POINT('',(-12.3664440295013,16.6080902814865,0.));
#7746=CARTESIAN_POINT('Origin',(-11.4399470469269,13.4999989271164,0.));
#7747=CARTESIAN_POINT('',(-11.4399470469269,13.4999989271164,0.));
#7748=CARTESIAN_POINT('',(-13.9148285945566,21.8024090654677,0.));
#7749=CARTESIAN_POINT('',(-11.4399470469269,13.4999989271164,-3.));
#7750=CARTESIAN_POINT('',(-12.3664440295013,16.6080902814865,-3.));
#7751=CARTESIAN_POINT('',(-11.4399470469269,13.4999989271164,0.));
#7752=CARTESIAN_POINT('Origin',(-9.48812381236876,13.4999989271164,0.));
#7753=CARTESIAN_POINT('',(-7.24406190618438,13.4999989271164,0.));
#7754=CARTESIAN_POINT('',(-11.4399470469269,13.4999989271164,-3.));
#7755=CARTESIAN_POINT('Origin',(3.3420197585312,17.4999995827675,-3.));
#7756=CARTESIAN_POINT('Origin',(38.3431457182107,22.0000003576279,0.));
#7757=CARTESIAN_POINT('',(-31.6568542817893,22.0000003576279,0.));
#7758=CARTESIAN_POINT('',(38.3431457182107,22.0000003576279,0.));
#7759=CARTESIAN_POINT('',(16.6715728591053,22.0000003576279,0.));
#7760=CARTESIAN_POINT('',(-31.6568542817893,22.0000003576279,-10.));
#7761=CARTESIAN_POINT('',(-31.6568542817893,22.0000003576279,0.));
#7762=CARTESIAN_POINT('',(38.3431457182107,22.0000003576279,-10.));
#7763=CARTESIAN_POINT('',(38.3431457182107,22.0000003576279,-10.));
#7764=CARTESIAN_POINT('',(38.3431457182107,22.0000003576279,0.));
#7765=CARTESIAN_POINT('Origin',(38.3431457182107,24.0000003576279,0.));
#7766=CARTESIAN_POINT('',(38.3431457182107,24.0000003576279,0.));
#7767=CARTESIAN_POINT('',(38.3431457182107,28.7500001788139,0.));
#7768=CARTESIAN_POINT('',(38.3431457182107,24.0000003576279,-10.));
#7769=CARTESIAN_POINT('',(38.3431457182107,24.0000003576279,-10.));
#7770=CARTESIAN_POINT('',(38.3431457182107,24.0000003576279,0.));
#7771=CARTESIAN_POINT('Origin',(-31.6568542817893,24.0000003576279,0.));
#7772=CARTESIAN_POINT('',(-31.6568542817893,24.0000003576279,0.));
#7773=CARTESIAN_POINT('',(-18.3284271408947,24.0000003576279,0.));
#7774=CARTESIAN_POINT('',(-31.6568542817893,24.0000003576279,-10.));
#7775=CARTESIAN_POINT('',(-31.6568542817893,24.0000003576279,-10.));
#7776=CARTESIAN_POINT('',(-31.6568542817893,24.0000003576279,0.));
#7777=CARTESIAN_POINT('Origin',(-31.6568542817893,22.0000003576279,0.));
#7778=CARTESIAN_POINT('',(-31.6568542817893,27.7500001788139,0.));
#7779=CARTESIAN_POINT('',(-31.6568542817893,22.0000003576279,-10.));
#7780=CARTESIAN_POINT('Origin',(3.34314571821069,23.0000003576279,-10.));
#7781=CARTESIAN_POINT('Origin',(-50.,47.58,4.1));
#7782=CARTESIAN_POINT('',(-51.,47.58,4.1));
#7783=CARTESIAN_POINT('',(-51.,39.58,4.1));
#7784=CARTESIAN_POINT('',(-51.,42.082893498522,4.1));
#7785=CARTESIAN_POINT('',(-54.,47.58,4.1));
#7786=CARTESIAN_POINT('',(-50.,47.58,4.1));
#7787=CARTESIAN_POINT('',(-54.,39.58,4.1));
#7788=CARTESIAN_POINT('',(-54.,50.79,4.1));
#7789=CARTESIAN_POINT('',(-50.,39.58,4.1));
#7790=CARTESIAN_POINT('Origin',(-50.,39.58,5.1));
#7791=CARTESIAN_POINT('',(-51.,38.58,5.1));
#7792=CARTESIAN_POINT('Origin',(-51.,39.58,5.1));
#7793=CARTESIAN_POINT('',(-54.,38.58,5.1));
#7794=CARTESIAN_POINT('Origin',(-54.,39.58,5.1));
#7795=CARTESIAN_POINT('',(-50.,38.58,5.1));
#7796=CARTESIAN_POINT('Origin',(-50.,38.58,5.1));
#7797=CARTESIAN_POINT('',(-51.,38.58,7.10000000000001));
#7798=CARTESIAN_POINT('',(-51.,38.58,2.55));
#7799=CARTESIAN_POINT('',(-54.,38.58,7.10000000000001));
#7800=CARTESIAN_POINT('',(-54.,38.58,2.55000000000002));
#7801=CARTESIAN_POINT('',(-50.,38.58,7.10000000000001));
#7802=CARTESIAN_POINT('Origin',(-50.,39.58,7.10000000000001));
#7803=CARTESIAN_POINT('',(-51.,39.58,8.10000000000001));
#7804=CARTESIAN_POINT('Origin',(-51.,39.58,7.10000000000001));
#7805=CARTESIAN_POINT('',(-54.,39.58,8.10000000000001));
#7806=CARTESIAN_POINT('Origin',(-54.,39.58,7.10000000000001));
#7807=CARTESIAN_POINT('',(-50.,39.58,8.10000000000001));
#7808=CARTESIAN_POINT('Origin',(-50.,39.58,8.10000000000001));
#7809=CARTESIAN_POINT('',(-51.,47.58,8.10000000000001));
#7810=CARTESIAN_POINT('',(-51.,38.0828934985221,8.10000000000001));
#7811=CARTESIAN_POINT('',(-54.,47.58,8.10000000000001));
#7812=CARTESIAN_POINT('',(-54.,46.79,8.10000000000001));
#7813=CARTESIAN_POINT('',(-50.,47.58,8.10000000000001));
#7814=CARTESIAN_POINT('Origin',(-50.,47.58,5.1));
#7815=CARTESIAN_POINT('',(-51.,48.58,5.1));
#7816=CARTESIAN_POINT('Origin',(-51.,47.58,5.1));
#7817=CARTESIAN_POINT('',(-54.,48.58,5.1));
#7818=CARTESIAN_POINT('',(-50.,48.58,5.1));
#7819=CARTESIAN_POINT('Origin',(-54.,47.58,5.1));
#7820=CARTESIAN_POINT('Origin',(-50.,48.58,7.1));
#7821=CARTESIAN_POINT('',(-51.,48.58,7.1));
#7822=CARTESIAN_POINT('',(-51.,48.58,3.55));
#7823=CARTESIAN_POINT('',(-54.,48.58,7.1));
#7824=CARTESIAN_POINT('',(-50.,48.58,7.1));
#7825=CARTESIAN_POINT('',(-54.,48.58,3.55));
#7826=CARTESIAN_POINT('Origin',(-50.,47.58,7.10000000000001));
#7827=CARTESIAN_POINT('Origin',(-51.,47.58,7.10000000000001));
#7828=CARTESIAN_POINT('Origin',(-54.,47.58,7.10000000000001));
#7829=CARTESIAN_POINT('Origin',(40.,37.1,4.1));
#7830=CARTESIAN_POINT('',(41.,37.1,4.1));
#7831=CARTESIAN_POINT('',(41.,45.1,4.1));
#7832=CARTESIAN_POINT('',(41.,44.05,4.1));
#7833=CARTESIAN_POINT('',(44.,37.1,4.1));
#7834=CARTESIAN_POINT('',(40.,37.1,4.1));
#7835=CARTESIAN_POINT('',(44.,45.1,4.1));
#7836=CARTESIAN_POINT('',(44.,25.05,4.10000000000001));
#7837=CARTESIAN_POINT('',(40.,45.1,4.1));
#7838=CARTESIAN_POINT('Origin',(40.,45.1,5.1));
#7839=CARTESIAN_POINT('',(41.,46.1,5.10000000000001));
#7840=CARTESIAN_POINT('Origin',(41.,45.1,5.1));
#7841=CARTESIAN_POINT('',(44.,46.1,5.10000000000001));
#7842=CARTESIAN_POINT('Origin',(44.,45.1,5.1));
#7843=CARTESIAN_POINT('',(40.,46.1,5.10000000000001));
#7844=CARTESIAN_POINT('Origin',(40.,46.1,5.10000000000001));
#7845=CARTESIAN_POINT('',(41.,46.1,7.1));
#7846=CARTESIAN_POINT('',(41.,46.1,2.55000000000003));
#7847=CARTESIAN_POINT('',(44.,46.1,7.1));
#7848=CARTESIAN_POINT('',(44.,46.1,2.54999999999986));
#7849=CARTESIAN_POINT('',(40.,46.1,7.1));
#7850=CARTESIAN_POINT('Origin',(40.,45.1,7.1));
#7851=CARTESIAN_POINT('',(41.,45.1,8.10000000000002));
#7852=CARTESIAN_POINT('Origin',(41.,45.1,7.1));
#7853=CARTESIAN_POINT('',(44.,45.1,8.10000000000002));
#7854=CARTESIAN_POINT('Origin',(44.,45.1,7.1));
#7855=CARTESIAN_POINT('',(40.,45.1,8.10000000000002));
#7856=CARTESIAN_POINT('Origin',(40.,45.1,8.10000000000002));
#7857=CARTESIAN_POINT('',(41.,37.1,8.1));
#7858=CARTESIAN_POINT('',(41.,48.05,8.10000000000002));
#7859=CARTESIAN_POINT('',(44.,37.1,8.1));
#7860=CARTESIAN_POINT('',(44.,29.05,8.09999999999998));
#7861=CARTESIAN_POINT('',(40.,37.1,8.1));
#7862=CARTESIAN_POINT('Origin',(40.,37.1,5.1));
#7863=CARTESIAN_POINT('',(41.,36.1,5.1));
#7864=CARTESIAN_POINT('Origin',(41.,37.1,5.1));
#7865=CARTESIAN_POINT('',(44.,36.1,5.1));
#7866=CARTESIAN_POINT('',(40.,36.1,5.1));
#7867=CARTESIAN_POINT('Origin',(44.,37.1,5.1));
#7868=CARTESIAN_POINT('Origin',(40.,36.1,7.1));
#7869=CARTESIAN_POINT('',(41.,36.1,7.1));
#7870=CARTESIAN_POINT('',(41.,36.1,3.54999999999998));
#7871=CARTESIAN_POINT('',(44.,36.1,7.1));
#7872=CARTESIAN_POINT('',(40.,36.1,7.1));
#7873=CARTESIAN_POINT('',(44.,36.1,3.55000000000003));
#7874=CARTESIAN_POINT('Origin',(40.,37.1,7.1));
#7875=CARTESIAN_POINT('Origin',(41.,37.1,7.1));
#7876=CARTESIAN_POINT('Origin',(44.,37.1,7.1));
#7877=CARTESIAN_POINT('Origin',(-27.45,17.,4.1));
#7878=CARTESIAN_POINT('',(-27.45,16.,4.1));
#7879=CARTESIAN_POINT('',(-13.25,16.,4.1));
#7880=CARTESIAN_POINT('',(6.775,16.,4.1));
#7881=CARTESIAN_POINT('',(-27.45,13.,4.1));
#7882=CARTESIAN_POINT('',(-27.45,17.,4.1));
#7883=CARTESIAN_POINT('',(-13.25,13.,4.1));
#7884=CARTESIAN_POINT('',(-29.5534271408947,13.,4.1));
#7885=CARTESIAN_POINT('',(-13.25,17.,4.1));
#7886=CARTESIAN_POINT('Origin',(-13.25,17.,4.1));
#7887=CARTESIAN_POINT('',(-13.25,16.,11.4));
#7888=CARTESIAN_POINT('',(-13.25,16.,2.05));
#7889=CARTESIAN_POINT('',(-13.25,13.,11.4));
#7890=CARTESIAN_POINT('',(-13.25,13.,2.05));
#7891=CARTESIAN_POINT('',(-13.25,17.,11.4));
#7892=CARTESIAN_POINT('Origin',(-13.25,17.,11.4));
#7893=CARTESIAN_POINT('',(-27.45,16.,11.4));
#7894=CARTESIAN_POINT('',(13.875,16.,11.4));
#7895=CARTESIAN_POINT('',(-27.45,13.,11.4));
#7896=CARTESIAN_POINT('',(-22.4534271408947,13.,11.4));
#7897=CARTESIAN_POINT('',(-27.45,17.,11.4));
#7898=CARTESIAN_POINT('Origin',(-27.45,17.,11.4));
#7899=CARTESIAN_POINT('',(-27.45,16.,5.7));
#7900=CARTESIAN_POINT('',(-27.45,13.,5.7));
#7901=CARTESIAN_POINT('Origin',(-9.1,17.,4.1));
#7902=CARTESIAN_POINT('',(-9.1,16.,4.1));
#7903=CARTESIAN_POINT('',(20.4,16.,4.1));
#7904=CARTESIAN_POINT('',(15.95,16.,4.1));
#7905=CARTESIAN_POINT('',(-9.1,13.,4.1));
#7906=CARTESIAN_POINT('',(-9.1,17.,4.1));
#7907=CARTESIAN_POINT('',(20.4,13.,4.1));
#7908=CARTESIAN_POINT('',(-20.3784271408947,13.,4.1));
#7909=CARTESIAN_POINT('',(20.4,17.,4.1));
#7910=CARTESIAN_POINT('Origin',(20.4,17.,4.1));
#7911=CARTESIAN_POINT('',(20.4,16.,8.1));
#7912=CARTESIAN_POINT('',(20.4,16.,2.04999999999999));
#7913=CARTESIAN_POINT('',(20.4,13.,8.1));
#7914=CARTESIAN_POINT('',(20.4,13.,2.05000000000003));
#7915=CARTESIAN_POINT('',(20.4,17.,8.1));
#7916=CARTESIAN_POINT('Origin',(20.4,17.,8.1));
#7917=CARTESIAN_POINT('',(-9.1,16.,8.1));
#7918=CARTESIAN_POINT('',(30.7,16.,8.1));
#7919=CARTESIAN_POINT('',(-9.1,13.,8.1));
#7920=CARTESIAN_POINT('',(-5.62842714089466,13.,8.1));
#7921=CARTESIAN_POINT('',(-9.1,17.,8.1));
#7922=CARTESIAN_POINT('Origin',(-9.1,17.,8.1));
#7923=CARTESIAN_POINT('',(-9.1,16.,4.04999999999999));
#7924=CARTESIAN_POINT('',(-9.1,13.,4.05000000000001));
#7925=CARTESIAN_POINT('Origin',(38.3,17.,4.1));
#7926=CARTESIAN_POINT('',(38.3,16.,4.1));
#7927=CARTESIAN_POINT('',(38.3,16.,11.4));
#7928=CARTESIAN_POINT('',(38.3,16.,2.05));
#7929=CARTESIAN_POINT('',(38.3,13.,4.1));
#7930=CARTESIAN_POINT('',(38.3,17.,4.1));
#7931=CARTESIAN_POINT('',(38.3,13.,11.4));
#7932=CARTESIAN_POINT('',(38.3,13.,2.05));
#7933=CARTESIAN_POINT('',(38.3,17.,11.4));
#7934=CARTESIAN_POINT('Origin',(38.3,17.,11.4));
#7935=CARTESIAN_POINT('',(24.1,16.,11.4));
#7936=CARTESIAN_POINT('',(39.65,16.,11.4));
#7937=CARTESIAN_POINT('',(24.1,13.,11.4));
#7938=CARTESIAN_POINT('',(3.32157285910535,13.,11.4));
#7939=CARTESIAN_POINT('',(24.1,17.,11.4));
#7940=CARTESIAN_POINT('Origin',(24.1,17.,11.4));
#7941=CARTESIAN_POINT('',(24.1,16.,4.1));
#7942=CARTESIAN_POINT('',(24.1,16.,5.7));
#7943=CARTESIAN_POINT('',(24.1,13.,4.1));
#7944=CARTESIAN_POINT('',(24.1,13.,5.7));
#7945=CARTESIAN_POINT('',(24.1,17.,4.1));
#7946=CARTESIAN_POINT('Origin',(24.1,17.,4.1));
#7947=CARTESIAN_POINT('',(32.55,16.,4.1));
#7948=CARTESIAN_POINT('',(-3.77842714089465,13.,4.1));
#7949=CARTESIAN_POINT('Origin',(-5.,33.5,3.));
#7950=CARTESIAN_POINT('',(-51.,51.,3.));
#7951=CARTESIAN_POINT('',(41.,51.,3.));
#7952=CARTESIAN_POINT('',(-28.,51.,3.));
#7953=CARTESIAN_POINT('',(-51.,36.5857869970441,3.));
#7954=CARTESIAN_POINT('',(-51.,35.042893498522,3.));
#7955=CARTESIAN_POINT('',(-30.4142135704473,16.,3.));
#7956=CARTESIAN_POINT('',(-28.4356603529848,14.0214467279944,3.));
#7957=CARTESIAN_POINT('',(41.,16.,3.));
#7958=CARTESIAN_POINT('',(18.,16.,3.));
#7959=CARTESIAN_POINT('',(41.,42.25,3.));
#7960=CARTESIAN_POINT('Origin',(41.,16.,0.));
#7961=CARTESIAN_POINT('',(-30.4142135704473,16.,11.9));
#7962=CARTESIAN_POINT('',(-30.4142135704473,16.,0.));
#7963=CARTESIAN_POINT('',(41.,16.,11.9));
#7964=CARTESIAN_POINT('',(41.,16.,11.9));
#7965=CARTESIAN_POINT('',(41.,16.,0.));
#7966=CARTESIAN_POINT('Origin',(-30.4142135704473,16.,0.));
#7967=CARTESIAN_POINT('',(-51.,36.5857869970441,11.9));
#7968=CARTESIAN_POINT('',(-51.,36.5857869970441,0.));
#7969=CARTESIAN_POINT('',(-51.,36.5857869970441,11.9));
#7970=CARTESIAN_POINT('Origin',(-51.,36.5857869970441,0.));
#7971=CARTESIAN_POINT('',(-51.,51.,11.9));
#7972=CARTESIAN_POINT('',(-51.,51.,0.));
#7973=CARTESIAN_POINT('',(-51.,51.,11.9));
#7974=CARTESIAN_POINT('Origin',(-5.,33.5,11.9));
#7975=CARTESIAN_POINT('',(-54.,54.,11.9));
#7976=CARTESIAN_POINT('',(-54.,35.3431463341475,11.9));
#7977=CARTESIAN_POINT('',(-54.,54.,11.9));
#7978=CARTESIAN_POINT('',(-31.6568542817893,13.,11.9));
#7979=CARTESIAN_POINT('',(-54.,35.3431463341475,11.9));
#7980=CARTESIAN_POINT('',(44.,13.,11.9));
#7981=CARTESIAN_POINT('',(44.,13.,11.9));
#7982=CARTESIAN_POINT('',(44.,54.,11.9));
#7983=CARTESIAN_POINT('',(44.,54.,11.9));
#7984=CARTESIAN_POINT('',(-54.,54.,11.9));
#7985=CARTESIAN_POINT('',(41.,51.,11.9));
#7986=CARTESIAN_POINT('',(-51.,51.,11.9));
#7987=CARTESIAN_POINT('',(41.,51.,11.9));
#7988=CARTESIAN_POINT('Origin',(41.,51.,0.));
#7989=CARTESIAN_POINT('',(41.,51.,0.));
#7990=CARTESIAN_POINT('Origin',(-51.,51.,0.));
#7991=CARTESIAN_POINT('Origin',(44.,54.,0.));
#7992=CARTESIAN_POINT('',(-54.,54.,0.));
#7993=CARTESIAN_POINT('',(44.,54.,0.));
#7994=CARTESIAN_POINT('',(-54.,54.,0.));
#7995=CARTESIAN_POINT('',(-54.,54.,0.));
#7996=CARTESIAN_POINT('',(44.,54.,0.));
#7997=CARTESIAN_POINT('Origin',(44.,13.,0.));
#7998=CARTESIAN_POINT('',(44.,13.,0.));
#7999=CARTESIAN_POINT('',(44.,54.,0.));
#8000=CARTESIAN_POINT('',(44.,13.,0.));
#8001=CARTESIAN_POINT('Origin',(-31.6568542817893,13.,0.));
#8002=CARTESIAN_POINT('',(-31.6568542817893,13.,0.));
#8003=CARTESIAN_POINT('',(44.,13.,0.));
#8004=CARTESIAN_POINT('',(-31.6568542817893,13.,0.));
#8005=CARTESIAN_POINT('Origin',(-54.,35.3431463341475,0.));
#8006=CARTESIAN_POINT('',(-54.,35.3431463341475,0.));
#8007=CARTESIAN_POINT('',(-54.,35.3431463341475,0.));
#8008=CARTESIAN_POINT('',(-54.,35.3431463341475,0.));
#8009=CARTESIAN_POINT('Origin',(-54.,54.,0.));
#8010=CARTESIAN_POINT('',(-54.,54.,0.));
#8011=CARTESIAN_POINT('Origin',(-5.,33.5,0.));
#8012=CARTESIAN_POINT('Origin',(44.,13.,11.9));
#8013=CARTESIAN_POINT('',(44.,54.,11.9));
#8014=CARTESIAN_POINT('',(44.,13.,11.9));
#8015=CARTESIAN_POINT('',(44.,23.25,11.9));
#8016=CARTESIAN_POINT('',(44.,54.,14.9));
#8017=CARTESIAN_POINT('',(44.,54.,11.9));
#8018=CARTESIAN_POINT('',(44.,13.,14.9));
#8019=CARTESIAN_POINT('',(44.,23.25,14.9));
#8020=CARTESIAN_POINT('',(44.,13.,11.9));
#8021=CARTESIAN_POINT('Origin',(-31.6568542817893,13.,11.9));
#8022=CARTESIAN_POINT('',(-31.6568542817893,13.,11.9));
#8023=CARTESIAN_POINT('',(-18.3284271408947,13.,11.9));
#8024=CARTESIAN_POINT('',(-31.6568542817893,13.,14.9));
#8025=CARTESIAN_POINT('',(-18.3284271408947,13.,14.9));
#8026=CARTESIAN_POINT('',(-31.6568542817893,13.,11.9));
#8027=CARTESIAN_POINT('Origin',(-54.,35.3431463341475,11.9));
#8028=CARTESIAN_POINT('',(-54.,35.3431463341475,11.9));
#8029=CARTESIAN_POINT('',(-41.2892137541607,22.6323597379081,11.9));
#8030=CARTESIAN_POINT('',(-54.,35.3431463341475,14.9));
#8031=CARTESIAN_POINT('',(-41.2892137541607,22.6323597379081,14.9));
#8032=CARTESIAN_POINT('',(-54.,35.3431463341475,11.9));
#8033=CARTESIAN_POINT('Origin',(-54.,54.,11.9));
#8034=CARTESIAN_POINT('',(-54.,54.,11.9));
#8035=CARTESIAN_POINT('',(-54.,43.75,11.9));
#8036=CARTESIAN_POINT('',(-54.,54.,14.9));
#8037=CARTESIAN_POINT('',(-54.,43.75,14.9));
#8038=CARTESIAN_POINT('',(-54.,54.,11.9));
#8039=CARTESIAN_POINT('Origin',(44.,54.,11.9));
#8040=CARTESIAN_POINT('',(19.5,54.,11.9));
#8041=CARTESIAN_POINT('',(19.5,54.,14.9));
#8042=CARTESIAN_POINT('Origin',(-5.,33.5,14.9));
#8043=CARTESIAN_POINT('Origin',(-5.,33.5,11.9));
#8044=CARTESIAN_POINT('Origin',(40.,17.,3.));
#8045=CARTESIAN_POINT('',(40.,50.,3.));
#8046=CARTESIAN_POINT('',(40.,17.,3.));
#8047=CARTESIAN_POINT('',(40.,25.25,3.));
#8048=CARTESIAN_POINT('',(40.,50.,4.6));
#8049=CARTESIAN_POINT('',(40.,50.,3.));
#8050=CARTESIAN_POINT('',(40.,17.,4.6));
#8051=CARTESIAN_POINT('',(40.,25.25,4.6));
#8052=CARTESIAN_POINT('',(40.,17.,3.));
#8053=CARTESIAN_POINT('Origin',(-30.,17.,3.));
#8054=CARTESIAN_POINT('',(-30.,17.,3.));
#8055=CARTESIAN_POINT('',(-17.5,17.,3.));
#8056=CARTESIAN_POINT('',(-30.,17.,4.6));
#8057=CARTESIAN_POINT('',(-17.5,17.,4.6));
#8058=CARTESIAN_POINT('',(-30.,17.,3.));
#8059=CARTESIAN_POINT('Origin',(-50.,37.000000551343,3.));
#8060=CARTESIAN_POINT('',(-50.,37.000000551343,3.));
#8061=CARTESIAN_POINT('',(-37.8750001722947,24.875000389386,3.));
#8062=CARTESIAN_POINT('',(-50.,37.000000551343,4.6));
#8063=CARTESIAN_POINT('',(-37.8750001722947,24.875000389386,4.6));
#8064=CARTESIAN_POINT('',(-50.,37.000000551343,3.));
#8065=CARTESIAN_POINT('Origin',(-50.,50.,3.));
#8066=CARTESIAN_POINT('',(-50.,50.,3.));
#8067=CARTESIAN_POINT('',(-50.,41.75,3.));
#8068=CARTESIAN_POINT('',(-50.,50.,4.6));
#8069=CARTESIAN_POINT('',(-50.,41.75,4.6));
#8070=CARTESIAN_POINT('',(-50.,50.,3.));
#8071=CARTESIAN_POINT('Origin',(40.,50.,3.));
#8072=CARTESIAN_POINT('',(17.5,50.,3.));
#8073=CARTESIAN_POINT('',(17.5,50.,4.6));
#8074=CARTESIAN_POINT('Origin',(-5.,33.5,4.6));
#8075=CARTESIAN_POINT('Origin',(-5.,33.5,3.));
#8076=UNCERTAINTY_MEASURE_WITH_UNIT(LENGTH_MEASURE(0.01),#8080,
'DISTANCE_ACCURACY_VALUE',
'Maximum model space distance between geometric entities at asserted c
onnectivities');
#8077=UNCERTAINTY_MEASURE_WITH_UNIT(LENGTH_MEASURE(0.01),#8080,
'DISTANCE_ACCURACY_VALUE',
'Maximum model space distance between geometric entities at asserted c
onnectivities');
#8078=(
GEOMETRIC_REPRESENTATION_CONTEXT(3)
GLOBAL_UNCERTAINTY_ASSIGNED_CONTEXT((#8076))
GLOBAL_UNIT_ASSIGNED_CONTEXT((#8080,#8082,#8083))
REPRESENTATION_CONTEXT('','3D')
);
#8079=(
GEOMETRIC_REPRESENTATION_CONTEXT(3)
GLOBAL_UNCERTAINTY_ASSIGNED_CONTEXT((#8077))
GLOBAL_UNIT_ASSIGNED_CONTEXT((#8080,#8082,#8083))
REPRESENTATION_CONTEXT('','3D')
);
#8080=(
LENGTH_UNIT()
NAMED_UNIT(*)
SI_UNIT(.MILLI.,.METRE.)
);
#8081=(
LENGTH_UNIT()
NAMED_UNIT(*)
SI_UNIT($,.METRE.)
);
#8082=(
NAMED_UNIT(*)
PLANE_ANGLE_UNIT()
SI_UNIT($,.RADIAN.)
);
#8083=(
NAMED_UNIT(*)
SI_UNIT($,.STERADIAN.)
SOLID_ANGLE_UNIT()
);
#8084=SHAPE_DEFINITION_REPRESENTATION(#8085,#8086);
#8085=PRODUCT_DEFINITION_SHAPE('',$,#8088);
#8086=SHAPE_REPRESENTATION('',(#4324),#8078);
#8087=PRODUCT_DEFINITION_CONTEXT('part definition',#8092,'design');
#8088=PRODUCT_DEFINITION('2026-07-31-23-58-47-749','USB HUB case',#8089,
#8087);
#8089=PRODUCT_DEFINITION_FORMATION('',$,#8094);
#8090=PRODUCT_RELATED_PRODUCT_CATEGORY('USB HUB case','USB HUB case',(#8094));
#8091=APPLICATION_PROTOCOL_DEFINITION('international standard',
'automotive_design',2009,#8092);
#8092=APPLICATION_CONTEXT(
'Core Data for Automotive Mechanical Design Process');
#8093=PRODUCT_CONTEXT('part definition',#8092,'mechanical');
#8094=PRODUCT('2026-07-31-23-58-47-749','USB HUB case',$,(#8093));
#8095=PRESENTATION_STYLE_ASSIGNMENT((#8096));
#8096=SURFACE_STYLE_USAGE(.BOTH.,#8097);
#8097=SURFACE_SIDE_STYLE('',(#8098));
#8098=SURFACE_STYLE_FILL_AREA(#8099);
#8099=FILL_AREA_STYLE('Steel - Satin',(#8100));
#8100=FILL_AREA_STYLE_COLOUR('Steel - Satin',#8101);
#8101=COLOUR_RGB('Steel - Satin',0.627450980392157,0.627450980392157,0.627450980392157);
ENDSEC;
END-ISO-10303-21;
