ISO-10303-21;
HEADER;
/* Generated by software containing ST-Developer
 * from STEP Tools, Inc. (www.steptools.com) 
 */

FILE_DESCRIPTION(
/* description */ (''),
/* implementation_level */ '2;1');

FILE_NAME(
/* name */ 'USB HUB case.step',
/* time_stamp */ '2026-08-01T02:30:11+02:00',
/* author */ (''),
/* organization */ (''),
/* preprocessor_version */ 'ST-DEVELOPER v20.1',
/* originating_system */ 'Autodesk Translation Framework v15.8.0.0',
/* authorisation */ '');

FILE_SCHEMA (('AUTOMOTIVE_DESIGN { 1 0 10303 214 3 1 1 }'));
ENDSEC;

DATA;
#10=MECHANICAL_DESIGN_GEOMETRIC_PRESENTATION_REPRESENTATION('',(#13),#7711);
#11=SHAPE_REPRESENTATION_RELATIONSHIP('SRR','None',#7718,#12);
#12=ADVANCED_BREP_SHAPE_REPRESENTATION('',(#14),#7710);
#13=STYLED_ITEM('',(#7727),#14);
#14=MANIFOLD_SOLID_BREP('Body1',#4079);
#15=CIRCLE('',#4173,0.999999999999999);
#16=CIRCLE('',#4174,0.999999999999999);
#17=CIRCLE('',#4177,0.999999999999996);
#18=CIRCLE('',#4178,0.999999999999996);
#19=CIRCLE('',#4181,0.999999999999996);
#20=CIRCLE('',#4182,0.999999999999996);
#21=CIRCLE('',#4185,1.);
#22=CIRCLE('',#4186,1.);
#23=CIRCLE('',#4189,0.999999999999998);
#24=CIRCLE('',#4190,0.999999999999998);
#25=CIRCLE('',#4193,1.00000000000001);
#26=CIRCLE('',#4194,1.00000000000001);
#27=CIRCLE('',#4197,0.999999999999996);
#28=CIRCLE('',#4198,0.999999999999996);
#29=CIRCLE('',#4201,1.);
#30=CIRCLE('',#4202,1.);
#31=CYLINDRICAL_SURFACE('',#4172,0.999999999999999);
#32=CYLINDRICAL_SURFACE('',#4176,0.999999999999996);
#33=CYLINDRICAL_SURFACE('',#4180,0.999999999999996);
#34=CYLINDRICAL_SURFACE('',#4184,1.);
#35=CYLINDRICAL_SURFACE('',#4188,0.999999999999998);
#36=CYLINDRICAL_SURFACE('',#4192,1.00000000000001);
#37=CYLINDRICAL_SURFACE('',#4196,0.999999999999996);
#38=CYLINDRICAL_SURFACE('',#4200,1.);
#39=FACE_BOUND('',#618,.T.);
#40=FACE_BOUND('',#619,.T.);
#41=FACE_BOUND('',#682,.T.);
#42=FACE_BOUND('',#683,.T.);
#43=FACE_BOUND('',#769,.T.);
#44=FACE_BOUND('',#770,.T.);
#45=FACE_BOUND('',#771,.T.);
#46=FACE_BOUND('',#774,.T.);
#47=FACE_BOUND('',#776,.T.);
#48=FACE_BOUND('',#778,.T.);
#49=FACE_BOUND('',#782,.T.);
#50=FACE_BOUND('',#784,.T.);
#51=FACE_BOUND('',#785,.T.);
#52=FACE_BOUND('',#786,.T.);
#53=FACE_BOUND('',#789,.T.);
#54=FACE_BOUND('',#791,.T.);
#55=FACE_BOUND('',#792,.T.);
#56=FACE_BOUND('',#793,.T.);
#57=FACE_BOUND('',#794,.T.);
#58=FACE_BOUND('',#795,.T.);
#59=FACE_BOUND('',#796,.T.);
#60=FACE_BOUND('',#797,.T.);
#61=FACE_BOUND('',#798,.T.);
#62=FACE_BOUND('',#799,.T.);
#63=B_SPLINE_CURVE_WITH_KNOTS('',3,(#4927,#4928,#4929,#4930,#4931),
 .UNSPECIFIED.,.F.,.F.,(4,1,4),(0.,0.306870295167722,0.562048098106435),
 .UNSPECIFIED.);
#64=B_SPLINE_CURVE_WITH_KNOTS('',3,(#4933,#4934,#4935,#4936,#4937),
 .UNSPECIFIED.,.F.,.F.,(4,1,4),(-0.562048098106435,-0.306870295167722,0.),
 .UNSPECIFIED.);
#65=B_SPLINE_CURVE_WITH_KNOTS('',3,(#4950,#4951,#4952,#4953,#4954),
 .UNSPECIFIED.,.F.,.F.,(4,1,4),(0.,0.218902932067742,0.412029070828204),
 .UNSPECIFIED.);
#66=B_SPLINE_CURVE_WITH_KNOTS('',3,(#4956,#4957,#4958,#4959,#4960),
 .UNSPECIFIED.,.F.,.F.,(4,1,4),(-0.412029070828204,-0.218902932067742,0.),
 .UNSPECIFIED.);
#67=B_SPLINE_CURVE_WITH_KNOTS('',3,(#4992,#4993,#4994,#4995,#4996),
 .UNSPECIFIED.,.F.,.F.,(4,1,4),(0.,0.0774077245784505,0.127943505728282),
 .UNSPECIFIED.);
#68=B_SPLINE_CURVE_WITH_KNOTS('',3,(#4998,#4999,#5000,#5001,#5002),
 .UNSPECIFIED.,.F.,.F.,(4,1,4),(-0.127943505728282,-0.0774077245784505,
0.),.UNSPECIFIED.);
#69=B_SPLINE_CURVE_WITH_KNOTS('',3,(#5015,#5016,#5017,#5018,#5019),
 .UNSPECIFIED.,.F.,.F.,(4,1,4),(0.,0.0391092792579728,0.0839605250111117),
 .UNSPECIFIED.);
#70=B_SPLINE_CURVE_WITH_KNOTS('',3,(#5021,#5022,#5023,#5024,#5025),
 .UNSPECIFIED.,.F.,.F.,(4,1,4),(-0.0839605250111117,-0.0391092792579728,
0.),.UNSPECIFIED.);
#71=B_SPLINE_CURVE_WITH_KNOTS('',3,(#5038,#5039,#5040,#5041,#5042),
 .UNSPECIFIED.,.F.,.F.,(4,1,4),(0.,0.0479999410746047,0.0976368799027077),
 .UNSPECIFIED.);
#72=B_SPLINE_CURVE_WITH_KNOTS('',3,(#5044,#5045,#5046,#5047,#5048),
 .UNSPECIFIED.,.F.,.F.,(4,1,4),(-0.0976368799027077,-0.0479999410746047,
0.),.UNSPECIFIED.);
#73=B_SPLINE_CURVE_WITH_KNOTS('',3,(#5061,#5062,#5063,#5064,#5065),
 .UNSPECIFIED.,.F.,.F.,(4,1,4),(0.,0.0540706291450847,0.114746637234947),
 .UNSPECIFIED.);
#74=B_SPLINE_CURVE_WITH_KNOTS('',3,(#5067,#5068,#5069,#5070,#5071),
 .UNSPECIFIED.,.F.,.F.,(4,1,4),(-0.114746637234947,-0.0540706291450847,
0.),.UNSPECIFIED.);
#75=B_SPLINE_CURVE_WITH_KNOTS('',3,(#5084,#5085,#5086,#5087,#5088),
 .UNSPECIFIED.,.F.,.F.,(4,1,4),(0.,0.0677094699398091,0.129379427293585),
 .UNSPECIFIED.);
#76=B_SPLINE_CURVE_WITH_KNOTS('',3,(#5090,#5091,#5092,#5093,#5094),
 .UNSPECIFIED.,.F.,.F.,(4,1,4),(-0.129379427293585,-0.0677094699398091,
0.),.UNSPECIFIED.);
#77=B_SPLINE_CURVE_WITH_KNOTS('',3,(#5107,#5108,#5109,#5110,#5111),
 .UNSPECIFIED.,.F.,.F.,(4,1,4),(0.,0.0551605179536194,0.103641228383908),
 .UNSPECIFIED.);
#78=B_SPLINE_CURVE_WITH_KNOTS('',3,(#5113,#5114,#5115,#5116,#5117),
 .UNSPECIFIED.,.F.,.F.,(4,1,4),(-0.103641228383908,-0.0551605179536194,
0.),.UNSPECIFIED.);
#79=B_SPLINE_CURVE_WITH_KNOTS('',3,(#5130,#5131,#5132,#5133,#5134),
 .UNSPECIFIED.,.F.,.F.,(4,1,4),(0.,0.0446767606552265,0.0871921115185868),
 .UNSPECIFIED.);
#80=B_SPLINE_CURVE_WITH_KNOTS('',3,(#5136,#5137,#5138,#5139,#5140),
 .UNSPECIFIED.,.F.,.F.,(4,1,4),(-0.0871921115185868,-0.0446767606552265,
0.),.UNSPECIFIED.);
#81=B_SPLINE_CURVE_WITH_KNOTS('',3,(#5153,#5154,#5155,#5156,#5157),
 .UNSPECIFIED.,.F.,.F.,(4,1,4),(0.,0.0656390564570002,0.177752068217638),
 .UNSPECIFIED.);
#82=B_SPLINE_CURVE_WITH_KNOTS('',3,(#5159,#5160,#5161,#5162,#5163),
 .UNSPECIFIED.,.F.,.F.,(4,1,4),(-0.177752068217638,-0.0656390564570002,
0.),.UNSPECIFIED.);
#83=B_SPLINE_CURVE_WITH_KNOTS('',3,(#5194,#5195,#5196,#5197,#5198),
 .UNSPECIFIED.,.F.,.F.,(4,1,4),(0.,0.0429512380248059,0.0673534762600817),
 .UNSPECIFIED.);
#84=B_SPLINE_CURVE_WITH_KNOTS('',3,(#5200,#5201,#5202,#5203,#5204),
 .UNSPECIFIED.,.F.,.F.,(4,1,4),(-0.0673534762600817,-0.0429512380248059,
0.),.UNSPECIFIED.);
#85=B_SPLINE_CURVE_WITH_KNOTS('',3,(#5217,#5218,#5219,#5220,#5221),
 .UNSPECIFIED.,.F.,.F.,(4,1,4),(0.,0.0139008482483724,0.0287467330319272),
 .UNSPECIFIED.);
#86=B_SPLINE_CURVE_WITH_KNOTS('',3,(#5223,#5224,#5225,#5226,#5227),
 .UNSPECIFIED.,.F.,.F.,(4,1,4),(-0.0287467330319272,-0.0139008482483724,
0.),.UNSPECIFIED.);
#87=B_SPLINE_CURVE_WITH_KNOTS('',3,(#5240,#5241,#5242,#5243,#5244),
 .UNSPECIFIED.,.F.,.F.,(4,1,4),(0.,0.0167334153466911,0.0318915804423485),
 .UNSPECIFIED.);
#88=B_SPLINE_CURVE_WITH_KNOTS('',3,(#5246,#5247,#5248,#5249,#5250),
 .UNSPECIFIED.,.F.,.F.,(4,1,4),(-0.0318915804423485,-0.0167334153466911,
0.),.UNSPECIFIED.);
#89=B_SPLINE_CURVE_WITH_KNOTS('',3,(#5263,#5264,#5265,#5266,#5267),
 .UNSPECIFIED.,.F.,.F.,(4,1,4),(0.,0.0273263325011705,0.0762043164108781),
 .UNSPECIFIED.);
#90=B_SPLINE_CURVE_WITH_KNOTS('',3,(#5269,#5270,#5271,#5272,#5273),
 .UNSPECIFIED.,.F.,.F.,(4,1,4),(-0.0762043164108781,-0.0273263325011705,
0.),.UNSPECIFIED.);
#91=B_SPLINE_CURVE_WITH_KNOTS('',3,(#5305,#5306,#5307,#5308,#5309),
 .UNSPECIFIED.,.F.,.F.,(4,1,4),(0.,0.011864730140519,0.020760507817076),
 .UNSPECIFIED.);
#92=B_SPLINE_CURVE_WITH_KNOTS('',3,(#5311,#5312,#5313,#5314,#5315),
 .UNSPECIFIED.,.F.,.F.,(4,1,4),(-0.020760507817076,-0.011864730140519,0.),
 .UNSPECIFIED.);
#93=B_SPLINE_CURVE_WITH_KNOTS('',3,(#5328,#5329,#5330,#5331,#5332),
 .UNSPECIFIED.,.F.,.F.,(4,1,4),(0.,0.0253588034347598,0.0433207015632466),
 .UNSPECIFIED.);
#94=B_SPLINE_CURVE_WITH_KNOTS('',3,(#5334,#5335,#5336,#5337,#5338),
 .UNSPECIFIED.,.F.,.F.,(4,1,4),(-0.0433207015632466,-0.0253588034347598,
0.),.UNSPECIFIED.);
#95=B_SPLINE_CURVE_WITH_KNOTS('',3,(#5351,#5352,#5353,#5354,#5355),
 .UNSPECIFIED.,.F.,.F.,(4,1,4),(0.,0.0297663970107549,0.0869390093581822),
 .UNSPECIFIED.);
#96=B_SPLINE_CURVE_WITH_KNOTS('',3,(#5357,#5358,#5359,#5360,#5361),
 .UNSPECIFIED.,.F.,.F.,(4,1,4),(-0.0869390093581822,-0.0297663970107549,
0.),.UNSPECIFIED.);
#97=B_SPLINE_CURVE_WITH_KNOTS('',3,(#5374,#5375,#5376,#5377,#5378),
 .UNSPECIFIED.,.F.,.F.,(4,1,4),(0.,0.0319800776106324,0.0533124479053533),
 .UNSPECIFIED.);
#98=B_SPLINE_CURVE_WITH_KNOTS('',3,(#5380,#5381,#5382,#5383,#5384),
 .UNSPECIFIED.,.F.,.F.,(4,1,4),(-0.0533124479053533,-0.0319800776106324,
0.),.UNSPECIFIED.);
#99=B_SPLINE_CURVE_WITH_KNOTS('',3,(#5397,#5398,#5399,#5400,#5401),
 .UNSPECIFIED.,.F.,.F.,(4,1,4),(0.,0.0146482226544331,0.0267597990532602),
 .UNSPECIFIED.);
#100=B_SPLINE_CURVE_WITH_KNOTS('',3,(#5403,#5404,#5405,#5406,#5407),
 .UNSPECIFIED.,.F.,.F.,(4,1,4),(-0.0267597990532602,-0.0146482226544331,
0.),.UNSPECIFIED.);
#101=B_SPLINE_CURVE_WITH_KNOTS('',3,(#5419,#5420,#5421,#5422,#5423),
 .UNSPECIFIED.,.F.,.F.,(4,1,4),(0.,0.0166567250628114,0.0435598850465597),
 .UNSPECIFIED.);
#102=B_SPLINE_CURVE_WITH_KNOTS('',3,(#5424,#5425,#5426,#5427,#5428),
 .UNSPECIFIED.,.F.,.F.,(4,1,4),(-0.0435598850465597,-0.0166567250628114,
0.),.UNSPECIFIED.);
#103=B_SPLINE_CURVE_WITH_KNOTS('',3,(#5449,#5450,#5451,#5452,#5453),
 .UNSPECIFIED.,.F.,.F.,(4,1,4),(0.,0.0362539131269774,0.0585205979162228),
 .UNSPECIFIED.);
#104=B_SPLINE_CURVE_WITH_KNOTS('',3,(#5455,#5456,#5457,#5458,#5459),
 .UNSPECIFIED.,.F.,.F.,(4,1,4),(-0.0585205979162228,-0.0362539131269774,
0.),.UNSPECIFIED.);
#105=B_SPLINE_CURVE_WITH_KNOTS('',3,(#5472,#5473,#5474,#5475,#5476),
 .UNSPECIFIED.,.F.,.F.,(4,1,4),(0.,0.0232203353788655,0.062743397422101),
 .UNSPECIFIED.);
#106=B_SPLINE_CURVE_WITH_KNOTS('',3,(#5478,#5479,#5480,#5481,#5482),
 .UNSPECIFIED.,.F.,.F.,(4,1,4),(-0.062743397422101,-0.0232203353788655,
0.),.UNSPECIFIED.);
#107=B_SPLINE_CURVE_WITH_KNOTS('',3,(#5501,#5502,#5503,#5504,#5505),
 .UNSPECIFIED.,.F.,.F.,(4,1,4),(0.,0.041349488787295,0.0638771824309323),
 .UNSPECIFIED.);
#108=B_SPLINE_CURVE_WITH_KNOTS('',3,(#5507,#5508,#5509,#5510,#5511),
 .UNSPECIFIED.,.F.,.F.,(4,1,4),(-0.0638771824309323,-0.041349488787295,
0.),.UNSPECIFIED.);
#109=B_SPLINE_CURVE_WITH_KNOTS('',3,(#5523,#5524,#5525,#5526,#5527),
 .UNSPECIFIED.,.F.,.F.,(4,1,4),(0.,0.0215245395467679,0.059274028710059),
 .UNSPECIFIED.);
#110=B_SPLINE_CURVE_WITH_KNOTS('',3,(#5528,#5529,#5530,#5531,#5532),
 .UNSPECIFIED.,.F.,.F.,(4,1,4),(-0.059274028710059,-0.0215245395467679,
0.),.UNSPECIFIED.);
#111=B_SPLINE_CURVE_WITH_KNOTS('',3,(#5553,#5554,#5555,#5556,#5557),
 .UNSPECIFIED.,.F.,.F.,(4,1,4),(0.,0.0864961630055383,0.150110198835748),
 .UNSPECIFIED.);
#112=B_SPLINE_CURVE_WITH_KNOTS('',3,(#5559,#5560,#5561,#5562,#5563),
 .UNSPECIFIED.,.F.,.F.,(4,1,4),(-0.150110198835748,-0.0864961630055383,
0.),.UNSPECIFIED.);
#113=B_SPLINE_CURVE_WITH_KNOTS('',3,(#5576,#5577,#5578,#5579,#5580),
 .UNSPECIFIED.,.F.,.F.,(4,1,4),(0.,0.0512889838540771,0.104242345464406),
 .UNSPECIFIED.);
#114=B_SPLINE_CURVE_WITH_KNOTS('',3,(#5582,#5583,#5584,#5585,#5586),
 .UNSPECIFIED.,.F.,.F.,(4,1,4),(-0.104242345464406,-0.0512889838540771,
0.),.UNSPECIFIED.);
#115=B_SPLINE_CURVE_WITH_KNOTS('',3,(#5599,#5600,#5601,#5602,#5603),
 .UNSPECIFIED.,.F.,.F.,(4,1,4),(0.,0.0652436623439846,0.155021493220688),
 .UNSPECIFIED.);
#116=B_SPLINE_CURVE_WITH_KNOTS('',3,(#5605,#5606,#5607,#5608,#5609),
 .UNSPECIFIED.,.F.,.F.,(4,1,4),(-0.155021493220688,-0.0652436623439846,
0.),.UNSPECIFIED.);
#117=B_SPLINE_CURVE_WITH_KNOTS('',3,(#5622,#5623,#5624,#5625,#5626),
 .UNSPECIFIED.,.F.,.F.,(4,1,4),(0.,0.0597567451295007,0.101428267421041),
 .UNSPECIFIED.);
#118=B_SPLINE_CURVE_WITH_KNOTS('',3,(#5628,#5629,#5630,#5631,#5632),
 .UNSPECIFIED.,.F.,.F.,(4,1,4),(-0.101428267421041,-0.0597567451295007,
0.),.UNSPECIFIED.);
#119=B_SPLINE_CURVE_WITH_KNOTS('',3,(#5645,#5646,#5647,#5648,#5649),
 .UNSPECIFIED.,.F.,.F.,(4,1,4),(0.,0.0408057523512095,0.0977780404349635),
 .UNSPECIFIED.);
#120=B_SPLINE_CURVE_WITH_KNOTS('',3,(#5651,#5652,#5653,#5654,#5655),
 .UNSPECIFIED.,.F.,.F.,(4,1,4),(-0.0977780404349635,-0.0408057523512095,
0.),.UNSPECIFIED.);
#121=B_SPLINE_CURVE_WITH_KNOTS('',3,(#5668,#5669,#5670,#5671,#5672),
 .UNSPECIFIED.,.F.,.F.,(4,1,4),(0.,0.0643004495562636,0.113743577486129),
 .UNSPECIFIED.);
#122=B_SPLINE_CURVE_WITH_KNOTS('',3,(#5674,#5675,#5676,#5677,#5678),
 .UNSPECIFIED.,.F.,.F.,(4,1,4),(-0.113743577486129,-0.0643004495562636,
0.),.UNSPECIFIED.);
#123=B_SPLINE_CURVE_WITH_KNOTS('',3,(#5691,#5692,#5693,#5694,#5695),
 .UNSPECIFIED.,.F.,.F.,(4,1,4),(0.,0.0516293070518239,0.119977303938017),
 .UNSPECIFIED.);
#124=B_SPLINE_CURVE_WITH_KNOTS('',3,(#5697,#5698,#5699,#5700,#5701),
 .UNSPECIFIED.,.F.,.F.,(4,1,4),(-0.119977303938017,-0.0516293070518239,
0.),.UNSPECIFIED.);
#125=B_SPLINE_CURVE_WITH_KNOTS('',3,(#5720,#5721,#5722,#5723,#5724),
 .UNSPECIFIED.,.F.,.F.,(4,1,4),(0.,0.070729754042785,0.122207063065479),
 .UNSPECIFIED.);
#126=B_SPLINE_CURVE_WITH_KNOTS('',3,(#5726,#5727,#5728,#5729,#5730),
 .UNSPECIFIED.,.F.,.F.,(4,1,4),(-0.122207063065479,-0.070729754042785,0.),
 .UNSPECIFIED.);
#127=B_SPLINE_CURVE_WITH_KNOTS('',3,(#5743,#5744,#5745,#5746,#5747),
 .UNSPECIFIED.,.F.,.F.,(4,1,4),(0.,0.0407231198809835,0.0813127266754604),
 .UNSPECIFIED.);
#128=B_SPLINE_CURVE_WITH_KNOTS('',3,(#5749,#5750,#5751,#5752,#5753),
 .UNSPECIFIED.,.F.,.F.,(4,1,4),(-0.0813127266754604,-0.0407231198809835,
0.),.UNSPECIFIED.);
#129=B_SPLINE_CURVE_WITH_KNOTS('',3,(#5766,#5767,#5768,#5769,#5770),
 .UNSPECIFIED.,.F.,.F.,(4,1,4),(0.,0.0626956635917429,0.167018657193013),
 .UNSPECIFIED.);
#130=B_SPLINE_CURVE_WITH_KNOTS('',3,(#5772,#5773,#5774,#5775,#5776),
 .UNSPECIFIED.,.F.,.F.,(4,1,4),(-0.167018657193013,-0.0626956635917429,
0.),.UNSPECIFIED.);
#131=B_SPLINE_CURVE_WITH_KNOTS('',3,(#5883,#5884,#5885,#5886,#5887),
 .UNSPECIFIED.,.F.,.F.,(4,1,4),(0.,0.0774077200134394,0.127943459200894),
 .UNSPECIFIED.);
#132=B_SPLINE_CURVE_WITH_KNOTS('',3,(#5889,#5890,#5891,#5892,#5893),
 .UNSPECIFIED.,.F.,.F.,(4,1,4),(-0.127943459200894,-0.0774077200134394,
0.),.UNSPECIFIED.);
#133=B_SPLINE_CURVE_WITH_KNOTS('',3,(#5906,#5907,#5908,#5909,#5910),
 .UNSPECIFIED.,.F.,.F.,(4,1,4),(0.,0.0391093508018499,0.083960720665838),
 .UNSPECIFIED.);
#134=B_SPLINE_CURVE_WITH_KNOTS('',3,(#5912,#5913,#5914,#5915,#5916),
 .UNSPECIFIED.,.F.,.F.,(4,1,4),(-0.083960720665838,-0.0391093508018499,
0.),.UNSPECIFIED.);
#135=B_SPLINE_CURVE_WITH_KNOTS('',3,(#5929,#5930,#5931,#5932,#5933),
 .UNSPECIFIED.,.F.,.F.,(4,1,4),(0.,0.0479999410746047,0.0976368799027077),
 .UNSPECIFIED.);
#136=B_SPLINE_CURVE_WITH_KNOTS('',3,(#5935,#5936,#5937,#5938,#5939),
 .UNSPECIFIED.,.F.,.F.,(4,1,4),(-0.0976368799027077,-0.0479999410746047,
0.),.UNSPECIFIED.);
#137=B_SPLINE_CURVE_WITH_KNOTS('',3,(#5952,#5953,#5954,#5955,#5956),
 .UNSPECIFIED.,.F.,.F.,(4,1,4),(0.,0.0540706291450847,0.114746874841646),
 .UNSPECIFIED.);
#138=B_SPLINE_CURVE_WITH_KNOTS('',3,(#5958,#5959,#5960,#5961,#5962),
 .UNSPECIFIED.,.F.,.F.,(4,1,4),(-0.114746874841646,-0.0540706291450847,
0.),.UNSPECIFIED.);
#139=B_SPLINE_CURVE_WITH_KNOTS('',3,(#5975,#5976,#5977,#5978,#5979),
 .UNSPECIFIED.,.F.,.F.,(4,1,4),(0.,0.0677092324372334,0.129379189791009),
 .UNSPECIFIED.);
#140=B_SPLINE_CURVE_WITH_KNOTS('',3,(#5981,#5982,#5983,#5984,#5985),
 .UNSPECIFIED.,.F.,.F.,(4,1,4),(-0.129379189791009,-0.0677092324372334,
0.),.UNSPECIFIED.);
#141=B_SPLINE_CURVE_WITH_KNOTS('',3,(#5998,#5999,#6000,#6001,#6002),
 .UNSPECIFIED.,.F.,.F.,(4,1,4),(0.,0.0551605179536194,0.103641228383908),
 .UNSPECIFIED.);
#142=B_SPLINE_CURVE_WITH_KNOTS('',3,(#6004,#6005,#6006,#6007,#6008),
 .UNSPECIFIED.,.F.,.F.,(4,1,4),(-0.103641228383908,-0.0551605179536194,
0.),.UNSPECIFIED.);
#143=B_SPLINE_CURVE_WITH_KNOTS('',3,(#6021,#6022,#6023,#6024,#6025),
 .UNSPECIFIED.,.F.,.F.,(4,1,4),(0.,0.0446766452900686,0.0871921728087561),
 .UNSPECIFIED.);
#144=B_SPLINE_CURVE_WITH_KNOTS('',3,(#6027,#6028,#6029,#6030,#6031),
 .UNSPECIFIED.,.F.,.F.,(4,1,4),(-0.0871921728087561,-0.0446766452900686,
0.),.UNSPECIFIED.);
#145=B_SPLINE_CURVE_WITH_KNOTS('',3,(#6044,#6045,#6046,#6047,#6048),
 .UNSPECIFIED.,.F.,.F.,(4,1,4),(0.,0.0656390564570002,0.177752062963908),
 .UNSPECIFIED.);
#146=B_SPLINE_CURVE_WITH_KNOTS('',3,(#6050,#6051,#6052,#6053,#6054),
 .UNSPECIFIED.,.F.,.F.,(4,1,4),(-0.177752062963908,-0.0656390564570002,
0.),.UNSPECIFIED.);
#147=B_SPLINE_CURVE_WITH_KNOTS('',3,(#6085,#6086,#6087,#6088,#6089),
 .UNSPECIFIED.,.F.,.F.,(4,1,4),(0.,0.0429512380248059,0.0673534762600817),
 .UNSPECIFIED.);
#148=B_SPLINE_CURVE_WITH_KNOTS('',3,(#6091,#6092,#6093,#6094,#6095),
 .UNSPECIFIED.,.F.,.F.,(4,1,4),(-0.0673534762600817,-0.0429512380248059,
0.),.UNSPECIFIED.);
#149=B_SPLINE_CURVE_WITH_KNOTS('',3,(#6108,#6109,#6110,#6111,#6112),
 .UNSPECIFIED.,.F.,.F.,(4,1,4),(0.,0.0139008482483724,0.0287469641559764),
 .UNSPECIFIED.);
#150=B_SPLINE_CURVE_WITH_KNOTS('',3,(#6114,#6115,#6116,#6117,#6118),
 .UNSPECIFIED.,.F.,.F.,(4,1,4),(-0.0287469641559764,-0.0139008482483724,
0.),.UNSPECIFIED.);
#151=B_SPLINE_CURVE_WITH_KNOTS('',3,(#6131,#6132,#6133,#6134,#6135),
 .UNSPECIFIED.,.F.,.F.,(4,1,4),(0.,0.0167331838921657,0.0318914937435202),
 .UNSPECIFIED.);
#152=B_SPLINE_CURVE_WITH_KNOTS('',3,(#6137,#6138,#6139,#6140,#6141),
 .UNSPECIFIED.,.F.,.F.,(4,1,4),(-0.0318914937435202,-0.0167331838921657,
0.),.UNSPECIFIED.);
#153=B_SPLINE_CURVE_WITH_KNOTS('',3,(#6154,#6155,#6156,#6157,#6158),
 .UNSPECIFIED.,.F.,.F.,(4,1,4),(0.,0.0273262953191454,0.0762042722993214),
 .UNSPECIFIED.);
#154=B_SPLINE_CURVE_WITH_KNOTS('',3,(#6160,#6161,#6162,#6163,#6164),
 .UNSPECIFIED.,.F.,.F.,(4,1,4),(-0.0762042722993214,-0.0273262953191454,
0.),.UNSPECIFIED.);
#155=B_SPLINE_CURVE_WITH_KNOTS('',3,(#6196,#6197,#6198,#6199,#6200),
 .UNSPECIFIED.,.F.,.F.,(4,1,4),(0.,0.011864730140519,0.0207600310258753),
 .UNSPECIFIED.);
#156=B_SPLINE_CURVE_WITH_KNOTS('',3,(#6202,#6203,#6204,#6205,#6206),
 .UNSPECIFIED.,.F.,.F.,(4,1,4),(-0.0207600310258753,-0.011864730140519,
0.),.UNSPECIFIED.);
#157=B_SPLINE_CURVE_WITH_KNOTS('',3,(#6219,#6220,#6221,#6222,#6223),
 .UNSPECIFIED.,.F.,.F.,(4,1,4),(0.,0.0253588034347598,0.0433205162726445),
 .UNSPECIFIED.);
#158=B_SPLINE_CURVE_WITH_KNOTS('',3,(#6225,#6226,#6227,#6228,#6229),
 .UNSPECIFIED.,.F.,.F.,(4,1,4),(-0.0433205162726445,-0.0253588034347598,
0.),.UNSPECIFIED.);
#159=B_SPLINE_CURVE_WITH_KNOTS('',3,(#6242,#6243,#6244,#6245,#6246),
 .UNSPECIFIED.,.F.,.F.,(4,1,4),(0.,0.0297664474722752,0.0869390598197026),
 .UNSPECIFIED.);
#160=B_SPLINE_CURVE_WITH_KNOTS('',3,(#6248,#6249,#6250,#6251,#6252),
 .UNSPECIFIED.,.F.,.F.,(4,1,4),(-0.0869390598197026,-0.0297664474722752,
0.),.UNSPECIFIED.);
#161=B_SPLINE_CURVE_WITH_KNOTS('',3,(#6265,#6266,#6267,#6268,#6269),
 .UNSPECIFIED.,.F.,.F.,(4,1,4),(0.,0.0319800776106324,0.0533123899183727),
 .UNSPECIFIED.);
#162=B_SPLINE_CURVE_WITH_KNOTS('',3,(#6271,#6272,#6273,#6274,#6275),
 .UNSPECIFIED.,.F.,.F.,(4,1,4),(-0.0533123899183727,-0.0319800776106324,
0.),.UNSPECIFIED.);
#163=B_SPLINE_CURVE_WITH_KNOTS('',3,(#6288,#6289,#6290,#6291,#6292),
 .UNSPECIFIED.,.F.,.F.,(4,1,4),(0.,0.0146482226544331,0.0267597990532602),
 .UNSPECIFIED.);
#164=B_SPLINE_CURVE_WITH_KNOTS('',3,(#6294,#6295,#6296,#6297,#6298),
 .UNSPECIFIED.,.F.,.F.,(4,1,4),(-0.0267597990532602,-0.0146482226544331,
0.),.UNSPECIFIED.);
#165=B_SPLINE_CURVE_WITH_KNOTS('',3,(#6310,#6311,#6312,#6313,#6314),
 .UNSPECIFIED.,.F.,.F.,(4,1,4),(0.,0.0166569593474834,0.0435596431027299),
 .UNSPECIFIED.);
#166=B_SPLINE_CURVE_WITH_KNOTS('',3,(#6315,#6316,#6317,#6318,#6319),
 .UNSPECIFIED.,.F.,.F.,(4,1,4),(-0.0435596431027299,-0.0166569593474834,
0.),.UNSPECIFIED.);
#167=B_SPLINE_CURVE_WITH_KNOTS('',3,(#6340,#6341,#6342,#6343,#6344),
 .UNSPECIFIED.,.F.,.F.,(4,1,4),(0.,0.0362541499401171,0.0585208347293624),
 .UNSPECIFIED.);
#168=B_SPLINE_CURVE_WITH_KNOTS('',3,(#6346,#6347,#6348,#6349,#6350),
 .UNSPECIFIED.,.F.,.F.,(4,1,4),(-0.0585208347293624,-0.0362541499401171,
0.),.UNSPECIFIED.);
#169=B_SPLINE_CURVE_WITH_KNOTS('',3,(#6363,#6364,#6365,#6366,#6367),
 .UNSPECIFIED.,.F.,.F.,(4,1,4),(0.,0.0232200556844268,0.0627431177276623),
 .UNSPECIFIED.);
#170=B_SPLINE_CURVE_WITH_KNOTS('',3,(#6369,#6370,#6371,#6372,#6373),
 .UNSPECIFIED.,.F.,.F.,(4,1,4),(-0.0627431177276623,-0.0232200556844268,
0.),.UNSPECIFIED.);
#171=B_SPLINE_CURVE_WITH_KNOTS('',3,(#6392,#6393,#6394,#6395,#6396),
 .UNSPECIFIED.,.F.,.F.,(4,1,4),(0.,0.0413494731163231,0.0638772530467451),
 .UNSPECIFIED.);
#172=B_SPLINE_CURVE_WITH_KNOTS('',3,(#6398,#6399,#6400,#6401,#6402),
 .UNSPECIFIED.,.F.,.F.,(4,1,4),(-0.0638772530467451,-0.0413494731163231,
0.),.UNSPECIFIED.);
#173=B_SPLINE_CURVE_WITH_KNOTS('',3,(#6414,#6415,#6416,#6417,#6418),
 .UNSPECIFIED.,.F.,.F.,(4,1,4),(0.,0.0215249774031343,0.0592735178122045),
 .UNSPECIFIED.);
#174=B_SPLINE_CURVE_WITH_KNOTS('',3,(#6419,#6420,#6421,#6422,#6423),
 .UNSPECIFIED.,.F.,.F.,(4,1,4),(-0.0592735178122045,-0.0215249774031343,
0.),.UNSPECIFIED.);
#175=B_SPLINE_CURVE_WITH_KNOTS('',3,(#6444,#6445,#6446,#6447,#6448),
 .UNSPECIFIED.,.F.,.F.,(4,1,4),(0.,0.0864961630055383,0.150109964331548),
 .UNSPECIFIED.);
#176=B_SPLINE_CURVE_WITH_KNOTS('',3,(#6450,#6451,#6452,#6453,#6454),
 .UNSPECIFIED.,.F.,.F.,(4,1,4),(-0.150109964331548,-0.0864961630055383,
0.),.UNSPECIFIED.);
#177=B_SPLINE_CURVE_WITH_KNOTS('',3,(#6467,#6468,#6469,#6470,#6471),
 .UNSPECIFIED.,.F.,.F.,(4,1,4),(0.,0.0512889838540771,0.104242669724064),
 .UNSPECIFIED.);
#178=B_SPLINE_CURVE_WITH_KNOTS('',3,(#6473,#6474,#6475,#6476,#6477),
 .UNSPECIFIED.,.F.,.F.,(4,1,4),(-0.104242669724064,-0.0512889838540771,
0.),.UNSPECIFIED.);
#179=B_SPLINE_CURVE_WITH_KNOTS('',3,(#6490,#6491,#6492,#6493,#6494),
 .UNSPECIFIED.,.F.,.F.,(4,1,4),(0.,0.0652436623439846,0.155021451884422),
 .UNSPECIFIED.);
#180=B_SPLINE_CURVE_WITH_KNOTS('',3,(#6496,#6497,#6498,#6499,#6500),
 .UNSPECIFIED.,.F.,.F.,(4,1,4),(-0.155021451884422,-0.0652436623439846,
0.),.UNSPECIFIED.);
#181=B_SPLINE_CURVE_WITH_KNOTS('',3,(#6513,#6514,#6515,#6516,#6517),
 .UNSPECIFIED.,.F.,.F.,(4,1,4),(0.,0.059756767061921,0.101428194997681),
 .UNSPECIFIED.);
#182=B_SPLINE_CURVE_WITH_KNOTS('',3,(#6519,#6520,#6521,#6522,#6523),
 .UNSPECIFIED.,.F.,.F.,(4,1,4),(-0.101428194997681,-0.059756767061921,0.),
 .UNSPECIFIED.);
#183=B_SPLINE_CURVE_WITH_KNOTS('',3,(#6536,#6537,#6538,#6539,#6540),
 .UNSPECIFIED.,.F.,.F.,(4,1,4),(0.,0.0408055614402173,0.0977778495239713),
 .UNSPECIFIED.);
#184=B_SPLINE_CURVE_WITH_KNOTS('',3,(#6542,#6543,#6544,#6545,#6546),
 .UNSPECIFIED.,.F.,.F.,(4,1,4),(-0.0977778495239713,-0.0408055614402173,
0.),.UNSPECIFIED.);
#185=B_SPLINE_CURVE_WITH_KNOTS('',3,(#6559,#6560,#6561,#6562,#6563),
 .UNSPECIFIED.,.F.,.F.,(4,1,4),(0.,0.0643004495562636,0.113743397587877),
 .UNSPECIFIED.);
#186=B_SPLINE_CURVE_WITH_KNOTS('',3,(#6565,#6566,#6567,#6568,#6569),
 .UNSPECIFIED.,.F.,.F.,(4,1,4),(-0.113743397587877,-0.0643004495562636,
0.),.UNSPECIFIED.);
#187=B_SPLINE_CURVE_WITH_KNOTS('',3,(#6582,#6583,#6584,#6585,#6586),
 .UNSPECIFIED.,.F.,.F.,(4,1,4),(0.,0.051629396043224,0.119977370521139),
 .UNSPECIFIED.);
#188=B_SPLINE_CURVE_WITH_KNOTS('',3,(#6588,#6589,#6590,#6591,#6592),
 .UNSPECIFIED.,.F.,.F.,(4,1,4),(-0.119977370521139,-0.051629396043224,0.),
 .UNSPECIFIED.);
#189=B_SPLINE_CURVE_WITH_KNOTS('',3,(#6611,#6612,#6613,#6614,#6615),
 .UNSPECIFIED.,.F.,.F.,(4,1,4),(0.,0.0707297852718075,0.122206965559572),
 .UNSPECIFIED.);
#190=B_SPLINE_CURVE_WITH_KNOTS('',3,(#6617,#6618,#6619,#6620,#6621),
 .UNSPECIFIED.,.F.,.F.,(4,1,4),(-0.122206965559572,-0.0707297852718075,
0.),.UNSPECIFIED.);
#191=B_SPLINE_CURVE_WITH_KNOTS('',3,(#6634,#6635,#6636,#6637,#6638),
 .UNSPECIFIED.,.F.,.F.,(4,1,4),(0.,0.0407226978634033,0.0813123046578802),
 .UNSPECIFIED.);
#192=B_SPLINE_CURVE_WITH_KNOTS('',3,(#6640,#6641,#6642,#6643,#6644),
 .UNSPECIFIED.,.F.,.F.,(4,1,4),(-0.0813123046578802,-0.0407226978634033,
0.),.UNSPECIFIED.);
#193=B_SPLINE_CURVE_WITH_KNOTS('',3,(#6657,#6658,#6659,#6660,#6661),
 .UNSPECIFIED.,.F.,.F.,(4,1,4),(0.,0.0626956635917429,0.167019133748634),
 .UNSPECIFIED.);
#194=B_SPLINE_CURVE_WITH_KNOTS('',3,(#6663,#6664,#6665,#6666,#6667),
 .UNSPECIFIED.,.F.,.F.,(4,1,4),(-0.167019133748634,-0.0626956635917429,
0.),.UNSPECIFIED.);
#195=B_SPLINE_CURVE_WITH_KNOTS('',3,(#6707,#6708,#6709,#6710,#6711),
 .UNSPECIFIED.,.F.,.F.,(4,1,4),(0.,0.0340221060146632,0.0537232174042842),
 .UNSPECIFIED.);
#196=B_SPLINE_CURVE_WITH_KNOTS('',3,(#6713,#6714,#6715,#6716,#6717),
 .UNSPECIFIED.,.F.,.F.,(4,1,4),(-0.0537232174042842,-0.0340221060146632,
0.),.UNSPECIFIED.);
#197=B_SPLINE_CURVE_WITH_KNOTS('',3,(#6730,#6731,#6732,#6733,#6734),
 .UNSPECIFIED.,.F.,.F.,(4,1,4),(0.,0.0130507297444169,0.0281444766227585),
 .UNSPECIFIED.);
#198=B_SPLINE_CURVE_WITH_KNOTS('',3,(#6736,#6737,#6738,#6739,#6740),
 .UNSPECIFIED.,.F.,.F.,(4,1,4),(-0.0281444766227585,-0.0130507297444169,
0.),.UNSPECIFIED.);
#199=B_SPLINE_CURVE_WITH_KNOTS('',3,(#6753,#6754,#6755,#6756,#6757),
 .UNSPECIFIED.,.F.,.F.,(4,1,4),(0.,0.0169310914865491,0.0334929607918139),
 .UNSPECIFIED.);
#200=B_SPLINE_CURVE_WITH_KNOTS('',3,(#6759,#6760,#6761,#6762,#6763),
 .UNSPECIFIED.,.F.,.F.,(4,1,4),(-0.0334929607918139,-0.0169310914865491,
0.),.UNSPECIFIED.);
#201=B_SPLINE_CURVE_WITH_KNOTS('',3,(#6776,#6777,#6778,#6779,#6780),
 .UNSPECIFIED.,.F.,.F.,(4,1,4),(0.,0.0205951543650805,0.0478991506641504),
 .UNSPECIFIED.);
#202=B_SPLINE_CURVE_WITH_KNOTS('',3,(#6782,#6783,#6784,#6785,#6786),
 .UNSPECIFIED.,.F.,.F.,(4,1,4),(-0.0478991506641504,-0.0205951543650805,
0.),.UNSPECIFIED.);
#203=B_SPLINE_CURVE_WITH_KNOTS('',3,(#6799,#6800,#6801,#6802,#6803),
 .UNSPECIFIED.,.F.,.F.,(4,1,4),(0.,0.0352089229045309,0.0617034341389344),
 .UNSPECIFIED.);
#204=B_SPLINE_CURVE_WITH_KNOTS('',3,(#6805,#6806,#6807,#6808,#6809),
 .UNSPECIFIED.,.F.,.F.,(4,1,4),(-0.0617034341389344,-0.0352089229045309,
0.),.UNSPECIFIED.);
#205=B_SPLINE_CURVE_WITH_KNOTS('',3,(#6822,#6823,#6824,#6825,#6826),
 .UNSPECIFIED.,.F.,.F.,(4,1,4),(0.,0.0299164320166255,0.0770249862977279),
 .UNSPECIFIED.);
#206=B_SPLINE_CURVE_WITH_KNOTS('',3,(#6828,#6829,#6830,#6831,#6832),
 .UNSPECIFIED.,.F.,.F.,(4,1,4),(-0.0770249862977279,-0.0299164320166255,
0.),.UNSPECIFIED.);
#207=B_SPLINE_CURVE_WITH_KNOTS('',3,(#6845,#6846,#6847,#6848,#6849),
 .UNSPECIFIED.,.F.,.F.,(4,1,4),(0.,0.135816256780607,0.222121613812096),
 .UNSPECIFIED.);
#208=B_SPLINE_CURVE_WITH_KNOTS('',3,(#6851,#6852,#6853,#6854,#6855),
 .UNSPECIFIED.,.F.,.F.,(4,1,4),(-0.222121613812096,-0.135816256780607,0.),
 .UNSPECIFIED.);
#209=B_SPLINE_CURVE_WITH_KNOTS('',3,(#6868,#6869,#6870,#6871,#6872),
 .UNSPECIFIED.,.F.,.F.,(4,1,4),(0.,0.0741653392588046,0.175986111843915),
 .UNSPECIFIED.);
#210=B_SPLINE_CURVE_WITH_KNOTS('',3,(#6874,#6875,#6876,#6877,#6878),
 .UNSPECIFIED.,.F.,.F.,(4,1,4),(-0.175986111843915,-0.0741653392588046,
0.),.UNSPECIFIED.);
#211=B_SPLINE_CURVE_WITH_KNOTS('',3,(#6891,#6892,#6893,#6894,#6895),
 .UNSPECIFIED.,.F.,.F.,(4,1,4),(0.,0.074411816946792,0.128304351957289),
 .UNSPECIFIED.);
#212=B_SPLINE_CURVE_WITH_KNOTS('',3,(#6897,#6898,#6899,#6900,#6901),
 .UNSPECIFIED.,.F.,.F.,(4,1,4),(-0.128304351957289,-0.074411816946792,0.),
 .UNSPECIFIED.);
#213=B_SPLINE_CURVE_WITH_KNOTS('',3,(#6914,#6915,#6916,#6917,#6918),
 .UNSPECIFIED.,.F.,.F.,(4,1,4),(0.,0.0474129911717158,0.104383715999643),
 .UNSPECIFIED.);
#214=B_SPLINE_CURVE_WITH_KNOTS('',3,(#6920,#6921,#6922,#6923,#6924),
 .UNSPECIFIED.,.F.,.F.,(4,1,4),(-0.104383715999643,-0.0474129911717158,
0.),.UNSPECIFIED.);
#215=B_SPLINE_CURVE_WITH_KNOTS('',3,(#6937,#6938,#6939,#6940,#6941),
 .UNSPECIFIED.,.F.,.F.,(4,1,4),(0.,0.0653356165975738,0.137066097575857),
 .UNSPECIFIED.);
#216=B_SPLINE_CURVE_WITH_KNOTS('',3,(#6943,#6944,#6945,#6946,#6947),
 .UNSPECIFIED.,.F.,.F.,(4,1,4),(-0.137066097575857,-0.0653356165975738,
0.),.UNSPECIFIED.);
#217=B_SPLINE_CURVE_WITH_KNOTS('',3,(#6960,#6961,#6962,#6963,#6964),
 .UNSPECIFIED.,.F.,.F.,(4,1,4),(0.,0.0777963036020857,0.147142225179478),
 .UNSPECIFIED.);
#218=B_SPLINE_CURVE_WITH_KNOTS('',3,(#6966,#6967,#6968,#6969,#6970),
 .UNSPECIFIED.,.F.,.F.,(4,1,4),(-0.147142225179478,-0.0777963036020857,
0.),.UNSPECIFIED.);
#219=B_SPLINE_CURVE_WITH_KNOTS('',3,(#6983,#6984,#6985,#6986,#6987),
 .UNSPECIFIED.,.F.,.F.,(4,1,4),(0.,0.060657210494261,0.113567931087064),
 .UNSPECIFIED.);
#220=B_SPLINE_CURVE_WITH_KNOTS('',3,(#6989,#6990,#6991,#6992,#6993),
 .UNSPECIFIED.,.F.,.F.,(4,1,4),(-0.113567931087064,-0.060657210494261,0.),
 .UNSPECIFIED.);
#221=B_SPLINE_CURVE_WITH_KNOTS('',3,(#7006,#7007,#7008,#7009,#7010),
 .UNSPECIFIED.,.F.,.F.,(4,1,4),(0.,0.0607402243993835,0.140550121582536),
 .UNSPECIFIED.);
#222=B_SPLINE_CURVE_WITH_KNOTS('',3,(#7012,#7013,#7014,#7015,#7016),
 .UNSPECIFIED.,.F.,.F.,(4,1,4),(-0.140550121582536,-0.0607402243993835,
0.),.UNSPECIFIED.);
#223=B_SPLINE_CURVE_WITH_KNOTS('',3,(#7047,#7048,#7049,#7050,#7051),
 .UNSPECIFIED.,.F.,.F.,(4,1,4),(0.,0.0369925375895125,0.0587467211710828),
 .UNSPECIFIED.);
#224=B_SPLINE_CURVE_WITH_KNOTS('',3,(#7053,#7054,#7055,#7056,#7057),
 .UNSPECIFIED.,.F.,.F.,(4,1,4),(-0.0587467211710828,-0.0369925375895125,
0.),.UNSPECIFIED.);
#225=B_SPLINE_CURVE_WITH_KNOTS('',3,(#7070,#7071,#7072,#7073,#7074),
 .UNSPECIFIED.,.F.,.F.,(4,1,4),(0.,0.0148528174902178,0.0327468388403423),
 .UNSPECIFIED.);
#226=B_SPLINE_CURVE_WITH_KNOTS('',3,(#7076,#7077,#7078,#7079,#7080),
 .UNSPECIFIED.,.F.,.F.,(4,1,4),(-0.0327468388403423,-0.0148528174902178,
0.),.UNSPECIFIED.);
#227=B_SPLINE_CURVE_WITH_KNOTS('',3,(#7093,#7094,#7095,#7096,#7097),
 .UNSPECIFIED.,.F.,.F.,(4,1,4),(0.,0.0185510841358206,0.0362440615903685),
 .UNSPECIFIED.);
#228=B_SPLINE_CURVE_WITH_KNOTS('',3,(#7099,#7100,#7101,#7102,#7103),
 .UNSPECIFIED.,.F.,.F.,(4,1,4),(-0.0362440615903685,-0.0185510841358206,
0.),.UNSPECIFIED.);
#229=B_SPLINE_CURVE_WITH_KNOTS('',3,(#7116,#7117,#7118,#7119,#7120),
 .UNSPECIFIED.,.F.,.F.,(4,1,4),(0.,0.0216370067599459,0.0499162093183646),
 .UNSPECIFIED.);
#230=B_SPLINE_CURVE_WITH_KNOTS('',3,(#7122,#7123,#7124,#7125,#7126),
 .UNSPECIFIED.,.F.,.F.,(4,1,4),(-0.0499162093183646,-0.0216370067599459,
0.),.UNSPECIFIED.);
#231=B_SPLINE_CURVE_WITH_KNOTS('',3,(#7139,#7140,#7141,#7142,#7143),
 .UNSPECIFIED.,.F.,.F.,(4,1,4),(0.,0.0586294455243024,0.0955477923092671),
 .UNSPECIFIED.);
#232=B_SPLINE_CURVE_WITH_KNOTS('',3,(#7145,#7146,#7147,#7148,#7149),
 .UNSPECIFIED.,.F.,.F.,(4,1,4),(-0.0955477923092671,-0.0586294455243024,
0.),.UNSPECIFIED.);
#233=B_SPLINE_CURVE_WITH_KNOTS('',3,(#7162,#7163,#7164,#7165,#7166),
 .UNSPECIFIED.,.F.,.F.,(4,1,4),(0.,0.0448738826042132,0.121596749623764),
 .UNSPECIFIED.);
#234=B_SPLINE_CURVE_WITH_KNOTS('',3,(#7168,#7169,#7170,#7171,#7172),
 .UNSPECIFIED.,.F.,.F.,(4,1,4),(-0.121596749623764,-0.0448738826042132,
0.),.UNSPECIFIED.);
#235=B_SPLINE_CURVE_WITH_KNOTS('',3,(#7185,#7186,#7187,#7188,#7189),
 .UNSPECIFIED.,.F.,.F.,(4,1,4),(0.,0.0782624390165242,0.127073666671118),
 .UNSPECIFIED.);
#236=B_SPLINE_CURVE_WITH_KNOTS('',3,(#7191,#7192,#7193,#7194,#7195),
 .UNSPECIFIED.,.F.,.F.,(4,1,4),(-0.127073666671118,-0.0782624390165242,
0.),.UNSPECIFIED.);
#237=B_SPLINE_CURVE_WITH_KNOTS('',3,(#7208,#7209,#7210,#7211,#7212),
 .UNSPECIFIED.,.F.,.F.,(4,1,4),(0.,0.0360070332522211,0.07708389462144),
 .UNSPECIFIED.);
#238=B_SPLINE_CURVE_WITH_KNOTS('',3,(#7214,#7215,#7216,#7217,#7218),
 .UNSPECIFIED.,.F.,.F.,(4,1,4),(-0.07708389462144,-0.0360070332522211,0.),
 .UNSPECIFIED.);
#239=B_SPLINE_CURVE_WITH_KNOTS('',3,(#7231,#7232,#7233,#7234,#7235),
 .UNSPECIFIED.,.F.,.F.,(4,1,4),(0.,0.0483177307361948,0.106525562763112),
 .UNSPECIFIED.);
#240=B_SPLINE_CURVE_WITH_KNOTS('',3,(#7237,#7238,#7239,#7240,#7241),
 .UNSPECIFIED.,.F.,.F.,(4,1,4),(-0.106525562763112,-0.0483177307361948,
0.),.UNSPECIFIED.);
#241=B_SPLINE_CURVE_WITH_KNOTS('',3,(#7254,#7255,#7256,#7257,#7258),
 .UNSPECIFIED.,.F.,.F.,(4,1,4),(0.,0.0797713708351166,0.137375751736015),
 .UNSPECIFIED.);
#242=B_SPLINE_CURVE_WITH_KNOTS('',3,(#7260,#7261,#7262,#7263,#7264),
 .UNSPECIFIED.,.F.,.F.,(4,1,4),(-0.137375751736015,-0.0797713708351166,
0.),.UNSPECIFIED.);
#243=B_SPLINE_CURVE_WITH_KNOTS('',3,(#7277,#7278,#7279,#7280,#7281),
 .UNSPECIFIED.,.F.,.F.,(4,1,4),(0.,0.0487439217915985,0.102189906587148),
 .UNSPECIFIED.);
#244=B_SPLINE_CURVE_WITH_KNOTS('',3,(#7283,#7284,#7285,#7286,#7287),
 .UNSPECIFIED.,.F.,.F.,(4,1,4),(-0.102189906587148,-0.0487439217915985,
0.),.UNSPECIFIED.);
#245=B_SPLINE_CURVE_WITH_KNOTS('',3,(#7300,#7301,#7302,#7303,#7304),
 .UNSPECIFIED.,.F.,.F.,(4,1,4),(0.,0.0605430211976481,0.129488415519964),
 .UNSPECIFIED.);
#246=B_SPLINE_CURVE_WITH_KNOTS('',3,(#7306,#7307,#7308,#7309,#7310),
 .UNSPECIFIED.,.F.,.F.,(4,1,4),(-0.129488415519964,-0.0605430211976481,
0.),.UNSPECIFIED.);
#247=B_SPLINE_CURVE_WITH_KNOTS('',3,(#7323,#7324,#7325,#7326,#7327),
 .UNSPECIFIED.,.F.,.F.,(4,1,4),(0.,0.075331124148684,0.141382990503646),
 .UNSPECIFIED.);
#248=B_SPLINE_CURVE_WITH_KNOTS('',3,(#7329,#7330,#7331,#7332,#7333),
 .UNSPECIFIED.,.F.,.F.,(4,1,4),(-0.141382990503646,-0.075331124148684,0.),
 .UNSPECIFIED.);
#249=B_SPLINE_CURVE_WITH_KNOTS('',3,(#7346,#7347,#7348,#7349,#7350),
 .UNSPECIFIED.,.F.,.F.,(4,1,4),(0.,0.0559068986357171,0.101915864978979),
 .UNSPECIFIED.);
#250=B_SPLINE_CURVE_WITH_KNOTS('',3,(#7352,#7353,#7354,#7355,#7356),
 .UNSPECIFIED.,.F.,.F.,(4,1,4),(-0.101915864978979,-0.0559068986357171,
0.),.UNSPECIFIED.);
#251=B_SPLINE_CURVE_WITH_KNOTS('',3,(#7369,#7370,#7371,#7372,#7373),
 .UNSPECIFIED.,.F.,.F.,(4,1,4),(0.,0.0554451338077746,0.137046803408395),
 .UNSPECIFIED.);
#252=B_SPLINE_CURVE_WITH_KNOTS('',3,(#7375,#7376,#7377,#7378,#7379),
 .UNSPECIFIED.,.F.,.F.,(4,1,4),(-0.137046803408395,-0.0554451338077746,
0.),.UNSPECIFIED.);
#253=B_SPLINE_SURFACE_WITH_KNOTS('',3,1,((#4916,#4917),(#4918,#4919),(#4920,
#4921),(#4922,#4923),(#4924,#4925)),.UNSPECIFIED.,.F.,.F.,.F.,(4,1,4),(2,
2),(-0.562048098106435,-0.306870295167722,0.),(0.,0.3),.UNSPECIFIED.);
#254=B_SPLINE_SURFACE_WITH_KNOTS('',3,1,((#4939,#4940),(#4941,#4942),(#4943,
#4944),(#4945,#4946),(#4947,#4948)),.UNSPECIFIED.,.F.,.F.,.F.,(4,1,4),(2,
2),(-0.412029070828204,-0.218902932067742,0.),(0.,0.3),.UNSPECIFIED.);
#255=B_SPLINE_SURFACE_WITH_KNOTS('',3,1,((#4981,#4982),(#4983,#4984),(#4985,
#4986),(#4987,#4988),(#4989,#4990)),.UNSPECIFIED.,.F.,.F.,.F.,(4,1,4),(2,
2),(-0.127943505728282,-0.0774077245784505,0.),(0.,0.3),.UNSPECIFIED.);
#256=B_SPLINE_SURFACE_WITH_KNOTS('',3,1,((#5004,#5005),(#5006,#5007),(#5008,
#5009),(#5010,#5011),(#5012,#5013)),.UNSPECIFIED.,.F.,.F.,.F.,(4,1,4),(2,
2),(-0.0839605250111117,-0.0391092792579728,0.),(0.,0.3),.UNSPECIFIED.);
#257=B_SPLINE_SURFACE_WITH_KNOTS('',3,1,((#5027,#5028),(#5029,#5030),(#5031,
#5032),(#5033,#5034),(#5035,#5036)),.UNSPECIFIED.,.F.,.F.,.F.,(4,1,4),(2,
2),(-0.0976368799027077,-0.0479999410746047,0.),(0.,0.3),.UNSPECIFIED.);
#258=B_SPLINE_SURFACE_WITH_KNOTS('',3,1,((#5050,#5051),(#5052,#5053),(#5054,
#5055),(#5056,#5057),(#5058,#5059)),.UNSPECIFIED.,.F.,.F.,.F.,(4,1,4),(2,
2),(-0.114746637234947,-0.0540706291450847,0.),(0.,0.3),.UNSPECIFIED.);
#259=B_SPLINE_SURFACE_WITH_KNOTS('',3,1,((#5073,#5074),(#5075,#5076),(#5077,
#5078),(#5079,#5080),(#5081,#5082)),.UNSPECIFIED.,.F.,.F.,.F.,(4,1,4),(2,
2),(-0.129379427293585,-0.0677094699398091,0.),(0.,0.3),.UNSPECIFIED.);
#260=B_SPLINE_SURFACE_WITH_KNOTS('',3,1,((#5096,#5097),(#5098,#5099),(#5100,
#5101),(#5102,#5103),(#5104,#5105)),.UNSPECIFIED.,.F.,.F.,.F.,(4,1,4),(2,
2),(-0.103641228383908,-0.0551605179536194,0.),(0.,0.3),.UNSPECIFIED.);
#261=B_SPLINE_SURFACE_WITH_KNOTS('',3,1,((#5119,#5120),(#5121,#5122),(#5123,
#5124),(#5125,#5126),(#5127,#5128)),.UNSPECIFIED.,.F.,.F.,.F.,(4,1,4),(2,
2),(-0.0871921115185868,-0.0446767606552265,0.),(0.,0.3),.UNSPECIFIED.);
#262=B_SPLINE_SURFACE_WITH_KNOTS('',3,1,((#5142,#5143),(#5144,#5145),(#5146,
#5147),(#5148,#5149),(#5150,#5151)),.UNSPECIFIED.,.F.,.F.,.F.,(4,1,4),(2,
2),(-0.177752068217638,-0.0656390564570002,0.),(0.,0.3),.UNSPECIFIED.);
#263=B_SPLINE_SURFACE_WITH_KNOTS('',3,1,((#5183,#5184),(#5185,#5186),(#5187,
#5188),(#5189,#5190),(#5191,#5192)),.UNSPECIFIED.,.F.,.F.,.F.,(4,1,4),(2,
2),(-0.0673534762600817,-0.0429512380248059,0.),(0.,0.3),.UNSPECIFIED.);
#264=B_SPLINE_SURFACE_WITH_KNOTS('',3,1,((#5206,#5207),(#5208,#5209),(#5210,
#5211),(#5212,#5213),(#5214,#5215)),.UNSPECIFIED.,.F.,.F.,.F.,(4,1,4),(2,
2),(-0.0287467330319272,-0.0139008482483724,0.),(0.,0.3),.UNSPECIFIED.);
#265=B_SPLINE_SURFACE_WITH_KNOTS('',3,1,((#5229,#5230),(#5231,#5232),(#5233,
#5234),(#5235,#5236),(#5237,#5238)),.UNSPECIFIED.,.F.,.F.,.F.,(4,1,4),(2,
2),(-0.0318915804423485,-0.0167334153466911,0.),(0.,0.3),.UNSPECIFIED.);
#266=B_SPLINE_SURFACE_WITH_KNOTS('',3,1,((#5252,#5253),(#5254,#5255),(#5256,
#5257),(#5258,#5259),(#5260,#5261)),.UNSPECIFIED.,.F.,.F.,.F.,(4,1,4),(2,
2),(-0.0762043164108781,-0.0273263325011705,0.),(0.,0.3),.UNSPECIFIED.);
#267=B_SPLINE_SURFACE_WITH_KNOTS('',3,1,((#5294,#5295),(#5296,#5297),(#5298,
#5299),(#5300,#5301),(#5302,#5303)),.UNSPECIFIED.,.F.,.F.,.F.,(4,1,4),(2,
2),(-0.020760507817076,-0.011864730140519,0.),(0.,0.3),.UNSPECIFIED.);
#268=B_SPLINE_SURFACE_WITH_KNOTS('',3,1,((#5317,#5318),(#5319,#5320),(#5321,
#5322),(#5323,#5324),(#5325,#5326)),.UNSPECIFIED.,.F.,.F.,.F.,(4,1,4),(2,
2),(-0.0433207015632466,-0.0253588034347598,0.),(0.,0.3),.UNSPECIFIED.);
#269=B_SPLINE_SURFACE_WITH_KNOTS('',3,1,((#5340,#5341),(#5342,#5343),(#5344,
#5345),(#5346,#5347),(#5348,#5349)),.UNSPECIFIED.,.F.,.F.,.F.,(4,1,4),(2,
2),(-0.0869390093581822,-0.0297663970107549,0.),(0.,0.3),.UNSPECIFIED.);
#270=B_SPLINE_SURFACE_WITH_KNOTS('',3,1,((#5363,#5364),(#5365,#5366),(#5367,
#5368),(#5369,#5370),(#5371,#5372)),.UNSPECIFIED.,.F.,.F.,.F.,(4,1,4),(2,
2),(-0.0533124479053533,-0.0319800776106324,0.),(0.,0.3),.UNSPECIFIED.);
#271=B_SPLINE_SURFACE_WITH_KNOTS('',3,1,((#5386,#5387),(#5388,#5389),(#5390,
#5391),(#5392,#5393),(#5394,#5395)),.UNSPECIFIED.,.F.,.F.,.F.,(4,1,4),(2,
2),(-0.0267597990532602,-0.0146482226544331,0.),(0.,0.3),.UNSPECIFIED.);
#272=B_SPLINE_SURFACE_WITH_KNOTS('',3,1,((#5409,#5410),(#5411,#5412),(#5413,
#5414),(#5415,#5416),(#5417,#5418)),.UNSPECIFIED.,.F.,.F.,.F.,(4,1,4),(2,
2),(-0.0435598850465597,-0.0166567250628114,0.),(0.,0.3),.UNSPECIFIED.);
#273=B_SPLINE_SURFACE_WITH_KNOTS('',3,1,((#5438,#5439),(#5440,#5441),(#5442,
#5443),(#5444,#5445),(#5446,#5447)),.UNSPECIFIED.,.F.,.F.,.F.,(4,1,4),(2,
2),(-0.0585205979162228,-0.0362539131269774,0.),(0.,0.3),.UNSPECIFIED.);
#274=B_SPLINE_SURFACE_WITH_KNOTS('',3,1,((#5461,#5462),(#5463,#5464),(#5465,
#5466),(#5467,#5468),(#5469,#5470)),.UNSPECIFIED.,.F.,.F.,.F.,(4,1,4),(2,
2),(-0.062743397422101,-0.0232203353788655,0.),(0.,0.3),.UNSPECIFIED.);
#275=B_SPLINE_SURFACE_WITH_KNOTS('',3,1,((#5490,#5491),(#5492,#5493),(#5494,
#5495),(#5496,#5497),(#5498,#5499)),.UNSPECIFIED.,.F.,.F.,.F.,(4,1,4),(2,
2),(-0.0638771824309323,-0.041349488787295,0.),(0.,0.3),.UNSPECIFIED.);
#276=B_SPLINE_SURFACE_WITH_KNOTS('',3,1,((#5513,#5514),(#5515,#5516),(#5517,
#5518),(#5519,#5520),(#5521,#5522)),.UNSPECIFIED.,.F.,.F.,.F.,(4,1,4),(2,
2),(-0.059274028710059,-0.0215245395467679,0.),(0.,0.3),.UNSPECIFIED.);
#277=B_SPLINE_SURFACE_WITH_KNOTS('',3,1,((#5542,#5543),(#5544,#5545),(#5546,
#5547),(#5548,#5549),(#5550,#5551)),.UNSPECIFIED.,.F.,.F.,.F.,(4,1,4),(2,
2),(-0.150110198835748,-0.0864961630055383,0.),(0.,0.3),.UNSPECIFIED.);
#278=B_SPLINE_SURFACE_WITH_KNOTS('',3,1,((#5565,#5566),(#5567,#5568),(#5569,
#5570),(#5571,#5572),(#5573,#5574)),.UNSPECIFIED.,.F.,.F.,.F.,(4,1,4),(2,
2),(-0.104242345464406,-0.0512889838540771,0.),(0.,0.3),.UNSPECIFIED.);
#279=B_SPLINE_SURFACE_WITH_KNOTS('',3,1,((#5588,#5589),(#5590,#5591),(#5592,
#5593),(#5594,#5595),(#5596,#5597)),.UNSPECIFIED.,.F.,.F.,.F.,(4,1,4),(2,
2),(-0.155021493220688,-0.0652436623439846,0.),(0.,0.3),.UNSPECIFIED.);
#280=B_SPLINE_SURFACE_WITH_KNOTS('',3,1,((#5611,#5612),(#5613,#5614),(#5615,
#5616),(#5617,#5618),(#5619,#5620)),.UNSPECIFIED.,.F.,.F.,.F.,(4,1,4),(2,
2),(-0.101428267421041,-0.0597567451295007,0.),(0.,0.3),.UNSPECIFIED.);
#281=B_SPLINE_SURFACE_WITH_KNOTS('',3,1,((#5634,#5635),(#5636,#5637),(#5638,
#5639),(#5640,#5641),(#5642,#5643)),.UNSPECIFIED.,.F.,.F.,.F.,(4,1,4),(2,
2),(-0.0977780404349635,-0.0408057523512095,0.),(0.,0.3),.UNSPECIFIED.);
#282=B_SPLINE_SURFACE_WITH_KNOTS('',3,1,((#5657,#5658),(#5659,#5660),(#5661,
#5662),(#5663,#5664),(#5665,#5666)),.UNSPECIFIED.,.F.,.F.,.F.,(4,1,4),(2,
2),(-0.113743577486129,-0.0643004495562636,0.),(0.,0.3),.UNSPECIFIED.);
#283=B_SPLINE_SURFACE_WITH_KNOTS('',3,1,((#5680,#5681),(#5682,#5683),(#5684,
#5685),(#5686,#5687),(#5688,#5689)),.UNSPECIFIED.,.F.,.F.,.F.,(4,1,4),(2,
2),(-0.119977303938017,-0.0516293070518239,0.),(0.,0.3),.UNSPECIFIED.);
#284=B_SPLINE_SURFACE_WITH_KNOTS('',3,1,((#5709,#5710),(#5711,#5712),(#5713,
#5714),(#5715,#5716),(#5717,#5718)),.UNSPECIFIED.,.F.,.F.,.F.,(4,1,4),(2,
2),(-0.122207063065479,-0.070729754042785,0.),(0.,0.3),.UNSPECIFIED.);
#285=B_SPLINE_SURFACE_WITH_KNOTS('',3,1,((#5732,#5733),(#5734,#5735),(#5736,
#5737),(#5738,#5739),(#5740,#5741)),.UNSPECIFIED.,.F.,.F.,.F.,(4,1,4),(2,
2),(-0.0813127266754604,-0.0407231198809835,0.),(0.,0.3),.UNSPECIFIED.);
#286=B_SPLINE_SURFACE_WITH_KNOTS('',3,1,((#5755,#5756),(#5757,#5758),(#5759,
#5760),(#5761,#5762),(#5763,#5764)),.UNSPECIFIED.,.F.,.F.,.F.,(4,1,4),(2,
2),(-0.167018657193013,-0.0626956635917429,0.),(0.,0.3),.UNSPECIFIED.);
#287=B_SPLINE_SURFACE_WITH_KNOTS('',3,1,((#5872,#5873),(#5874,#5875),(#5876,
#5877),(#5878,#5879),(#5880,#5881)),.UNSPECIFIED.,.F.,.F.,.F.,(4,1,4),(2,
2),(-0.127943459200894,-0.0774077200134394,0.),(0.,0.3),.UNSPECIFIED.);
#288=B_SPLINE_SURFACE_WITH_KNOTS('',3,1,((#5895,#5896),(#5897,#5898),(#5899,
#5900),(#5901,#5902),(#5903,#5904)),.UNSPECIFIED.,.F.,.F.,.F.,(4,1,4),(2,
2),(-0.083960720665838,-0.0391093508018499,0.),(0.,0.3),.UNSPECIFIED.);
#289=B_SPLINE_SURFACE_WITH_KNOTS('',3,1,((#5918,#5919),(#5920,#5921),(#5922,
#5923),(#5924,#5925),(#5926,#5927)),.UNSPECIFIED.,.F.,.F.,.F.,(4,1,4),(2,
2),(-0.0976368799027077,-0.0479999410746047,0.),(0.,0.3),.UNSPECIFIED.);
#290=B_SPLINE_SURFACE_WITH_KNOTS('',3,1,((#5941,#5942),(#5943,#5944),(#5945,
#5946),(#5947,#5948),(#5949,#5950)),.UNSPECIFIED.,.F.,.F.,.F.,(4,1,4),(2,
2),(-0.114746874841646,-0.0540706291450847,0.),(0.,0.3),.UNSPECIFIED.);
#291=B_SPLINE_SURFACE_WITH_KNOTS('',3,1,((#5964,#5965),(#5966,#5967),(#5968,
#5969),(#5970,#5971),(#5972,#5973)),.UNSPECIFIED.,.F.,.F.,.F.,(4,1,4),(2,
2),(-0.129379189791009,-0.0677092324372334,0.),(0.,0.3),.UNSPECIFIED.);
#292=B_SPLINE_SURFACE_WITH_KNOTS('',3,1,((#5987,#5988),(#5989,#5990),(#5991,
#5992),(#5993,#5994),(#5995,#5996)),.UNSPECIFIED.,.F.,.F.,.F.,(4,1,4),(2,
2),(-0.103641228383908,-0.0551605179536194,0.),(0.,0.3),.UNSPECIFIED.);
#293=B_SPLINE_SURFACE_WITH_KNOTS('',3,1,((#6010,#6011),(#6012,#6013),(#6014,
#6015),(#6016,#6017),(#6018,#6019)),.UNSPECIFIED.,.F.,.F.,.F.,(4,1,4),(2,
2),(-0.0871921728087561,-0.0446766452900686,0.),(0.,0.3),.UNSPECIFIED.);
#294=B_SPLINE_SURFACE_WITH_KNOTS('',3,1,((#6033,#6034),(#6035,#6036),(#6037,
#6038),(#6039,#6040),(#6041,#6042)),.UNSPECIFIED.,.F.,.F.,.F.,(4,1,4),(2,
2),(-0.177752062963908,-0.0656390564570002,0.),(0.,0.3),.UNSPECIFIED.);
#295=B_SPLINE_SURFACE_WITH_KNOTS('',3,1,((#6074,#6075),(#6076,#6077),(#6078,
#6079),(#6080,#6081),(#6082,#6083)),.UNSPECIFIED.,.F.,.F.,.F.,(4,1,4),(2,
2),(-0.0673534762600817,-0.0429512380248059,0.),(0.,0.3),.UNSPECIFIED.);
#296=B_SPLINE_SURFACE_WITH_KNOTS('',3,1,((#6097,#6098),(#6099,#6100),(#6101,
#6102),(#6103,#6104),(#6105,#6106)),.UNSPECIFIED.,.F.,.F.,.F.,(4,1,4),(2,
2),(-0.0287469641559764,-0.0139008482483724,0.),(0.,0.3),.UNSPECIFIED.);
#297=B_SPLINE_SURFACE_WITH_KNOTS('',3,1,((#6120,#6121),(#6122,#6123),(#6124,
#6125),(#6126,#6127),(#6128,#6129)),.UNSPECIFIED.,.F.,.F.,.F.,(4,1,4),(2,
2),(-0.0318914937435202,-0.0167331838921657,0.),(0.,0.3),.UNSPECIFIED.);
#298=B_SPLINE_SURFACE_WITH_KNOTS('',3,1,((#6143,#6144),(#6145,#6146),(#6147,
#6148),(#6149,#6150),(#6151,#6152)),.UNSPECIFIED.,.F.,.F.,.F.,(4,1,4),(2,
2),(-0.0762042722993214,-0.0273262953191454,0.),(0.,0.3),.UNSPECIFIED.);
#299=B_SPLINE_SURFACE_WITH_KNOTS('',3,1,((#6185,#6186),(#6187,#6188),(#6189,
#6190),(#6191,#6192),(#6193,#6194)),.UNSPECIFIED.,.F.,.F.,.F.,(4,1,4),(2,
2),(-0.0207600310258753,-0.011864730140519,0.),(0.,0.3),.UNSPECIFIED.);
#300=B_SPLINE_SURFACE_WITH_KNOTS('',3,1,((#6208,#6209),(#6210,#6211),(#6212,
#6213),(#6214,#6215),(#6216,#6217)),.UNSPECIFIED.,.F.,.F.,.F.,(4,1,4),(2,
2),(-0.0433205162726445,-0.0253588034347598,0.),(0.,0.3),.UNSPECIFIED.);
#301=B_SPLINE_SURFACE_WITH_KNOTS('',3,1,((#6231,#6232),(#6233,#6234),(#6235,
#6236),(#6237,#6238),(#6239,#6240)),.UNSPECIFIED.,.F.,.F.,.F.,(4,1,4),(2,
2),(-0.0869390598197026,-0.0297664474722752,0.),(0.,0.3),.UNSPECIFIED.);
#302=B_SPLINE_SURFACE_WITH_KNOTS('',3,1,((#6254,#6255),(#6256,#6257),(#6258,
#6259),(#6260,#6261),(#6262,#6263)),.UNSPECIFIED.,.F.,.F.,.F.,(4,1,4),(2,
2),(-0.0533123899183727,-0.0319800776106324,0.),(0.,0.3),.UNSPECIFIED.);
#303=B_SPLINE_SURFACE_WITH_KNOTS('',3,1,((#6277,#6278),(#6279,#6280),(#6281,
#6282),(#6283,#6284),(#6285,#6286)),.UNSPECIFIED.,.F.,.F.,.F.,(4,1,4),(2,
2),(-0.0267597990532602,-0.0146482226544331,0.),(0.,0.3),.UNSPECIFIED.);
#304=B_SPLINE_SURFACE_WITH_KNOTS('',3,1,((#6300,#6301),(#6302,#6303),(#6304,
#6305),(#6306,#6307),(#6308,#6309)),.UNSPECIFIED.,.F.,.F.,.F.,(4,1,4),(2,
2),(-0.0435596431027299,-0.0166569593474834,0.),(0.,0.3),.UNSPECIFIED.);
#305=B_SPLINE_SURFACE_WITH_KNOTS('',3,1,((#6329,#6330),(#6331,#6332),(#6333,
#6334),(#6335,#6336),(#6337,#6338)),.UNSPECIFIED.,.F.,.F.,.F.,(4,1,4),(2,
2),(-0.0585208347293624,-0.0362541499401171,0.),(0.,0.3),.UNSPECIFIED.);
#306=B_SPLINE_SURFACE_WITH_KNOTS('',3,1,((#6352,#6353),(#6354,#6355),(#6356,
#6357),(#6358,#6359),(#6360,#6361)),.UNSPECIFIED.,.F.,.F.,.F.,(4,1,4),(2,
2),(-0.0627431177276623,-0.0232200556844268,0.),(0.,0.3),.UNSPECIFIED.);
#307=B_SPLINE_SURFACE_WITH_KNOTS('',3,1,((#6381,#6382),(#6383,#6384),(#6385,
#6386),(#6387,#6388),(#6389,#6390)),.UNSPECIFIED.,.F.,.F.,.F.,(4,1,4),(2,
2),(-0.0638772530467451,-0.0413494731163231,0.),(0.,0.3),.UNSPECIFIED.);
#308=B_SPLINE_SURFACE_WITH_KNOTS('',3,1,((#6404,#6405),(#6406,#6407),(#6408,
#6409),(#6410,#6411),(#6412,#6413)),.UNSPECIFIED.,.F.,.F.,.F.,(4,1,4),(2,
2),(-0.0592735178122045,-0.0215249774031343,0.),(0.,0.3),.UNSPECIFIED.);
#309=B_SPLINE_SURFACE_WITH_KNOTS('',3,1,((#6433,#6434),(#6435,#6436),(#6437,
#6438),(#6439,#6440),(#6441,#6442)),.UNSPECIFIED.,.F.,.F.,.F.,(4,1,4),(2,
2),(-0.150109964331548,-0.0864961630055383,0.),(0.,0.3),.UNSPECIFIED.);
#310=B_SPLINE_SURFACE_WITH_KNOTS('',3,1,((#6456,#6457),(#6458,#6459),(#6460,
#6461),(#6462,#6463),(#6464,#6465)),.UNSPECIFIED.,.F.,.F.,.F.,(4,1,4),(2,
2),(-0.104242669724064,-0.0512889838540771,0.),(0.,0.3),.UNSPECIFIED.);
#311=B_SPLINE_SURFACE_WITH_KNOTS('',3,1,((#6479,#6480),(#6481,#6482),(#6483,
#6484),(#6485,#6486),(#6487,#6488)),.UNSPECIFIED.,.F.,.F.,.F.,(4,1,4),(2,
2),(-0.155021451884422,-0.0652436623439846,0.),(0.,0.3),.UNSPECIFIED.);
#312=B_SPLINE_SURFACE_WITH_KNOTS('',3,1,((#6502,#6503),(#6504,#6505),(#6506,
#6507),(#6508,#6509),(#6510,#6511)),.UNSPECIFIED.,.F.,.F.,.F.,(4,1,4),(2,
2),(-0.101428194997681,-0.059756767061921,0.),(0.,0.3),.UNSPECIFIED.);
#313=B_SPLINE_SURFACE_WITH_KNOTS('',3,1,((#6525,#6526),(#6527,#6528),(#6529,
#6530),(#6531,#6532),(#6533,#6534)),.UNSPECIFIED.,.F.,.F.,.F.,(4,1,4),(2,
2),(-0.0977778495239713,-0.0408055614402173,0.),(0.,0.3),.UNSPECIFIED.);
#314=B_SPLINE_SURFACE_WITH_KNOTS('',3,1,((#6548,#6549),(#6550,#6551),(#6552,
#6553),(#6554,#6555),(#6556,#6557)),.UNSPECIFIED.,.F.,.F.,.F.,(4,1,4),(2,
2),(-0.113743397587877,-0.0643004495562636,0.),(0.,0.3),.UNSPECIFIED.);
#315=B_SPLINE_SURFACE_WITH_KNOTS('',3,1,((#6571,#6572),(#6573,#6574),(#6575,
#6576),(#6577,#6578),(#6579,#6580)),.UNSPECIFIED.,.F.,.F.,.F.,(4,1,4),(2,
2),(-0.119977370521139,-0.051629396043224,0.),(0.,0.3),.UNSPECIFIED.);
#316=B_SPLINE_SURFACE_WITH_KNOTS('',3,1,((#6600,#6601),(#6602,#6603),(#6604,
#6605),(#6606,#6607),(#6608,#6609)),.UNSPECIFIED.,.F.,.F.,.F.,(4,1,4),(2,
2),(-0.122206965559572,-0.0707297852718075,0.),(0.,0.3),.UNSPECIFIED.);
#317=B_SPLINE_SURFACE_WITH_KNOTS('',3,1,((#6623,#6624),(#6625,#6626),(#6627,
#6628),(#6629,#6630),(#6631,#6632)),.UNSPECIFIED.,.F.,.F.,.F.,(4,1,4),(2,
2),(-0.0813123046578802,-0.0407226978634033,0.),(0.,0.3),.UNSPECIFIED.);
#318=B_SPLINE_SURFACE_WITH_KNOTS('',3,1,((#6646,#6647),(#6648,#6649),(#6650,
#6651),(#6652,#6653),(#6654,#6655)),.UNSPECIFIED.,.F.,.F.,.F.,(4,1,4),(2,
2),(-0.167019133748634,-0.0626956635917429,0.),(0.,0.3),.UNSPECIFIED.);
#319=B_SPLINE_SURFACE_WITH_KNOTS('',3,1,((#6696,#6697),(#6698,#6699),(#6700,
#6701),(#6702,#6703),(#6704,#6705)),.UNSPECIFIED.,.F.,.F.,.F.,(4,1,4),(2,
2),(-0.0537232174042842,-0.0340221060146632,0.),(0.,0.3),.UNSPECIFIED.);
#320=B_SPLINE_SURFACE_WITH_KNOTS('',3,1,((#6719,#6720),(#6721,#6722),(#6723,
#6724),(#6725,#6726),(#6727,#6728)),.UNSPECIFIED.,.F.,.F.,.F.,(4,1,4),(2,
2),(-0.0281444766227585,-0.0130507297444169,0.),(0.,0.3),.UNSPECIFIED.);
#321=B_SPLINE_SURFACE_WITH_KNOTS('',3,1,((#6742,#6743),(#6744,#6745),(#6746,
#6747),(#6748,#6749),(#6750,#6751)),.UNSPECIFIED.,.F.,.F.,.F.,(4,1,4),(2,
2),(-0.0334929607918139,-0.0169310914865491,0.),(0.,0.3),.UNSPECIFIED.);
#322=B_SPLINE_SURFACE_WITH_KNOTS('',3,1,((#6765,#6766),(#6767,#6768),(#6769,
#6770),(#6771,#6772),(#6773,#6774)),.UNSPECIFIED.,.F.,.F.,.F.,(4,1,4),(2,
2),(-0.0478991506641504,-0.0205951543650805,0.),(0.,0.3),.UNSPECIFIED.);
#323=B_SPLINE_SURFACE_WITH_KNOTS('',3,1,((#6788,#6789),(#6790,#6791),(#6792,
#6793),(#6794,#6795),(#6796,#6797)),.UNSPECIFIED.,.F.,.F.,.F.,(4,1,4),(2,
2),(-0.0617034341389344,-0.0352089229045309,0.),(0.,0.3),.UNSPECIFIED.);
#324=B_SPLINE_SURFACE_WITH_KNOTS('',3,1,((#6811,#6812),(#6813,#6814),(#6815,
#6816),(#6817,#6818),(#6819,#6820)),.UNSPECIFIED.,.F.,.F.,.F.,(4,1,4),(2,
2),(-0.0770249862977279,-0.0299164320166255,0.),(0.,0.3),.UNSPECIFIED.);
#325=B_SPLINE_SURFACE_WITH_KNOTS('',3,1,((#6834,#6835),(#6836,#6837),(#6838,
#6839),(#6840,#6841),(#6842,#6843)),.UNSPECIFIED.,.F.,.F.,.F.,(4,1,4),(2,
2),(-0.222121613812096,-0.135816256780607,0.),(0.,0.3),.UNSPECIFIED.);
#326=B_SPLINE_SURFACE_WITH_KNOTS('',3,1,((#6857,#6858),(#6859,#6860),(#6861,
#6862),(#6863,#6864),(#6865,#6866)),.UNSPECIFIED.,.F.,.F.,.F.,(4,1,4),(2,
2),(-0.175986111843915,-0.0741653392588046,0.),(0.,0.3),.UNSPECIFIED.);
#327=B_SPLINE_SURFACE_WITH_KNOTS('',3,1,((#6880,#6881),(#6882,#6883),(#6884,
#6885),(#6886,#6887),(#6888,#6889)),.UNSPECIFIED.,.F.,.F.,.F.,(4,1,4),(2,
2),(-0.128304351957289,-0.074411816946792,0.),(0.,0.3),.UNSPECIFIED.);
#328=B_SPLINE_SURFACE_WITH_KNOTS('',3,1,((#6903,#6904),(#6905,#6906),(#6907,
#6908),(#6909,#6910),(#6911,#6912)),.UNSPECIFIED.,.F.,.F.,.F.,(4,1,4),(2,
2),(-0.104383715999643,-0.0474129911717158,0.),(0.,0.3),.UNSPECIFIED.);
#329=B_SPLINE_SURFACE_WITH_KNOTS('',3,1,((#6926,#6927),(#6928,#6929),(#6930,
#6931),(#6932,#6933),(#6934,#6935)),.UNSPECIFIED.,.F.,.F.,.F.,(4,1,4),(2,
2),(-0.137066097575857,-0.0653356165975738,0.),(0.,0.3),.UNSPECIFIED.);
#330=B_SPLINE_SURFACE_WITH_KNOTS('',3,1,((#6949,#6950),(#6951,#6952),(#6953,
#6954),(#6955,#6956),(#6957,#6958)),.UNSPECIFIED.,.F.,.F.,.F.,(4,1,4),(2,
2),(-0.147142225179478,-0.0777963036020857,0.),(0.,0.3),.UNSPECIFIED.);
#331=B_SPLINE_SURFACE_WITH_KNOTS('',3,1,((#6972,#6973),(#6974,#6975),(#6976,
#6977),(#6978,#6979),(#6980,#6981)),.UNSPECIFIED.,.F.,.F.,.F.,(4,1,4),(2,
2),(-0.113567931087064,-0.060657210494261,0.),(0.,0.3),.UNSPECIFIED.);
#332=B_SPLINE_SURFACE_WITH_KNOTS('',3,1,((#6995,#6996),(#6997,#6998),(#6999,
#7000),(#7001,#7002),(#7003,#7004)),.UNSPECIFIED.,.F.,.F.,.F.,(4,1,4),(2,
2),(-0.140550121582536,-0.0607402243993835,0.),(0.,0.3),.UNSPECIFIED.);
#333=B_SPLINE_SURFACE_WITH_KNOTS('',3,1,((#7036,#7037),(#7038,#7039),(#7040,
#7041),(#7042,#7043),(#7044,#7045)),.UNSPECIFIED.,.F.,.F.,.F.,(4,1,4),(2,
2),(-0.0587467211710828,-0.0369925375895125,0.),(0.,0.3),.UNSPECIFIED.);
#334=B_SPLINE_SURFACE_WITH_KNOTS('',3,1,((#7059,#7060),(#7061,#7062),(#7063,
#7064),(#7065,#7066),(#7067,#7068)),.UNSPECIFIED.,.F.,.F.,.F.,(4,1,4),(2,
2),(-0.0327468388403423,-0.0148528174902178,0.),(0.,0.3),.UNSPECIFIED.);
#335=B_SPLINE_SURFACE_WITH_KNOTS('',3,1,((#7082,#7083),(#7084,#7085),(#7086,
#7087),(#7088,#7089),(#7090,#7091)),.UNSPECIFIED.,.F.,.F.,.F.,(4,1,4),(2,
2),(-0.0362440615903685,-0.0185510841358206,0.),(0.,0.3),.UNSPECIFIED.);
#336=B_SPLINE_SURFACE_WITH_KNOTS('',3,1,((#7105,#7106),(#7107,#7108),(#7109,
#7110),(#7111,#7112),(#7113,#7114)),.UNSPECIFIED.,.F.,.F.,.F.,(4,1,4),(2,
2),(-0.0499162093183646,-0.0216370067599459,0.),(0.,0.3),.UNSPECIFIED.);
#337=B_SPLINE_SURFACE_WITH_KNOTS('',3,1,((#7128,#7129),(#7130,#7131),(#7132,
#7133),(#7134,#7135),(#7136,#7137)),.UNSPECIFIED.,.F.,.F.,.F.,(4,1,4),(2,
2),(-0.0955477923092671,-0.0586294455243024,0.),(0.,0.3),.UNSPECIFIED.);
#338=B_SPLINE_SURFACE_WITH_KNOTS('',3,1,((#7151,#7152),(#7153,#7154),(#7155,
#7156),(#7157,#7158),(#7159,#7160)),.UNSPECIFIED.,.F.,.F.,.F.,(4,1,4),(2,
2),(-0.121596749623764,-0.0448738826042132,0.),(0.,0.3),.UNSPECIFIED.);
#339=B_SPLINE_SURFACE_WITH_KNOTS('',3,1,((#7174,#7175),(#7176,#7177),(#7178,
#7179),(#7180,#7181),(#7182,#7183)),.UNSPECIFIED.,.F.,.F.,.F.,(4,1,4),(2,
2),(-0.127073666671118,-0.0782624390165242,0.),(0.,0.3),.UNSPECIFIED.);
#340=B_SPLINE_SURFACE_WITH_KNOTS('',3,1,((#7197,#7198),(#7199,#7200),(#7201,
#7202),(#7203,#7204),(#7205,#7206)),.UNSPECIFIED.,.F.,.F.,.F.,(4,1,4),(2,
2),(-0.07708389462144,-0.0360070332522211,0.),(0.,0.3),.UNSPECIFIED.);
#341=B_SPLINE_SURFACE_WITH_KNOTS('',3,1,((#7220,#7221),(#7222,#7223),(#7224,
#7225),(#7226,#7227),(#7228,#7229)),.UNSPECIFIED.,.F.,.F.,.F.,(4,1,4),(2,
2),(-0.106525562763112,-0.0483177307361948,0.),(0.,0.3),.UNSPECIFIED.);
#342=B_SPLINE_SURFACE_WITH_KNOTS('',3,1,((#7243,#7244),(#7245,#7246),(#7247,
#7248),(#7249,#7250),(#7251,#7252)),.UNSPECIFIED.,.F.,.F.,.F.,(4,1,4),(2,
2),(-0.137375751736015,-0.0797713708351166,0.),(0.,0.3),.UNSPECIFIED.);
#343=B_SPLINE_SURFACE_WITH_KNOTS('',3,1,((#7266,#7267),(#7268,#7269),(#7270,
#7271),(#7272,#7273),(#7274,#7275)),.UNSPECIFIED.,.F.,.F.,.F.,(4,1,4),(2,
2),(-0.102189906587148,-0.0487439217915985,0.),(0.,0.3),.UNSPECIFIED.);
#344=B_SPLINE_SURFACE_WITH_KNOTS('',3,1,((#7289,#7290),(#7291,#7292),(#7293,
#7294),(#7295,#7296),(#7297,#7298)),.UNSPECIFIED.,.F.,.F.,.F.,(4,1,4),(2,
2),(-0.129488415519964,-0.0605430211976481,0.),(0.,0.3),.UNSPECIFIED.);
#345=B_SPLINE_SURFACE_WITH_KNOTS('',3,1,((#7312,#7313),(#7314,#7315),(#7316,
#7317),(#7318,#7319),(#7320,#7321)),.UNSPECIFIED.,.F.,.F.,.F.,(4,1,4),(2,
2),(-0.141382990503646,-0.075331124148684,0.),(0.,0.3),.UNSPECIFIED.);
#346=B_SPLINE_SURFACE_WITH_KNOTS('',3,1,((#7335,#7336),(#7337,#7338),(#7339,
#7340),(#7341,#7342),(#7343,#7344)),.UNSPECIFIED.,.F.,.F.,.F.,(4,1,4),(2,
2),(-0.101915864978979,-0.0559068986357171,0.),(0.,0.3),.UNSPECIFIED.);
#347=B_SPLINE_SURFACE_WITH_KNOTS('',3,1,((#7358,#7359),(#7360,#7361),(#7362,
#7363),(#7364,#7365),(#7366,#7367)),.UNSPECIFIED.,.F.,.F.,.F.,(4,1,4),(2,
2),(-0.137046803408395,-0.0554451338077746,0.),(0.,0.3),.UNSPECIFIED.);
#348=FACE_OUTER_BOUND('',#562,.T.);
#349=FACE_OUTER_BOUND('',#563,.T.);
#350=FACE_OUTER_BOUND('',#564,.T.);
#351=FACE_OUTER_BOUND('',#565,.T.);
#352=FACE_OUTER_BOUND('',#566,.T.);
#353=FACE_OUTER_BOUND('',#567,.T.);
#354=FACE_OUTER_BOUND('',#568,.T.);
#355=FACE_OUTER_BOUND('',#569,.T.);
#356=FACE_OUTER_BOUND('',#570,.T.);
#357=FACE_OUTER_BOUND('',#571,.T.);
#358=FACE_OUTER_BOUND('',#572,.T.);
#359=FACE_OUTER_BOUND('',#573,.T.);
#360=FACE_OUTER_BOUND('',#574,.T.);
#361=FACE_OUTER_BOUND('',#575,.T.);
#362=FACE_OUTER_BOUND('',#576,.T.);
#363=FACE_OUTER_BOUND('',#577,.T.);
#364=FACE_OUTER_BOUND('',#578,.T.);
#365=FACE_OUTER_BOUND('',#579,.T.);
#366=FACE_OUTER_BOUND('',#580,.T.);
#367=FACE_OUTER_BOUND('',#581,.T.);
#368=FACE_OUTER_BOUND('',#582,.T.);
#369=FACE_OUTER_BOUND('',#583,.T.);
#370=FACE_OUTER_BOUND('',#584,.T.);
#371=FACE_OUTER_BOUND('',#585,.T.);
#372=FACE_OUTER_BOUND('',#586,.T.);
#373=FACE_OUTER_BOUND('',#587,.T.);
#374=FACE_OUTER_BOUND('',#588,.T.);
#375=FACE_OUTER_BOUND('',#589,.T.);
#376=FACE_OUTER_BOUND('',#590,.T.);
#377=FACE_OUTER_BOUND('',#591,.T.);
#378=FACE_OUTER_BOUND('',#592,.T.);
#379=FACE_OUTER_BOUND('',#593,.T.);
#380=FACE_OUTER_BOUND('',#594,.T.);
#381=FACE_OUTER_BOUND('',#595,.T.);
#382=FACE_OUTER_BOUND('',#596,.T.);
#383=FACE_OUTER_BOUND('',#597,.T.);
#384=FACE_OUTER_BOUND('',#598,.T.);
#385=FACE_OUTER_BOUND('',#599,.T.);
#386=FACE_OUTER_BOUND('',#600,.T.);
#387=FACE_OUTER_BOUND('',#601,.T.);
#388=FACE_OUTER_BOUND('',#602,.T.);
#389=FACE_OUTER_BOUND('',#603,.T.);
#390=FACE_OUTER_BOUND('',#604,.T.);
#391=FACE_OUTER_BOUND('',#605,.T.);
#392=FACE_OUTER_BOUND('',#606,.T.);
#393=FACE_OUTER_BOUND('',#607,.T.);
#394=FACE_OUTER_BOUND('',#608,.T.);
#395=FACE_OUTER_BOUND('',#609,.T.);
#396=FACE_OUTER_BOUND('',#610,.T.);
#397=FACE_OUTER_BOUND('',#611,.T.);
#398=FACE_OUTER_BOUND('',#612,.T.);
#399=FACE_OUTER_BOUND('',#613,.T.);
#400=FACE_OUTER_BOUND('',#614,.T.);
#401=FACE_OUTER_BOUND('',#615,.T.);
#402=FACE_OUTER_BOUND('',#616,.T.);
#403=FACE_OUTER_BOUND('',#617,.T.);
#404=FACE_OUTER_BOUND('',#620,.T.);
#405=FACE_OUTER_BOUND('',#621,.T.);
#406=FACE_OUTER_BOUND('',#622,.T.);
#407=FACE_OUTER_BOUND('',#623,.T.);
#408=FACE_OUTER_BOUND('',#624,.T.);
#409=FACE_OUTER_BOUND('',#625,.T.);
#410=FACE_OUTER_BOUND('',#626,.T.);
#411=FACE_OUTER_BOUND('',#627,.T.);
#412=FACE_OUTER_BOUND('',#628,.T.);
#413=FACE_OUTER_BOUND('',#629,.T.);
#414=FACE_OUTER_BOUND('',#630,.T.);
#415=FACE_OUTER_BOUND('',#631,.T.);
#416=FACE_OUTER_BOUND('',#632,.T.);
#417=FACE_OUTER_BOUND('',#633,.T.);
#418=FACE_OUTER_BOUND('',#634,.T.);
#419=FACE_OUTER_BOUND('',#635,.T.);
#420=FACE_OUTER_BOUND('',#636,.T.);
#421=FACE_OUTER_BOUND('',#637,.T.);
#422=FACE_OUTER_BOUND('',#638,.T.);
#423=FACE_OUTER_BOUND('',#639,.T.);
#424=FACE_OUTER_BOUND('',#640,.T.);
#425=FACE_OUTER_BOUND('',#641,.T.);
#426=FACE_OUTER_BOUND('',#642,.T.);
#427=FACE_OUTER_BOUND('',#643,.T.);
#428=FACE_OUTER_BOUND('',#644,.T.);
#429=FACE_OUTER_BOUND('',#645,.T.);
#430=FACE_OUTER_BOUND('',#646,.T.);
#431=FACE_OUTER_BOUND('',#647,.T.);
#432=FACE_OUTER_BOUND('',#648,.T.);
#433=FACE_OUTER_BOUND('',#649,.T.);
#434=FACE_OUTER_BOUND('',#650,.T.);
#435=FACE_OUTER_BOUND('',#651,.T.);
#436=FACE_OUTER_BOUND('',#652,.T.);
#437=FACE_OUTER_BOUND('',#653,.T.);
#438=FACE_OUTER_BOUND('',#654,.T.);
#439=FACE_OUTER_BOUND('',#655,.T.);
#440=FACE_OUTER_BOUND('',#656,.T.);
#441=FACE_OUTER_BOUND('',#657,.T.);
#442=FACE_OUTER_BOUND('',#658,.T.);
#443=FACE_OUTER_BOUND('',#659,.T.);
#444=FACE_OUTER_BOUND('',#660,.T.);
#445=FACE_OUTER_BOUND('',#661,.T.);
#446=FACE_OUTER_BOUND('',#662,.T.);
#447=FACE_OUTER_BOUND('',#663,.T.);
#448=FACE_OUTER_BOUND('',#664,.T.);
#449=FACE_OUTER_BOUND('',#665,.T.);
#450=FACE_OUTER_BOUND('',#666,.T.);
#451=FACE_OUTER_BOUND('',#667,.T.);
#452=FACE_OUTER_BOUND('',#668,.T.);
#453=FACE_OUTER_BOUND('',#669,.T.);
#454=FACE_OUTER_BOUND('',#670,.T.);
#455=FACE_OUTER_BOUND('',#671,.T.);
#456=FACE_OUTER_BOUND('',#672,.T.);
#457=FACE_OUTER_BOUND('',#673,.T.);
#458=FACE_OUTER_BOUND('',#674,.T.);
#459=FACE_OUTER_BOUND('',#675,.T.);
#460=FACE_OUTER_BOUND('',#676,.T.);
#461=FACE_OUTER_BOUND('',#677,.T.);
#462=FACE_OUTER_BOUND('',#678,.T.);
#463=FACE_OUTER_BOUND('',#679,.T.);
#464=FACE_OUTER_BOUND('',#680,.T.);
#465=FACE_OUTER_BOUND('',#681,.T.);
#466=FACE_OUTER_BOUND('',#684,.T.);
#467=FACE_OUTER_BOUND('',#685,.T.);
#468=FACE_OUTER_BOUND('',#686,.T.);
#469=FACE_OUTER_BOUND('',#687,.T.);
#470=FACE_OUTER_BOUND('',#688,.T.);
#471=FACE_OUTER_BOUND('',#689,.T.);
#472=FACE_OUTER_BOUND('',#690,.T.);
#473=FACE_OUTER_BOUND('',#691,.T.);
#474=FACE_OUTER_BOUND('',#692,.T.);
#475=FACE_OUTER_BOUND('',#693,.T.);
#476=FACE_OUTER_BOUND('',#694,.T.);
#477=FACE_OUTER_BOUND('',#695,.T.);
#478=FACE_OUTER_BOUND('',#696,.T.);
#479=FACE_OUTER_BOUND('',#697,.T.);
#480=FACE_OUTER_BOUND('',#698,.T.);
#481=FACE_OUTER_BOUND('',#699,.T.);
#482=FACE_OUTER_BOUND('',#700,.T.);
#483=FACE_OUTER_BOUND('',#701,.T.);
#484=FACE_OUTER_BOUND('',#702,.T.);
#485=FACE_OUTER_BOUND('',#703,.T.);
#486=FACE_OUTER_BOUND('',#704,.T.);
#487=FACE_OUTER_BOUND('',#705,.T.);
#488=FACE_OUTER_BOUND('',#706,.T.);
#489=FACE_OUTER_BOUND('',#707,.T.);
#490=FACE_OUTER_BOUND('',#708,.T.);
#491=FACE_OUTER_BOUND('',#709,.T.);
#492=FACE_OUTER_BOUND('',#710,.T.);
#493=FACE_OUTER_BOUND('',#711,.T.);
#494=FACE_OUTER_BOUND('',#712,.T.);
#495=FACE_OUTER_BOUND('',#713,.T.);
#496=FACE_OUTER_BOUND('',#714,.T.);
#497=FACE_OUTER_BOUND('',#715,.T.);
#498=FACE_OUTER_BOUND('',#716,.T.);
#499=FACE_OUTER_BOUND('',#717,.T.);
#500=FACE_OUTER_BOUND('',#718,.T.);
#501=FACE_OUTER_BOUND('',#719,.T.);
#502=FACE_OUTER_BOUND('',#720,.T.);
#503=FACE_OUTER_BOUND('',#721,.T.);
#504=FACE_OUTER_BOUND('',#722,.T.);
#505=FACE_OUTER_BOUND('',#723,.T.);
#506=FACE_OUTER_BOUND('',#724,.T.);
#507=FACE_OUTER_BOUND('',#725,.T.);
#508=FACE_OUTER_BOUND('',#726,.T.);
#509=FACE_OUTER_BOUND('',#727,.T.);
#510=FACE_OUTER_BOUND('',#728,.T.);
#511=FACE_OUTER_BOUND('',#729,.T.);
#512=FACE_OUTER_BOUND('',#730,.T.);
#513=FACE_OUTER_BOUND('',#731,.T.);
#514=FACE_OUTER_BOUND('',#732,.T.);
#515=FACE_OUTER_BOUND('',#733,.T.);
#516=FACE_OUTER_BOUND('',#734,.T.);
#517=FACE_OUTER_BOUND('',#735,.T.);
#518=FACE_OUTER_BOUND('',#736,.T.);
#519=FACE_OUTER_BOUND('',#737,.T.);
#520=FACE_OUTER_BOUND('',#738,.T.);
#521=FACE_OUTER_BOUND('',#739,.T.);
#522=FACE_OUTER_BOUND('',#740,.T.);
#523=FACE_OUTER_BOUND('',#741,.T.);
#524=FACE_OUTER_BOUND('',#742,.T.);
#525=FACE_OUTER_BOUND('',#743,.T.);
#526=FACE_OUTER_BOUND('',#744,.T.);
#527=FACE_OUTER_BOUND('',#745,.T.);
#528=FACE_OUTER_BOUND('',#746,.T.);
#529=FACE_OUTER_BOUND('',#747,.T.);
#530=FACE_OUTER_BOUND('',#748,.T.);
#531=FACE_OUTER_BOUND('',#749,.T.);
#532=FACE_OUTER_BOUND('',#750,.T.);
#533=FACE_OUTER_BOUND('',#751,.T.);
#534=FACE_OUTER_BOUND('',#752,.T.);
#535=FACE_OUTER_BOUND('',#753,.T.);
#536=FACE_OUTER_BOUND('',#754,.T.);
#537=FACE_OUTER_BOUND('',#755,.T.);
#538=FACE_OUTER_BOUND('',#756,.T.);
#539=FACE_OUTER_BOUND('',#757,.T.);
#540=FACE_OUTER_BOUND('',#758,.T.);
#541=FACE_OUTER_BOUND('',#759,.T.);
#542=FACE_OUTER_BOUND('',#760,.T.);
#543=FACE_OUTER_BOUND('',#761,.T.);
#544=FACE_OUTER_BOUND('',#762,.T.);
#545=FACE_OUTER_BOUND('',#763,.T.);
#546=FACE_OUTER_BOUND('',#764,.T.);
#547=FACE_OUTER_BOUND('',#765,.T.);
#548=FACE_OUTER_BOUND('',#766,.T.);
#549=FACE_OUTER_BOUND('',#767,.T.);
#550=FACE_OUTER_BOUND('',#768,.T.);
#551=FACE_OUTER_BOUND('',#772,.T.);
#552=FACE_OUTER_BOUND('',#773,.T.);
#553=FACE_OUTER_BOUND('',#775,.T.);
#554=FACE_OUTER_BOUND('',#777,.T.);
#555=FACE_OUTER_BOUND('',#779,.T.);
#556=FACE_OUTER_BOUND('',#780,.T.);
#557=FACE_OUTER_BOUND('',#781,.T.);
#558=FACE_OUTER_BOUND('',#783,.T.);
#559=FACE_OUTER_BOUND('',#787,.T.);
#560=FACE_OUTER_BOUND('',#788,.T.);
#561=FACE_OUTER_BOUND('',#790,.T.);
#562=EDGE_LOOP('',(#2566,#2567,#2568,#2569));
#563=EDGE_LOOP('',(#2570,#2571,#2572,#2573));
#564=EDGE_LOOP('',(#2574,#2575,#2576,#2577));
#565=EDGE_LOOP('',(#2578,#2579,#2580,#2581));
#566=EDGE_LOOP('',(#2582,#2583,#2584,#2585));
#567=EDGE_LOOP('',(#2586,#2587,#2588,#2589));
#568=EDGE_LOOP('',(#2590,#2591,#2592,#2593));
#569=EDGE_LOOP('',(#2594,#2595,#2596,#2597));
#570=EDGE_LOOP('',(#2598,#2599,#2600,#2601,#2602,#2603,#2604,#2605));
#571=EDGE_LOOP('',(#2606,#2607,#2608,#2609));
#572=EDGE_LOOP('',(#2610,#2611,#2612,#2613));
#573=EDGE_LOOP('',(#2614,#2615,#2616,#2617));
#574=EDGE_LOOP('',(#2618,#2619,#2620,#2621));
#575=EDGE_LOOP('',(#2622,#2623,#2624,#2625));
#576=EDGE_LOOP('',(#2626,#2627,#2628,#2629));
#577=EDGE_LOOP('',(#2630,#2631,#2632,#2633));
#578=EDGE_LOOP('',(#2634,#2635,#2636,#2637));
#579=EDGE_LOOP('',(#2638,#2639,#2640,#2641));
#580=EDGE_LOOP('',(#2642,#2643,#2644,#2645));
#581=EDGE_LOOP('',(#2646,#2647,#2648,#2649));
#582=EDGE_LOOP('',(#2650,#2651,#2652,#2653));
#583=EDGE_LOOP('',(#2654,#2655,#2656,#2657));
#584=EDGE_LOOP('',(#2658,#2659,#2660,#2661));
#585=EDGE_LOOP('',(#2662,#2663,#2664,#2665));
#586=EDGE_LOOP('',(#2666,#2667,#2668,#2669));
#587=EDGE_LOOP('',(#2670,#2671,#2672,#2673));
#588=EDGE_LOOP('',(#2674,#2675,#2676,#2677));
#589=EDGE_LOOP('',(#2678,#2679,#2680,#2681,#2682,#2683,#2684,#2685,#2686,
#2687,#2688,#2689,#2690,#2691,#2692,#2693,#2694,#2695));
#590=EDGE_LOOP('',(#2696,#2697,#2698,#2699));
#591=EDGE_LOOP('',(#2700,#2701,#2702,#2703));
#592=EDGE_LOOP('',(#2704,#2705,#2706,#2707));
#593=EDGE_LOOP('',(#2708,#2709,#2710,#2711));
#594=EDGE_LOOP('',(#2712,#2713,#2714,#2715));
#595=EDGE_LOOP('',(#2716,#2717,#2718,#2719));
#596=EDGE_LOOP('',(#2720,#2721,#2722,#2723));
#597=EDGE_LOOP('',(#2724,#2725,#2726,#2727));
#598=EDGE_LOOP('',(#2728,#2729,#2730,#2731));
#599=EDGE_LOOP('',(#2732,#2733,#2734,#2735));
#600=EDGE_LOOP('',(#2736,#2737,#2738,#2739));
#601=EDGE_LOOP('',(#2740,#2741,#2742,#2743));
#602=EDGE_LOOP('',(#2744,#2745,#2746,#2747));
#603=EDGE_LOOP('',(#2748,#2749,#2750,#2751));
#604=EDGE_LOOP('',(#2752,#2753,#2754,#2755));
#605=EDGE_LOOP('',(#2756,#2757,#2758,#2759));
#606=EDGE_LOOP('',(#2760,#2761,#2762,#2763));
#607=EDGE_LOOP('',(#2764,#2765,#2766,#2767));
#608=EDGE_LOOP('',(#2768,#2769,#2770,#2771));
#609=EDGE_LOOP('',(#2772,#2773,#2774,#2775));
#610=EDGE_LOOP('',(#2776,#2777,#2778,#2779));
#611=EDGE_LOOP('',(#2780,#2781,#2782,#2783));
#612=EDGE_LOOP('',(#2784,#2785,#2786,#2787));
#613=EDGE_LOOP('',(#2788,#2789,#2790,#2791));
#614=EDGE_LOOP('',(#2792,#2793,#2794,#2795));
#615=EDGE_LOOP('',(#2796,#2797,#2798,#2799));
#616=EDGE_LOOP('',(#2800,#2801,#2802,#2803));
#617=EDGE_LOOP('',(#2804,#2805,#2806,#2807,#2808,#2809,#2810,#2811,#2812,
#2813,#2814,#2815,#2816,#2817));
#618=EDGE_LOOP('',(#2818,#2819,#2820,#2821,#2822,#2823));
#619=EDGE_LOOP('',(#2824,#2825,#2826,#2827,#2828,#2829,#2830));
#620=EDGE_LOOP('',(#2831,#2832,#2833,#2834,#2835,#2836));
#621=EDGE_LOOP('',(#2837,#2838,#2839,#2840,#2841,#2842,#2843));
#622=EDGE_LOOP('',(#2844,#2845,#2846,#2847));
#623=EDGE_LOOP('',(#2848,#2849,#2850,#2851));
#624=EDGE_LOOP('',(#2852,#2853,#2854,#2855));
#625=EDGE_LOOP('',(#2856,#2857,#2858,#2859));
#626=EDGE_LOOP('',(#2860,#2861,#2862,#2863));
#627=EDGE_LOOP('',(#2864,#2865,#2866,#2867));
#628=EDGE_LOOP('',(#2868,#2869,#2870,#2871));
#629=EDGE_LOOP('',(#2872,#2873,#2874,#2875));
#630=EDGE_LOOP('',(#2876,#2877,#2878,#2879));
#631=EDGE_LOOP('',(#2880,#2881,#2882,#2883));
#632=EDGE_LOOP('',(#2884,#2885,#2886,#2887));
#633=EDGE_LOOP('',(#2888,#2889,#2890,#2891));
#634=EDGE_LOOP('',(#2892,#2893,#2894,#2895,#2896,#2897,#2898,#2899,#2900,
#2901,#2902,#2903));
#635=EDGE_LOOP('',(#2904,#2905,#2906,#2907));
#636=EDGE_LOOP('',(#2908,#2909,#2910,#2911));
#637=EDGE_LOOP('',(#2912,#2913,#2914,#2915));
#638=EDGE_LOOP('',(#2916,#2917,#2918,#2919));
#639=EDGE_LOOP('',(#2920,#2921,#2922,#2923));
#640=EDGE_LOOP('',(#2924,#2925,#2926,#2927));
#641=EDGE_LOOP('',(#2928,#2929,#2930,#2931));
#642=EDGE_LOOP('',(#2932,#2933,#2934,#2935));
#643=EDGE_LOOP('',(#2936,#2937,#2938,#2939));
#644=EDGE_LOOP('',(#2940,#2941,#2942,#2943));
#645=EDGE_LOOP('',(#2944,#2945,#2946,#2947));
#646=EDGE_LOOP('',(#2948,#2949,#2950,#2951));
#647=EDGE_LOOP('',(#2952,#2953,#2954,#2955));
#648=EDGE_LOOP('',(#2956,#2957,#2958,#2959));
#649=EDGE_LOOP('',(#2960,#2961,#2962,#2963));
#650=EDGE_LOOP('',(#2964,#2965,#2966,#2967));
#651=EDGE_LOOP('',(#2968,#2969,#2970,#2971));
#652=EDGE_LOOP('',(#2972,#2973,#2974,#2975));
#653=EDGE_LOOP('',(#2976,#2977,#2978,#2979,#2980,#2981,#2982,#2983,#2984,
#2985,#2986,#2987,#2988,#2989,#2990,#2991,#2992,#2993));
#654=EDGE_LOOP('',(#2994,#2995,#2996,#2997));
#655=EDGE_LOOP('',(#2998,#2999,#3000,#3001));
#656=EDGE_LOOP('',(#3002,#3003,#3004,#3005));
#657=EDGE_LOOP('',(#3006,#3007,#3008,#3009));
#658=EDGE_LOOP('',(#3010,#3011,#3012,#3013));
#659=EDGE_LOOP('',(#3014,#3015,#3016,#3017));
#660=EDGE_LOOP('',(#3018,#3019,#3020,#3021));
#661=EDGE_LOOP('',(#3022,#3023,#3024,#3025));
#662=EDGE_LOOP('',(#3026,#3027,#3028,#3029));
#663=EDGE_LOOP('',(#3030,#3031,#3032,#3033));
#664=EDGE_LOOP('',(#3034,#3035,#3036,#3037));
#665=EDGE_LOOP('',(#3038,#3039,#3040,#3041));
#666=EDGE_LOOP('',(#3042,#3043,#3044,#3045));
#667=EDGE_LOOP('',(#3046,#3047,#3048,#3049));
#668=EDGE_LOOP('',(#3050,#3051,#3052,#3053));
#669=EDGE_LOOP('',(#3054,#3055,#3056,#3057));
#670=EDGE_LOOP('',(#3058,#3059,#3060,#3061));
#671=EDGE_LOOP('',(#3062,#3063,#3064,#3065));
#672=EDGE_LOOP('',(#3066,#3067,#3068,#3069));
#673=EDGE_LOOP('',(#3070,#3071,#3072,#3073));
#674=EDGE_LOOP('',(#3074,#3075,#3076,#3077));
#675=EDGE_LOOP('',(#3078,#3079,#3080,#3081));
#676=EDGE_LOOP('',(#3082,#3083,#3084,#3085));
#677=EDGE_LOOP('',(#3086,#3087,#3088,#3089));
#678=EDGE_LOOP('',(#3090,#3091,#3092,#3093));
#679=EDGE_LOOP('',(#3094,#3095,#3096,#3097));
#680=EDGE_LOOP('',(#3098,#3099,#3100,#3101));
#681=EDGE_LOOP('',(#3102,#3103,#3104,#3105,#3106,#3107,#3108,#3109,#3110,
#3111,#3112,#3113,#3114,#3115));
#682=EDGE_LOOP('',(#3116,#3117,#3118,#3119,#3120,#3121));
#683=EDGE_LOOP('',(#3122,#3123,#3124,#3125,#3126,#3127,#3128));
#684=EDGE_LOOP('',(#3129,#3130,#3131,#3132,#3133,#3134));
#685=EDGE_LOOP('',(#3135,#3136,#3137,#3138,#3139,#3140,#3141));
#686=EDGE_LOOP('',(#3142,#3143,#3144,#3145));
#687=EDGE_LOOP('',(#3146,#3147,#3148,#3149));
#688=EDGE_LOOP('',(#3150,#3151,#3152,#3153));
#689=EDGE_LOOP('',(#3154,#3155,#3156,#3157));
#690=EDGE_LOOP('',(#3158,#3159,#3160,#3161));
#691=EDGE_LOOP('',(#3162,#3163,#3164,#3165));
#692=EDGE_LOOP('',(#3166,#3167,#3168,#3169));
#693=EDGE_LOOP('',(#3170,#3171,#3172,#3173));
#694=EDGE_LOOP('',(#3174,#3175,#3176,#3177));
#695=EDGE_LOOP('',(#3178,#3179,#3180,#3181));
#696=EDGE_LOOP('',(#3182,#3183,#3184,#3185));
#697=EDGE_LOOP('',(#3186,#3187,#3188,#3189));
#698=EDGE_LOOP('',(#3190,#3191,#3192,#3193));
#699=EDGE_LOOP('',(#3194,#3195,#3196,#3197));
#700=EDGE_LOOP('',(#3198,#3199,#3200,#3201));
#701=EDGE_LOOP('',(#3202,#3203,#3204,#3205));
#702=EDGE_LOOP('',(#3206,#3207,#3208,#3209));
#703=EDGE_LOOP('',(#3210,#3211,#3212,#3213));
#704=EDGE_LOOP('',(#3214,#3215,#3216,#3217));
#705=EDGE_LOOP('',(#3218,#3219,#3220,#3221));
#706=EDGE_LOOP('',(#3222,#3223,#3224,#3225));
#707=EDGE_LOOP('',(#3226,#3227,#3228,#3229));
#708=EDGE_LOOP('',(#3230,#3231,#3232,#3233));
#709=EDGE_LOOP('',(#3234,#3235,#3236,#3237));
#710=EDGE_LOOP('',(#3238,#3239,#3240,#3241));
#711=EDGE_LOOP('',(#3242,#3243,#3244,#3245));
#712=EDGE_LOOP('',(#3246,#3247,#3248,#3249));
#713=EDGE_LOOP('',(#3250,#3251,#3252,#3253));
#714=EDGE_LOOP('',(#3254,#3255,#3256,#3257));
#715=EDGE_LOOP('',(#3258,#3259,#3260,#3261));
#716=EDGE_LOOP('',(#3262,#3263,#3264,#3265));
#717=EDGE_LOOP('',(#3266,#3267,#3268,#3269));
#718=EDGE_LOOP('',(#3270,#3271,#3272,#3273));
#719=EDGE_LOOP('',(#3274,#3275,#3276,#3277));
#720=EDGE_LOOP('',(#3278,#3279,#3280,#3281));
#721=EDGE_LOOP('',(#3282,#3283,#3284,#3285,#3286,#3287,#3288,#3289,#3290,
#3291,#3292,#3293,#3294,#3295,#3296,#3297,#3298,#3299,#3300,#3301,#3302,
#3303,#3304,#3305,#3306,#3307,#3308,#3309,#3310,#3311,#3312,#3313,#3314,
#3315,#3316));
#722=EDGE_LOOP('',(#3317,#3318,#3319,#3320));
#723=EDGE_LOOP('',(#3321,#3322,#3323,#3324));
#724=EDGE_LOOP('',(#3325,#3326,#3327,#3328));
#725=EDGE_LOOP('',(#3329,#3330,#3331,#3332));
#726=EDGE_LOOP('',(#3333,#3334,#3335,#3336));
#727=EDGE_LOOP('',(#3337,#3338,#3339,#3340));
#728=EDGE_LOOP('',(#3341,#3342,#3343,#3344));
#729=EDGE_LOOP('',(#3345,#3346,#3347,#3348));
#730=EDGE_LOOP('',(#3349,#3350,#3351,#3352));
#731=EDGE_LOOP('',(#3353,#3354,#3355,#3356));
#732=EDGE_LOOP('',(#3357,#3358,#3359,#3360));
#733=EDGE_LOOP('',(#3361,#3362,#3363,#3364,#3365,#3366,#3367,#3368,#3369,
#3370,#3371));
#734=EDGE_LOOP('',(#3372,#3373,#3374,#3375));
#735=EDGE_LOOP('',(#3376,#3377,#3378,#3379));
#736=EDGE_LOOP('',(#3380,#3381,#3382,#3383));
#737=EDGE_LOOP('',(#3384,#3385,#3386,#3387));
#738=EDGE_LOOP('',(#3388,#3389,#3390,#3391));
#739=EDGE_LOOP('',(#3392,#3393,#3394,#3395));
#740=EDGE_LOOP('',(#3396,#3397,#3398,#3399));
#741=EDGE_LOOP('',(#3400,#3401,#3402,#3403));
#742=EDGE_LOOP('',(#3404,#3405,#3406,#3407));
#743=EDGE_LOOP('',(#3408,#3409,#3410,#3411));
#744=EDGE_LOOP('',(#3412,#3413,#3414,#3415));
#745=EDGE_LOOP('',(#3416,#3417,#3418,#3419));
#746=EDGE_LOOP('',(#3420,#3421,#3422,#3423));
#747=EDGE_LOOP('',(#3424,#3425,#3426,#3427));
#748=EDGE_LOOP('',(#3428,#3429,#3430,#3431));
#749=EDGE_LOOP('',(#3432,#3433,#3434,#3435));
#750=EDGE_LOOP('',(#3436,#3437,#3438,#3439));
#751=EDGE_LOOP('',(#3440,#3441,#3442,#3443));
#752=EDGE_LOOP('',(#3444,#3445,#3446,#3447));
#753=EDGE_LOOP('',(#3448,#3449,#3450,#3451));
#754=EDGE_LOOP('',(#3452,#3453,#3454,#3455));
#755=EDGE_LOOP('',(#3456,#3457,#3458,#3459));
#756=EDGE_LOOP('',(#3460,#3461,#3462,#3463));
#757=EDGE_LOOP('',(#3464,#3465,#3466,#3467));
#758=EDGE_LOOP('',(#3468,#3469,#3470,#3471));
#759=EDGE_LOOP('',(#3472,#3473,#3474,#3475));
#760=EDGE_LOOP('',(#3476,#3477,#3478,#3479));
#761=EDGE_LOOP('',(#3480,#3481,#3482,#3483));
#762=EDGE_LOOP('',(#3484,#3485,#3486,#3487));
#763=EDGE_LOOP('',(#3488,#3489,#3490,#3491));
#764=EDGE_LOOP('',(#3492,#3493,#3494,#3495));
#765=EDGE_LOOP('',(#3496,#3497,#3498,#3499));
#766=EDGE_LOOP('',(#3500,#3501,#3502,#3503));
#767=EDGE_LOOP('',(#3504,#3505,#3506,#3507,#3508));
#768=EDGE_LOOP('',(#3509,#3510,#3511,#3512));
#769=EDGE_LOOP('',(#3513,#3514,#3515,#3516));
#770=EDGE_LOOP('',(#3517,#3518,#3519,#3520));
#771=EDGE_LOOP('',(#3521,#3522,#3523,#3524));
#772=EDGE_LOOP('',(#3525,#3526,#3527,#3528));
#773=EDGE_LOOP('',(#3529,#3530,#3531,#3532));
#774=EDGE_LOOP('',(#3533,#3534,#3535,#3536,#3537,#3538,#3539,#3540));
#775=EDGE_LOOP('',(#3541,#3542,#3543,#3544,#3545));
#776=EDGE_LOOP('',(#3546,#3547,#3548,#3549,#3550));
#777=EDGE_LOOP('',(#3551,#3552,#3553,#3554));
#778=EDGE_LOOP('',(#3555,#3556,#3557,#3558,#3559,#3560,#3561,#3562));
#779=EDGE_LOOP('',(#3563,#3564,#3565,#3566));
#780=EDGE_LOOP('',(#3567,#3568,#3569,#3570));
#781=EDGE_LOOP('',(#3571,#3572,#3573,#3574));
#782=EDGE_LOOP('',(#3575,#3576,#3577,#3578,#3579,#3580,#3581,#3582));
#783=EDGE_LOOP('',(#3583,#3584,#3585,#3586));
#784=EDGE_LOOP('',(#3587,#3588,#3589,#3590));
#785=EDGE_LOOP('',(#3591,#3592,#3593,#3594));
#786=EDGE_LOOP('',(#3595,#3596,#3597,#3598));
#787=EDGE_LOOP('',(#3599,#3600,#3601,#3602));
#788=EDGE_LOOP('',(#3603,#3604,#3605,#3606));
#789=EDGE_LOOP('',(#3607,#3608,#3609,#3610,#3611,#3612,#3613,#3614));
#790=EDGE_LOOP('',(#3615,#3616,#3617,#3618,#3619));
#791=EDGE_LOOP('',(#3620,#3621,#3622,#3623,#3624,#3625,#3626,#3627,#3628,
#3629,#3630,#3631,#3632,#3633,#3634,#3635,#3636,#3637));
#792=EDGE_LOOP('',(#3638,#3639,#3640,#3641,#3642,#3643,#3644,#3645,#3646,
#3647,#3648,#3649,#3650,#3651));
#793=EDGE_LOOP('',(#3652,#3653,#3654,#3655,#3656,#3657,#3658,#3659,#3660,
#3661,#3662,#3663,#3664,#3665,#3666,#3667,#3668,#3669,#3670,#3671,#3672,
#3673,#3674,#3675,#3676,#3677,#3678,#3679,#3680,#3681,#3682,#3683,#3684,
#3685,#3686));
#794=EDGE_LOOP('',(#3687,#3688,#3689,#3690,#3691,#3692,#3693,#3694,#3695,
#3696,#3697));
#795=EDGE_LOOP('',(#3698,#3699,#3700,#3701));
#796=EDGE_LOOP('',(#3702,#3703,#3704,#3705,#3706,#3707,#3708,#3709,#3710,
#3711,#3712,#3713,#3714,#3715,#3716,#3717,#3718,#3719));
#797=EDGE_LOOP('',(#3720,#3721,#3722,#3723,#3724,#3725,#3726,#3727,#3728,
#3729,#3730,#3731));
#798=EDGE_LOOP('',(#3732,#3733,#3734,#3735,#3736,#3737,#3738,#3739,#3740,
#3741,#3742,#3743,#3744,#3745));
#799=EDGE_LOOP('',(#3746,#3747,#3748,#3749,#3750,#3751,#3752,#3753));
#800=LINE('',#4892,#1188);
#801=LINE('',#4894,#1189);
#802=LINE('',#4896,#1190);
#803=LINE('',#4897,#1191);
#804=LINE('',#4900,#1192);
#805=LINE('',#4902,#1193);
#806=LINE('',#4903,#1194);
#807=LINE('',#4906,#1195);
#808=LINE('',#4908,#1196);
#809=LINE('',#4909,#1197);
#810=LINE('',#4912,#1198);
#811=LINE('',#4914,#1199);
#812=LINE('',#4915,#1200);
#813=LINE('',#4938,#1201);
#814=LINE('',#4961,#1202);
#815=LINE('',#4964,#1203);
#816=LINE('',#4966,#1204);
#817=LINE('',#4967,#1205);
#818=LINE('',#4969,#1206);
#819=LINE('',#4970,#1207);
#820=LINE('',#4975,#1208);
#821=LINE('',#4977,#1209);
#822=LINE('',#4979,#1210);
#823=LINE('',#4980,#1211);
#824=LINE('',#5003,#1212);
#825=LINE('',#5026,#1213);
#826=LINE('',#5049,#1214);
#827=LINE('',#5072,#1215);
#828=LINE('',#5095,#1216);
#829=LINE('',#5118,#1217);
#830=LINE('',#5141,#1218);
#831=LINE('',#5164,#1219);
#832=LINE('',#5167,#1220);
#833=LINE('',#5169,#1221);
#834=LINE('',#5170,#1222);
#835=LINE('',#5173,#1223);
#836=LINE('',#5175,#1224);
#837=LINE('',#5176,#1225);
#838=LINE('',#5179,#1226);
#839=LINE('',#5181,#1227);
#840=LINE('',#5182,#1228);
#841=LINE('',#5205,#1229);
#842=LINE('',#5228,#1230);
#843=LINE('',#5251,#1231);
#844=LINE('',#5274,#1232);
#845=LINE('',#5277,#1233);
#846=LINE('',#5279,#1234);
#847=LINE('',#5280,#1235);
#848=LINE('',#5282,#1236);
#849=LINE('',#5283,#1237);
#850=LINE('',#5288,#1238);
#851=LINE('',#5290,#1239);
#852=LINE('',#5292,#1240);
#853=LINE('',#5293,#1241);
#854=LINE('',#5316,#1242);
#855=LINE('',#5339,#1243);
#856=LINE('',#5362,#1244);
#857=LINE('',#5385,#1245);
#858=LINE('',#5408,#1246);
#859=LINE('',#5432,#1247);
#860=LINE('',#5434,#1248);
#861=LINE('',#5436,#1249);
#862=LINE('',#5437,#1250);
#863=LINE('',#5460,#1251);
#864=LINE('',#5483,#1252);
#865=LINE('',#5486,#1253);
#866=LINE('',#5488,#1254);
#867=LINE('',#5489,#1255);
#868=LINE('',#5512,#1256);
#869=LINE('',#5536,#1257);
#870=LINE('',#5538,#1258);
#871=LINE('',#5540,#1259);
#872=LINE('',#5541,#1260);
#873=LINE('',#5564,#1261);
#874=LINE('',#5587,#1262);
#875=LINE('',#5610,#1263);
#876=LINE('',#5633,#1264);
#877=LINE('',#5656,#1265);
#878=LINE('',#5679,#1266);
#879=LINE('',#5702,#1267);
#880=LINE('',#5705,#1268);
#881=LINE('',#5707,#1269);
#882=LINE('',#5708,#1270);
#883=LINE('',#5731,#1271);
#884=LINE('',#5754,#1272);
#885=LINE('',#5777,#1273);
#886=LINE('',#5780,#1274);
#887=LINE('',#5782,#1275);
#888=LINE('',#5783,#1276);
#889=LINE('',#5785,#1277);
#890=LINE('',#5786,#1278);
#891=LINE('',#5793,#1279);
#892=LINE('',#5795,#1280);
#893=LINE('',#5797,#1281);
#894=LINE('',#5798,#1282);
#895=LINE('',#5801,#1283);
#896=LINE('',#5803,#1284);
#897=LINE('',#5804,#1285);
#898=LINE('',#5807,#1286);
#899=LINE('',#5809,#1287);
#900=LINE('',#5810,#1288);
#901=LINE('',#5813,#1289);
#902=LINE('',#5815,#1290);
#903=LINE('',#5816,#1291);
#904=LINE('',#5819,#1292);
#905=LINE('',#5821,#1293);
#906=LINE('',#5822,#1294);
#907=LINE('',#5825,#1295);
#908=LINE('',#5827,#1296);
#909=LINE('',#5828,#1297);
#910=LINE('',#5831,#1298);
#911=LINE('',#5833,#1299);
#912=LINE('',#5834,#1300);
#913=LINE('',#5837,#1301);
#914=LINE('',#5839,#1302);
#915=LINE('',#5840,#1303);
#916=LINE('',#5843,#1304);
#917=LINE('',#5845,#1305);
#918=LINE('',#5846,#1306);
#919=LINE('',#5849,#1307);
#920=LINE('',#5851,#1308);
#921=LINE('',#5852,#1309);
#922=LINE('',#5855,#1310);
#923=LINE('',#5857,#1311);
#924=LINE('',#5858,#1312);
#925=LINE('',#5860,#1313);
#926=LINE('',#5861,#1314);
#927=LINE('',#5866,#1315);
#928=LINE('',#5868,#1316);
#929=LINE('',#5870,#1317);
#930=LINE('',#5871,#1318);
#931=LINE('',#5894,#1319);
#932=LINE('',#5917,#1320);
#933=LINE('',#5940,#1321);
#934=LINE('',#5963,#1322);
#935=LINE('',#5986,#1323);
#936=LINE('',#6009,#1324);
#937=LINE('',#6032,#1325);
#938=LINE('',#6055,#1326);
#939=LINE('',#6058,#1327);
#940=LINE('',#6060,#1328);
#941=LINE('',#6061,#1329);
#942=LINE('',#6064,#1330);
#943=LINE('',#6066,#1331);
#944=LINE('',#6067,#1332);
#945=LINE('',#6070,#1333);
#946=LINE('',#6072,#1334);
#947=LINE('',#6073,#1335);
#948=LINE('',#6096,#1336);
#949=LINE('',#6119,#1337);
#950=LINE('',#6142,#1338);
#951=LINE('',#6165,#1339);
#952=LINE('',#6168,#1340);
#953=LINE('',#6170,#1341);
#954=LINE('',#6171,#1342);
#955=LINE('',#6173,#1343);
#956=LINE('',#6174,#1344);
#957=LINE('',#6179,#1345);
#958=LINE('',#6181,#1346);
#959=LINE('',#6183,#1347);
#960=LINE('',#6184,#1348);
#961=LINE('',#6207,#1349);
#962=LINE('',#6230,#1350);
#963=LINE('',#6253,#1351);
#964=LINE('',#6276,#1352);
#965=LINE('',#6299,#1353);
#966=LINE('',#6323,#1354);
#967=LINE('',#6325,#1355);
#968=LINE('',#6327,#1356);
#969=LINE('',#6328,#1357);
#970=LINE('',#6351,#1358);
#971=LINE('',#6374,#1359);
#972=LINE('',#6377,#1360);
#973=LINE('',#6379,#1361);
#974=LINE('',#6380,#1362);
#975=LINE('',#6403,#1363);
#976=LINE('',#6427,#1364);
#977=LINE('',#6429,#1365);
#978=LINE('',#6431,#1366);
#979=LINE('',#6432,#1367);
#980=LINE('',#6455,#1368);
#981=LINE('',#6478,#1369);
#982=LINE('',#6501,#1370);
#983=LINE('',#6524,#1371);
#984=LINE('',#6547,#1372);
#985=LINE('',#6570,#1373);
#986=LINE('',#6593,#1374);
#987=LINE('',#6596,#1375);
#988=LINE('',#6598,#1376);
#989=LINE('',#6599,#1377);
#990=LINE('',#6622,#1378);
#991=LINE('',#6645,#1379);
#992=LINE('',#6668,#1380);
#993=LINE('',#6671,#1381);
#994=LINE('',#6673,#1382);
#995=LINE('',#6674,#1383);
#996=LINE('',#6676,#1384);
#997=LINE('',#6677,#1385);
#998=LINE('',#6684,#1386);
#999=LINE('',#6686,#1387);
#1000=LINE('',#6688,#1388);
#1001=LINE('',#6689,#1389);
#1002=LINE('',#6692,#1390);
#1003=LINE('',#6694,#1391);
#1004=LINE('',#6695,#1392);
#1005=LINE('',#6718,#1393);
#1006=LINE('',#6741,#1394);
#1007=LINE('',#6764,#1395);
#1008=LINE('',#6787,#1396);
#1009=LINE('',#6810,#1397);
#1010=LINE('',#6833,#1398);
#1011=LINE('',#6856,#1399);
#1012=LINE('',#6879,#1400);
#1013=LINE('',#6902,#1401);
#1014=LINE('',#6925,#1402);
#1015=LINE('',#6948,#1403);
#1016=LINE('',#6971,#1404);
#1017=LINE('',#6994,#1405);
#1018=LINE('',#7017,#1406);
#1019=LINE('',#7020,#1407);
#1020=LINE('',#7022,#1408);
#1021=LINE('',#7023,#1409);
#1022=LINE('',#7026,#1410);
#1023=LINE('',#7028,#1411);
#1024=LINE('',#7029,#1412);
#1025=LINE('',#7032,#1413);
#1026=LINE('',#7034,#1414);
#1027=LINE('',#7035,#1415);
#1028=LINE('',#7058,#1416);
#1029=LINE('',#7081,#1417);
#1030=LINE('',#7104,#1418);
#1031=LINE('',#7127,#1419);
#1032=LINE('',#7150,#1420);
#1033=LINE('',#7173,#1421);
#1034=LINE('',#7196,#1422);
#1035=LINE('',#7219,#1423);
#1036=LINE('',#7242,#1424);
#1037=LINE('',#7265,#1425);
#1038=LINE('',#7288,#1426);
#1039=LINE('',#7311,#1427);
#1040=LINE('',#7334,#1428);
#1041=LINE('',#7357,#1429);
#1042=LINE('',#7380,#1430);
#1043=LINE('',#7382,#1431);
#1044=LINE('',#7383,#1432);
#1045=LINE('',#7388,#1433);
#1046=LINE('',#7390,#1434);
#1047=LINE('',#7392,#1435);
#1048=LINE('',#7393,#1436);
#1049=LINE('',#7396,#1437);
#1050=LINE('',#7398,#1438);
#1051=LINE('',#7399,#1439);
#1052=LINE('',#7402,#1440);
#1053=LINE('',#7404,#1441);
#1054=LINE('',#7405,#1442);
#1055=LINE('',#7408,#1443);
#1056=LINE('',#7410,#1444);
#1057=LINE('',#7411,#1445);
#1058=LINE('',#7414,#1446);
#1059=LINE('',#7416,#1447);
#1060=LINE('',#7417,#1448);
#1061=LINE('',#7420,#1449);
#1062=LINE('',#7422,#1450);
#1063=LINE('',#7423,#1451);
#1064=LINE('',#7426,#1452);
#1065=LINE('',#7428,#1453);
#1066=LINE('',#7429,#1454);
#1067=LINE('',#7432,#1455);
#1068=LINE('',#7434,#1456);
#1069=LINE('',#7435,#1457);
#1070=LINE('',#7438,#1458);
#1071=LINE('',#7440,#1459);
#1072=LINE('',#7441,#1460);
#1073=LINE('',#7444,#1461);
#1074=LINE('',#7446,#1462);
#1075=LINE('',#7447,#1463);
#1076=LINE('',#7449,#1464);
#1077=LINE('',#7450,#1465);
#1078=LINE('',#7455,#1466);
#1079=LINE('',#7457,#1467);
#1080=LINE('',#7459,#1468);
#1081=LINE('',#7460,#1469);
#1082=LINE('',#7463,#1470);
#1083=LINE('',#7465,#1471);
#1084=LINE('',#7466,#1472);
#1085=LINE('',#7469,#1473);
#1086=LINE('',#7471,#1474);
#1087=LINE('',#7472,#1475);
#1088=LINE('',#7474,#1476);
#1089=LINE('',#7475,#1477);
#1090=LINE('',#7480,#1478);
#1091=LINE('',#7482,#1479);
#1092=LINE('',#7484,#1480);
#1093=LINE('',#7485,#1481);
#1094=LINE('',#7491,#1482);
#1095=LINE('',#7494,#1483);
#1096=LINE('',#7496,#1484);
#1097=LINE('',#7497,#1485);
#1098=LINE('',#7503,#1486);
#1099=LINE('',#7506,#1487);
#1100=LINE('',#7508,#1488);
#1101=LINE('',#7509,#1489);
#1102=LINE('',#7514,#1490);
#1103=LINE('',#7518,#1491);
#1104=LINE('',#7520,#1492);
#1105=LINE('',#7521,#1493);
#1106=LINE('',#7528,#1494);
#1107=LINE('',#7530,#1495);
#1108=LINE('',#7532,#1496);
#1109=LINE('',#7533,#1497);
#1110=LINE('',#7539,#1498);
#1111=LINE('',#7542,#1499);
#1112=LINE('',#7544,#1500);
#1113=LINE('',#7545,#1501);
#1114=LINE('',#7551,#1502);
#1115=LINE('',#7554,#1503);
#1116=LINE('',#7556,#1504);
#1117=LINE('',#7557,#1505);
#1118=LINE('',#7562,#1506);
#1119=LINE('',#7566,#1507);
#1120=LINE('',#7568,#1508);
#1121=LINE('',#7569,#1509);
#1122=LINE('',#7576,#1510);
#1123=LINE('',#7578,#1511);
#1124=LINE('',#7580,#1512);
#1125=LINE('',#7581,#1513);
#1126=LINE('',#7584,#1514);
#1127=LINE('',#7586,#1515);
#1128=LINE('',#7587,#1516);
#1129=LINE('',#7590,#1517);
#1130=LINE('',#7592,#1518);
#1131=LINE('',#7593,#1519);
#1132=LINE('',#7595,#1520);
#1133=LINE('',#7596,#1521);
#1134=LINE('',#7600,#1522);
#1135=LINE('',#7602,#1523);
#1136=LINE('',#7604,#1524);
#1137=LINE('',#7605,#1525);
#1138=LINE('',#7608,#1526);
#1139=LINE('',#7610,#1527);
#1140=LINE('',#7611,#1528);
#1141=LINE('',#7614,#1529);
#1142=LINE('',#7616,#1530);
#1143=LINE('',#7617,#1531);
#1144=LINE('',#7619,#1532);
#1145=LINE('',#7620,#1533);
#1146=LINE('',#7624,#1534);
#1147=LINE('',#7626,#1535);
#1148=LINE('',#7628,#1536);
#1149=LINE('',#7629,#1537);
#1150=LINE('',#7632,#1538);
#1151=LINE('',#7634,#1539);
#1152=LINE('',#7635,#1540);
#1153=LINE('',#7638,#1541);
#1154=LINE('',#7640,#1542);
#1155=LINE('',#7641,#1543);
#1156=LINE('',#7643,#1544);
#1157=LINE('',#7644,#1545);
#1158=LINE('',#7648,#1546);
#1159=LINE('',#7650,#1547);
#1160=LINE('',#7652,#1548);
#1161=LINE('',#7654,#1549);
#1162=LINE('',#7655,#1550);
#1163=LINE('',#7658,#1551);
#1164=LINE('',#7660,#1552);
#1165=LINE('',#7661,#1553);
#1166=LINE('',#7664,#1554);
#1167=LINE('',#7665,#1555);
#1168=LINE('',#7668,#1556);
#1169=LINE('',#7669,#1557);
#1170=LINE('',#7673,#1558);
#1171=LINE('',#7675,#1559);
#1172=LINE('',#7677,#1560);
#1173=LINE('',#7679,#1561);
#1174=LINE('',#7680,#1562);
#1175=LINE('',#7682,#1563);
#1176=LINE('',#7683,#1564);
#1177=LINE('',#7685,#1565);
#1178=LINE('',#7690,#1566);
#1179=LINE('',#7691,#1567);
#1180=LINE('',#7692,#1568);
#1181=LINE('',#7695,#1569);
#1182=LINE('',#7696,#1570);
#1183=LINE('',#7699,#1571);
#1184=LINE('',#7700,#1572);
#1185=LINE('',#7703,#1573);
#1186=LINE('',#7704,#1574);
#1187=LINE('',#7706,#1575);
#1188=VECTOR('',#4232,10.);
#1189=VECTOR('',#4233,10.);
#1190=VECTOR('',#4234,10.);
#1191=VECTOR('',#4235,10.);
#1192=VECTOR('',#4238,10.);
#1193=VECTOR('',#4239,10.);
#1194=VECTOR('',#4240,10.);
#1195=VECTOR('',#4243,10.);
#1196=VECTOR('',#4244,10.);
#1197=VECTOR('',#4245,10.);
#1198=VECTOR('',#4248,10.);
#1199=VECTOR('',#4249,10.);
#1200=VECTOR('',#4250,10.);
#1201=VECTOR('',#4251,10.);
#1202=VECTOR('',#4252,10.);
#1203=VECTOR('',#4255,10.);
#1204=VECTOR('',#4256,10.);
#1205=VECTOR('',#4257,10.);
#1206=VECTOR('',#4260,10.);
#1207=VECTOR('',#4261,10.);
#1208=VECTOR('',#4266,10.);
#1209=VECTOR('',#4267,10.);
#1210=VECTOR('',#4268,10.);
#1211=VECTOR('',#4269,10.);
#1212=VECTOR('',#4270,10.);
#1213=VECTOR('',#4271,10.);
#1214=VECTOR('',#4272,10.);
#1215=VECTOR('',#4273,10.);
#1216=VECTOR('',#4274,10.);
#1217=VECTOR('',#4275,10.);
#1218=VECTOR('',#4276,10.);
#1219=VECTOR('',#4277,10.);
#1220=VECTOR('',#4280,10.);
#1221=VECTOR('',#4281,10.);
#1222=VECTOR('',#4282,10.);
#1223=VECTOR('',#4285,10.);
#1224=VECTOR('',#4286,10.);
#1225=VECTOR('',#4287,10.);
#1226=VECTOR('',#4290,10.);
#1227=VECTOR('',#4291,10.);
#1228=VECTOR('',#4292,10.);
#1229=VECTOR('',#4293,10.);
#1230=VECTOR('',#4294,10.);
#1231=VECTOR('',#4295,10.);
#1232=VECTOR('',#4296,10.);
#1233=VECTOR('',#4299,10.);
#1234=VECTOR('',#4300,10.);
#1235=VECTOR('',#4301,10.);
#1236=VECTOR('',#4304,10.);
#1237=VECTOR('',#4305,10.);
#1238=VECTOR('',#4310,10.);
#1239=VECTOR('',#4311,10.);
#1240=VECTOR('',#4312,10.);
#1241=VECTOR('',#4313,10.);
#1242=VECTOR('',#4314,10.);
#1243=VECTOR('',#4315,10.);
#1244=VECTOR('',#4316,10.);
#1245=VECTOR('',#4317,10.);
#1246=VECTOR('',#4318,10.);
#1247=VECTOR('',#4321,10.);
#1248=VECTOR('',#4322,10.);
#1249=VECTOR('',#4323,10.);
#1250=VECTOR('',#4324,10.);
#1251=VECTOR('',#4325,10.);
#1252=VECTOR('',#4326,10.);
#1253=VECTOR('',#4329,10.);
#1254=VECTOR('',#4330,10.);
#1255=VECTOR('',#4331,10.);
#1256=VECTOR('',#4332,10.);
#1257=VECTOR('',#4335,10.);
#1258=VECTOR('',#4336,10.);
#1259=VECTOR('',#4337,10.);
#1260=VECTOR('',#4338,10.);
#1261=VECTOR('',#4339,10.);
#1262=VECTOR('',#4340,10.);
#1263=VECTOR('',#4341,10.);
#1264=VECTOR('',#4342,10.);
#1265=VECTOR('',#4343,10.);
#1266=VECTOR('',#4344,10.);
#1267=VECTOR('',#4345,10.);
#1268=VECTOR('',#4348,10.);
#1269=VECTOR('',#4349,10.);
#1270=VECTOR('',#4350,10.);
#1271=VECTOR('',#4351,10.);
#1272=VECTOR('',#4352,10.);
#1273=VECTOR('',#4353,10.);
#1274=VECTOR('',#4356,10.);
#1275=VECTOR('',#4357,10.);
#1276=VECTOR('',#4358,10.);
#1277=VECTOR('',#4361,10.);
#1278=VECTOR('',#4362,10.);
#1279=VECTOR('',#4371,10.);
#1280=VECTOR('',#4372,10.);
#1281=VECTOR('',#4373,10.);
#1282=VECTOR('',#4374,10.);
#1283=VECTOR('',#4377,10.);
#1284=VECTOR('',#4378,10.);
#1285=VECTOR('',#4379,10.);
#1286=VECTOR('',#4382,10.);
#1287=VECTOR('',#4383,10.);
#1288=VECTOR('',#4384,10.);
#1289=VECTOR('',#4387,10.);
#1290=VECTOR('',#4388,10.);
#1291=VECTOR('',#4389,10.);
#1292=VECTOR('',#4392,10.);
#1293=VECTOR('',#4393,10.);
#1294=VECTOR('',#4394,10.);
#1295=VECTOR('',#4397,10.);
#1296=VECTOR('',#4398,10.);
#1297=VECTOR('',#4399,10.);
#1298=VECTOR('',#4402,10.);
#1299=VECTOR('',#4403,10.);
#1300=VECTOR('',#4404,10.);
#1301=VECTOR('',#4407,10.);
#1302=VECTOR('',#4408,10.);
#1303=VECTOR('',#4409,10.);
#1304=VECTOR('',#4412,10.);
#1305=VECTOR('',#4413,10.);
#1306=VECTOR('',#4414,10.);
#1307=VECTOR('',#4417,10.);
#1308=VECTOR('',#4418,10.);
#1309=VECTOR('',#4419,10.);
#1310=VECTOR('',#4422,10.);
#1311=VECTOR('',#4423,10.);
#1312=VECTOR('',#4424,10.);
#1313=VECTOR('',#4427,10.);
#1314=VECTOR('',#4428,10.);
#1315=VECTOR('',#4433,10.);
#1316=VECTOR('',#4434,10.);
#1317=VECTOR('',#4435,10.);
#1318=VECTOR('',#4436,10.);
#1319=VECTOR('',#4437,10.);
#1320=VECTOR('',#4438,10.);
#1321=VECTOR('',#4439,10.);
#1322=VECTOR('',#4440,10.);
#1323=VECTOR('',#4441,10.);
#1324=VECTOR('',#4442,10.);
#1325=VECTOR('',#4443,10.);
#1326=VECTOR('',#4444,10.);
#1327=VECTOR('',#4447,10.);
#1328=VECTOR('',#4448,10.);
#1329=VECTOR('',#4449,10.);
#1330=VECTOR('',#4452,10.);
#1331=VECTOR('',#4453,10.);
#1332=VECTOR('',#4454,10.);
#1333=VECTOR('',#4457,10.);
#1334=VECTOR('',#4458,10.);
#1335=VECTOR('',#4459,10.);
#1336=VECTOR('',#4460,10.);
#1337=VECTOR('',#4461,10.);
#1338=VECTOR('',#4462,10.);
#1339=VECTOR('',#4463,10.);
#1340=VECTOR('',#4466,10.);
#1341=VECTOR('',#4467,10.);
#1342=VECTOR('',#4468,10.);
#1343=VECTOR('',#4471,10.);
#1344=VECTOR('',#4472,10.);
#1345=VECTOR('',#4477,10.);
#1346=VECTOR('',#4478,10.);
#1347=VECTOR('',#4479,10.);
#1348=VECTOR('',#4480,10.);
#1349=VECTOR('',#4481,10.);
#1350=VECTOR('',#4482,10.);
#1351=VECTOR('',#4483,10.);
#1352=VECTOR('',#4484,10.);
#1353=VECTOR('',#4485,10.);
#1354=VECTOR('',#4488,10.);
#1355=VECTOR('',#4489,10.);
#1356=VECTOR('',#4490,10.);
#1357=VECTOR('',#4491,10.);
#1358=VECTOR('',#4492,10.);
#1359=VECTOR('',#4493,10.);
#1360=VECTOR('',#4496,10.);
#1361=VECTOR('',#4497,10.);
#1362=VECTOR('',#4498,10.);
#1363=VECTOR('',#4499,10.);
#1364=VECTOR('',#4502,10.);
#1365=VECTOR('',#4503,10.);
#1366=VECTOR('',#4504,10.);
#1367=VECTOR('',#4505,10.);
#1368=VECTOR('',#4506,10.);
#1369=VECTOR('',#4507,10.);
#1370=VECTOR('',#4508,10.);
#1371=VECTOR('',#4509,10.);
#1372=VECTOR('',#4510,10.);
#1373=VECTOR('',#4511,10.);
#1374=VECTOR('',#4512,10.);
#1375=VECTOR('',#4515,10.);
#1376=VECTOR('',#4516,10.);
#1377=VECTOR('',#4517,10.);
#1378=VECTOR('',#4518,10.);
#1379=VECTOR('',#4519,10.);
#1380=VECTOR('',#4520,10.);
#1381=VECTOR('',#4523,10.);
#1382=VECTOR('',#4524,10.);
#1383=VECTOR('',#4525,10.);
#1384=VECTOR('',#4528,10.);
#1385=VECTOR('',#4529,10.);
#1386=VECTOR('',#4538,10.);
#1387=VECTOR('',#4539,10.);
#1388=VECTOR('',#4540,10.);
#1389=VECTOR('',#4541,10.);
#1390=VECTOR('',#4544,10.);
#1391=VECTOR('',#4545,10.);
#1392=VECTOR('',#4546,10.);
#1393=VECTOR('',#4547,10.);
#1394=VECTOR('',#4548,10.);
#1395=VECTOR('',#4549,10.);
#1396=VECTOR('',#4550,10.);
#1397=VECTOR('',#4551,10.);
#1398=VECTOR('',#4552,10.);
#1399=VECTOR('',#4553,10.);
#1400=VECTOR('',#4554,10.);
#1401=VECTOR('',#4555,10.);
#1402=VECTOR('',#4556,10.);
#1403=VECTOR('',#4557,10.);
#1404=VECTOR('',#4558,10.);
#1405=VECTOR('',#4559,10.);
#1406=VECTOR('',#4560,10.);
#1407=VECTOR('',#4563,10.);
#1408=VECTOR('',#4564,10.);
#1409=VECTOR('',#4565,10.);
#1410=VECTOR('',#4568,10.);
#1411=VECTOR('',#4569,10.);
#1412=VECTOR('',#4570,10.);
#1413=VECTOR('',#4573,10.);
#1414=VECTOR('',#4574,10.);
#1415=VECTOR('',#4575,10.);
#1416=VECTOR('',#4576,10.);
#1417=VECTOR('',#4577,10.);
#1418=VECTOR('',#4578,10.);
#1419=VECTOR('',#4579,10.);
#1420=VECTOR('',#4580,10.);
#1421=VECTOR('',#4581,10.);
#1422=VECTOR('',#4582,10.);
#1423=VECTOR('',#4583,10.);
#1424=VECTOR('',#4584,10.);
#1425=VECTOR('',#4585,10.);
#1426=VECTOR('',#4586,10.);
#1427=VECTOR('',#4587,10.);
#1428=VECTOR('',#4588,10.);
#1429=VECTOR('',#4589,10.);
#1430=VECTOR('',#4590,10.);
#1431=VECTOR('',#4593,10.);
#1432=VECTOR('',#4594,10.);
#1433=VECTOR('',#4599,10.);
#1434=VECTOR('',#4600,10.);
#1435=VECTOR('',#4601,10.);
#1436=VECTOR('',#4602,10.);
#1437=VECTOR('',#4605,10.);
#1438=VECTOR('',#4606,10.);
#1439=VECTOR('',#4607,10.);
#1440=VECTOR('',#4610,10.);
#1441=VECTOR('',#4611,10.);
#1442=VECTOR('',#4612,10.);
#1443=VECTOR('',#4615,10.);
#1444=VECTOR('',#4616,10.);
#1445=VECTOR('',#4617,10.);
#1446=VECTOR('',#4620,10.);
#1447=VECTOR('',#4621,10.);
#1448=VECTOR('',#4622,10.);
#1449=VECTOR('',#4625,10.);
#1450=VECTOR('',#4626,10.);
#1451=VECTOR('',#4627,10.);
#1452=VECTOR('',#4630,10.);
#1453=VECTOR('',#4631,10.);
#1454=VECTOR('',#4632,10.);
#1455=VECTOR('',#4635,10.);
#1456=VECTOR('',#4636,10.);
#1457=VECTOR('',#4637,10.);
#1458=VECTOR('',#4640,10.);
#1459=VECTOR('',#4641,10.);
#1460=VECTOR('',#4642,10.);
#1461=VECTOR('',#4645,10.);
#1462=VECTOR('',#4646,10.);
#1463=VECTOR('',#4647,10.);
#1464=VECTOR('',#4650,10.);
#1465=VECTOR('',#4651,10.);
#1466=VECTOR('',#4656,10.);
#1467=VECTOR('',#4657,10.);
#1468=VECTOR('',#4658,10.);
#1469=VECTOR('',#4659,10.);
#1470=VECTOR('',#4662,10.);
#1471=VECTOR('',#4663,10.);
#1472=VECTOR('',#4664,10.);
#1473=VECTOR('',#4667,10.);
#1474=VECTOR('',#4668,10.);
#1475=VECTOR('',#4669,10.);
#1476=VECTOR('',#4672,10.);
#1477=VECTOR('',#4673,10.);
#1478=VECTOR('',#4678,10.);
#1479=VECTOR('',#4679,10.);
#1480=VECTOR('',#4680,10.);
#1481=VECTOR('',#4681,10.);
#1482=VECTOR('',#4688,10.);
#1483=VECTOR('',#4691,10.);
#1484=VECTOR('',#4692,10.);
#1485=VECTOR('',#4693,10.);
#1486=VECTOR('',#4700,10.);
#1487=VECTOR('',#4703,10.);
#1488=VECTOR('',#4704,10.);
#1489=VECTOR('',#4705,10.);
#1490=VECTOR('',#4710,10.);
#1491=VECTOR('',#4715,10.);
#1492=VECTOR('',#4716,10.);
#1493=VECTOR('',#4717,10.);
#1494=VECTOR('',#4726,10.);
#1495=VECTOR('',#4727,10.);
#1496=VECTOR('',#4728,10.);
#1497=VECTOR('',#4729,10.);
#1498=VECTOR('',#4736,10.);
#1499=VECTOR('',#4739,10.);
#1500=VECTOR('',#4740,10.);
#1501=VECTOR('',#4741,10.);
#1502=VECTOR('',#4748,10.);
#1503=VECTOR('',#4751,10.);
#1504=VECTOR('',#4752,10.);
#1505=VECTOR('',#4753,10.);
#1506=VECTOR('',#4758,10.);
#1507=VECTOR('',#4763,10.);
#1508=VECTOR('',#4764,10.);
#1509=VECTOR('',#4765,10.);
#1510=VECTOR('',#4774,10.);
#1511=VECTOR('',#4775,10.);
#1512=VECTOR('',#4776,10.);
#1513=VECTOR('',#4777,10.);
#1514=VECTOR('',#4780,10.);
#1515=VECTOR('',#4781,10.);
#1516=VECTOR('',#4782,10.);
#1517=VECTOR('',#4785,10.);
#1518=VECTOR('',#4786,10.);
#1519=VECTOR('',#4787,10.);
#1520=VECTOR('',#4790,10.);
#1521=VECTOR('',#4791,10.);
#1522=VECTOR('',#4794,10.);
#1523=VECTOR('',#4795,10.);
#1524=VECTOR('',#4796,10.);
#1525=VECTOR('',#4797,10.);
#1526=VECTOR('',#4800,10.);
#1527=VECTOR('',#4801,10.);
#1528=VECTOR('',#4802,10.);
#1529=VECTOR('',#4805,10.);
#1530=VECTOR('',#4806,10.);
#1531=VECTOR('',#4807,10.);
#1532=VECTOR('',#4810,10.);
#1533=VECTOR('',#4811,10.);
#1534=VECTOR('',#4814,10.);
#1535=VECTOR('',#4815,10.);
#1536=VECTOR('',#4816,10.);
#1537=VECTOR('',#4817,10.);
#1538=VECTOR('',#4820,10.);
#1539=VECTOR('',#4821,10.);
#1540=VECTOR('',#4822,10.);
#1541=VECTOR('',#4825,10.);
#1542=VECTOR('',#4826,10.);
#1543=VECTOR('',#4827,10.);
#1544=VECTOR('',#4830,10.);
#1545=VECTOR('',#4831,10.);
#1546=VECTOR('',#4834,10.);
#1547=VECTOR('',#4835,10.);
#1548=VECTOR('',#4836,10.);
#1549=VECTOR('',#4837,10.);
#1550=VECTOR('',#4838,10.);
#1551=VECTOR('',#4841,10.);
#1552=VECTOR('',#4842,10.);
#1553=VECTOR('',#4843,10.);
#1554=VECTOR('',#4846,10.);
#1555=VECTOR('',#4847,10.);
#1556=VECTOR('',#4850,10.);
#1557=VECTOR('',#4851,10.);
#1558=VECTOR('',#4854,10.);
#1559=VECTOR('',#4855,10.);
#1560=VECTOR('',#4856,10.);
#1561=VECTOR('',#4857,10.);
#1562=VECTOR('',#4858,10.);
#1563=VECTOR('',#4859,10.);
#1564=VECTOR('',#4860,10.);
#1565=VECTOR('',#4863,10.);
#1566=VECTOR('',#4868,10.);
#1567=VECTOR('',#4869,10.);
#1568=VECTOR('',#4870,10.);
#1569=VECTOR('',#4873,10.);
#1570=VECTOR('',#4874,10.);
#1571=VECTOR('',#4877,10.);
#1572=VECTOR('',#4878,10.);
#1573=VECTOR('',#4881,10.);
#1574=VECTOR('',#4882,10.);
#1575=VECTOR('',#4885,10.);
#1576=VERTEX_POINT('',#4890);
#1577=VERTEX_POINT('',#4891);
#1578=VERTEX_POINT('',#4893);
#1579=VERTEX_POINT('',#4895);
#1580=VERTEX_POINT('',#4899);
#1581=VERTEX_POINT('',#4901);
#1582=VERTEX_POINT('',#4905);
#1583=VERTEX_POINT('',#4907);
#1584=VERTEX_POINT('',#4911);
#1585=VERTEX_POINT('',#4913);
#1586=VERTEX_POINT('',#4926);
#1587=VERTEX_POINT('',#4932);
#1588=VERTEX_POINT('',#4949);
#1589=VERTEX_POINT('',#4955);
#1590=VERTEX_POINT('',#4963);
#1591=VERTEX_POINT('',#4965);
#1592=VERTEX_POINT('',#4973);
#1593=VERTEX_POINT('',#4974);
#1594=VERTEX_POINT('',#4976);
#1595=VERTEX_POINT('',#4978);
#1596=VERTEX_POINT('',#4991);
#1597=VERTEX_POINT('',#4997);
#1598=VERTEX_POINT('',#5014);
#1599=VERTEX_POINT('',#5020);
#1600=VERTEX_POINT('',#5037);
#1601=VERTEX_POINT('',#5043);
#1602=VERTEX_POINT('',#5060);
#1603=VERTEX_POINT('',#5066);
#1604=VERTEX_POINT('',#5083);
#1605=VERTEX_POINT('',#5089);
#1606=VERTEX_POINT('',#5106);
#1607=VERTEX_POINT('',#5112);
#1608=VERTEX_POINT('',#5129);
#1609=VERTEX_POINT('',#5135);
#1610=VERTEX_POINT('',#5152);
#1611=VERTEX_POINT('',#5158);
#1612=VERTEX_POINT('',#5166);
#1613=VERTEX_POINT('',#5168);
#1614=VERTEX_POINT('',#5172);
#1615=VERTEX_POINT('',#5174);
#1616=VERTEX_POINT('',#5178);
#1617=VERTEX_POINT('',#5180);
#1618=VERTEX_POINT('',#5193);
#1619=VERTEX_POINT('',#5199);
#1620=VERTEX_POINT('',#5216);
#1621=VERTEX_POINT('',#5222);
#1622=VERTEX_POINT('',#5239);
#1623=VERTEX_POINT('',#5245);
#1624=VERTEX_POINT('',#5262);
#1625=VERTEX_POINT('',#5268);
#1626=VERTEX_POINT('',#5276);
#1627=VERTEX_POINT('',#5278);
#1628=VERTEX_POINT('',#5286);
#1629=VERTEX_POINT('',#5287);
#1630=VERTEX_POINT('',#5289);
#1631=VERTEX_POINT('',#5291);
#1632=VERTEX_POINT('',#5304);
#1633=VERTEX_POINT('',#5310);
#1634=VERTEX_POINT('',#5327);
#1635=VERTEX_POINT('',#5333);
#1636=VERTEX_POINT('',#5350);
#1637=VERTEX_POINT('',#5356);
#1638=VERTEX_POINT('',#5373);
#1639=VERTEX_POINT('',#5379);
#1640=VERTEX_POINT('',#5396);
#1641=VERTEX_POINT('',#5402);
#1642=VERTEX_POINT('',#5430);
#1643=VERTEX_POINT('',#5431);
#1644=VERTEX_POINT('',#5433);
#1645=VERTEX_POINT('',#5435);
#1646=VERTEX_POINT('',#5448);
#1647=VERTEX_POINT('',#5454);
#1648=VERTEX_POINT('',#5471);
#1649=VERTEX_POINT('',#5477);
#1650=VERTEX_POINT('',#5485);
#1651=VERTEX_POINT('',#5487);
#1652=VERTEX_POINT('',#5500);
#1653=VERTEX_POINT('',#5506);
#1654=VERTEX_POINT('',#5534);
#1655=VERTEX_POINT('',#5535);
#1656=VERTEX_POINT('',#5537);
#1657=VERTEX_POINT('',#5539);
#1658=VERTEX_POINT('',#5552);
#1659=VERTEX_POINT('',#5558);
#1660=VERTEX_POINT('',#5575);
#1661=VERTEX_POINT('',#5581);
#1662=VERTEX_POINT('',#5598);
#1663=VERTEX_POINT('',#5604);
#1664=VERTEX_POINT('',#5621);
#1665=VERTEX_POINT('',#5627);
#1666=VERTEX_POINT('',#5644);
#1667=VERTEX_POINT('',#5650);
#1668=VERTEX_POINT('',#5667);
#1669=VERTEX_POINT('',#5673);
#1670=VERTEX_POINT('',#5690);
#1671=VERTEX_POINT('',#5696);
#1672=VERTEX_POINT('',#5704);
#1673=VERTEX_POINT('',#5706);
#1674=VERTEX_POINT('',#5719);
#1675=VERTEX_POINT('',#5725);
#1676=VERTEX_POINT('',#5742);
#1677=VERTEX_POINT('',#5748);
#1678=VERTEX_POINT('',#5765);
#1679=VERTEX_POINT('',#5771);
#1680=VERTEX_POINT('',#5779);
#1681=VERTEX_POINT('',#5781);
#1682=VERTEX_POINT('',#5791);
#1683=VERTEX_POINT('',#5792);
#1684=VERTEX_POINT('',#5794);
#1685=VERTEX_POINT('',#5796);
#1686=VERTEX_POINT('',#5800);
#1687=VERTEX_POINT('',#5802);
#1688=VERTEX_POINT('',#5806);
#1689=VERTEX_POINT('',#5808);
#1690=VERTEX_POINT('',#5812);
#1691=VERTEX_POINT('',#5814);
#1692=VERTEX_POINT('',#5818);
#1693=VERTEX_POINT('',#5820);
#1694=VERTEX_POINT('',#5824);
#1695=VERTEX_POINT('',#5826);
#1696=VERTEX_POINT('',#5830);
#1697=VERTEX_POINT('',#5832);
#1698=VERTEX_POINT('',#5836);
#1699=VERTEX_POINT('',#5838);
#1700=VERTEX_POINT('',#5842);
#1701=VERTEX_POINT('',#5844);
#1702=VERTEX_POINT('',#5848);
#1703=VERTEX_POINT('',#5850);
#1704=VERTEX_POINT('',#5854);
#1705=VERTEX_POINT('',#5856);
#1706=VERTEX_POINT('',#5864);
#1707=VERTEX_POINT('',#5865);
#1708=VERTEX_POINT('',#5867);
#1709=VERTEX_POINT('',#5869);
#1710=VERTEX_POINT('',#5882);
#1711=VERTEX_POINT('',#5888);
#1712=VERTEX_POINT('',#5905);
#1713=VERTEX_POINT('',#5911);
#1714=VERTEX_POINT('',#5928);
#1715=VERTEX_POINT('',#5934);
#1716=VERTEX_POINT('',#5951);
#1717=VERTEX_POINT('',#5957);
#1718=VERTEX_POINT('',#5974);
#1719=VERTEX_POINT('',#5980);
#1720=VERTEX_POINT('',#5997);
#1721=VERTEX_POINT('',#6003);
#1722=VERTEX_POINT('',#6020);
#1723=VERTEX_POINT('',#6026);
#1724=VERTEX_POINT('',#6043);
#1725=VERTEX_POINT('',#6049);
#1726=VERTEX_POINT('',#6057);
#1727=VERTEX_POINT('',#6059);
#1728=VERTEX_POINT('',#6063);
#1729=VERTEX_POINT('',#6065);
#1730=VERTEX_POINT('',#6069);
#1731=VERTEX_POINT('',#6071);
#1732=VERTEX_POINT('',#6084);
#1733=VERTEX_POINT('',#6090);
#1734=VERTEX_POINT('',#6107);
#1735=VERTEX_POINT('',#6113);
#1736=VERTEX_POINT('',#6130);
#1737=VERTEX_POINT('',#6136);
#1738=VERTEX_POINT('',#6153);
#1739=VERTEX_POINT('',#6159);
#1740=VERTEX_POINT('',#6167);
#1741=VERTEX_POINT('',#6169);
#1742=VERTEX_POINT('',#6177);
#1743=VERTEX_POINT('',#6178);
#1744=VERTEX_POINT('',#6180);
#1745=VERTEX_POINT('',#6182);
#1746=VERTEX_POINT('',#6195);
#1747=VERTEX_POINT('',#6201);
#1748=VERTEX_POINT('',#6218);
#1749=VERTEX_POINT('',#6224);
#1750=VERTEX_POINT('',#6241);
#1751=VERTEX_POINT('',#6247);
#1752=VERTEX_POINT('',#6264);
#1753=VERTEX_POINT('',#6270);
#1754=VERTEX_POINT('',#6287);
#1755=VERTEX_POINT('',#6293);
#1756=VERTEX_POINT('',#6321);
#1757=VERTEX_POINT('',#6322);
#1758=VERTEX_POINT('',#6324);
#1759=VERTEX_POINT('',#6326);
#1760=VERTEX_POINT('',#6339);
#1761=VERTEX_POINT('',#6345);
#1762=VERTEX_POINT('',#6362);
#1763=VERTEX_POINT('',#6368);
#1764=VERTEX_POINT('',#6376);
#1765=VERTEX_POINT('',#6378);
#1766=VERTEX_POINT('',#6391);
#1767=VERTEX_POINT('',#6397);
#1768=VERTEX_POINT('',#6425);
#1769=VERTEX_POINT('',#6426);
#1770=VERTEX_POINT('',#6428);
#1771=VERTEX_POINT('',#6430);
#1772=VERTEX_POINT('',#6443);
#1773=VERTEX_POINT('',#6449);
#1774=VERTEX_POINT('',#6466);
#1775=VERTEX_POINT('',#6472);
#1776=VERTEX_POINT('',#6489);
#1777=VERTEX_POINT('',#6495);
#1778=VERTEX_POINT('',#6512);
#1779=VERTEX_POINT('',#6518);
#1780=VERTEX_POINT('',#6535);
#1781=VERTEX_POINT('',#6541);
#1782=VERTEX_POINT('',#6558);
#1783=VERTEX_POINT('',#6564);
#1784=VERTEX_POINT('',#6581);
#1785=VERTEX_POINT('',#6587);
#1786=VERTEX_POINT('',#6595);
#1787=VERTEX_POINT('',#6597);
#1788=VERTEX_POINT('',#6610);
#1789=VERTEX_POINT('',#6616);
#1790=VERTEX_POINT('',#6633);
#1791=VERTEX_POINT('',#6639);
#1792=VERTEX_POINT('',#6656);
#1793=VERTEX_POINT('',#6662);
#1794=VERTEX_POINT('',#6670);
#1795=VERTEX_POINT('',#6672);
#1796=VERTEX_POINT('',#6682);
#1797=VERTEX_POINT('',#6683);
#1798=VERTEX_POINT('',#6685);
#1799=VERTEX_POINT('',#6687);
#1800=VERTEX_POINT('',#6691);
#1801=VERTEX_POINT('',#6693);
#1802=VERTEX_POINT('',#6706);
#1803=VERTEX_POINT('',#6712);
#1804=VERTEX_POINT('',#6729);
#1805=VERTEX_POINT('',#6735);
#1806=VERTEX_POINT('',#6752);
#1807=VERTEX_POINT('',#6758);
#1808=VERTEX_POINT('',#6775);
#1809=VERTEX_POINT('',#6781);
#1810=VERTEX_POINT('',#6798);
#1811=VERTEX_POINT('',#6804);
#1812=VERTEX_POINT('',#6821);
#1813=VERTEX_POINT('',#6827);
#1814=VERTEX_POINT('',#6844);
#1815=VERTEX_POINT('',#6850);
#1816=VERTEX_POINT('',#6867);
#1817=VERTEX_POINT('',#6873);
#1818=VERTEX_POINT('',#6890);
#1819=VERTEX_POINT('',#6896);
#1820=VERTEX_POINT('',#6913);
#1821=VERTEX_POINT('',#6919);
#1822=VERTEX_POINT('',#6936);
#1823=VERTEX_POINT('',#6942);
#1824=VERTEX_POINT('',#6959);
#1825=VERTEX_POINT('',#6965);
#1826=VERTEX_POINT('',#6982);
#1827=VERTEX_POINT('',#6988);
#1828=VERTEX_POINT('',#7005);
#1829=VERTEX_POINT('',#7011);
#1830=VERTEX_POINT('',#7019);
#1831=VERTEX_POINT('',#7021);
#1832=VERTEX_POINT('',#7025);
#1833=VERTEX_POINT('',#7027);
#1834=VERTEX_POINT('',#7031);
#1835=VERTEX_POINT('',#7033);
#1836=VERTEX_POINT('',#7046);
#1837=VERTEX_POINT('',#7052);
#1838=VERTEX_POINT('',#7069);
#1839=VERTEX_POINT('',#7075);
#1840=VERTEX_POINT('',#7092);
#1841=VERTEX_POINT('',#7098);
#1842=VERTEX_POINT('',#7115);
#1843=VERTEX_POINT('',#7121);
#1844=VERTEX_POINT('',#7138);
#1845=VERTEX_POINT('',#7144);
#1846=VERTEX_POINT('',#7161);
#1847=VERTEX_POINT('',#7167);
#1848=VERTEX_POINT('',#7184);
#1849=VERTEX_POINT('',#7190);
#1850=VERTEX_POINT('',#7207);
#1851=VERTEX_POINT('',#7213);
#1852=VERTEX_POINT('',#7230);
#1853=VERTEX_POINT('',#7236);
#1854=VERTEX_POINT('',#7253);
#1855=VERTEX_POINT('',#7259);
#1856=VERTEX_POINT('',#7276);
#1857=VERTEX_POINT('',#7282);
#1858=VERTEX_POINT('',#7299);
#1859=VERTEX_POINT('',#7305);
#1860=VERTEX_POINT('',#7322);
#1861=VERTEX_POINT('',#7328);
#1862=VERTEX_POINT('',#7345);
#1863=VERTEX_POINT('',#7351);
#1864=VERTEX_POINT('',#7368);
#1865=VERTEX_POINT('',#7374);
#1866=VERTEX_POINT('',#7386);
#1867=VERTEX_POINT('',#7387);
#1868=VERTEX_POINT('',#7389);
#1869=VERTEX_POINT('',#7391);
#1870=VERTEX_POINT('',#7395);
#1871=VERTEX_POINT('',#7397);
#1872=VERTEX_POINT('',#7401);
#1873=VERTEX_POINT('',#7403);
#1874=VERTEX_POINT('',#7407);
#1875=VERTEX_POINT('',#7409);
#1876=VERTEX_POINT('',#7413);
#1877=VERTEX_POINT('',#7415);
#1878=VERTEX_POINT('',#7419);
#1879=VERTEX_POINT('',#7421);
#1880=VERTEX_POINT('',#7425);
#1881=VERTEX_POINT('',#7427);
#1882=VERTEX_POINT('',#7431);
#1883=VERTEX_POINT('',#7433);
#1884=VERTEX_POINT('',#7437);
#1885=VERTEX_POINT('',#7439);
#1886=VERTEX_POINT('',#7443);
#1887=VERTEX_POINT('',#7445);
#1888=VERTEX_POINT('',#7453);
#1889=VERTEX_POINT('',#7454);
#1890=VERTEX_POINT('',#7456);
#1891=VERTEX_POINT('',#7458);
#1892=VERTEX_POINT('',#7462);
#1893=VERTEX_POINT('',#7464);
#1894=VERTEX_POINT('',#7468);
#1895=VERTEX_POINT('',#7470);
#1896=VERTEX_POINT('',#7478);
#1897=VERTEX_POINT('',#7479);
#1898=VERTEX_POINT('',#7481);
#1899=VERTEX_POINT('',#7483);
#1900=VERTEX_POINT('',#7487);
#1901=VERTEX_POINT('',#7489);
#1902=VERTEX_POINT('',#7493);
#1903=VERTEX_POINT('',#7495);
#1904=VERTEX_POINT('',#7499);
#1905=VERTEX_POINT('',#7501);
#1906=VERTEX_POINT('',#7505);
#1907=VERTEX_POINT('',#7507);
#1908=VERTEX_POINT('',#7511);
#1909=VERTEX_POINT('',#7513);
#1910=VERTEX_POINT('',#7517);
#1911=VERTEX_POINT('',#7519);
#1912=VERTEX_POINT('',#7526);
#1913=VERTEX_POINT('',#7527);
#1914=VERTEX_POINT('',#7529);
#1915=VERTEX_POINT('',#7531);
#1916=VERTEX_POINT('',#7535);
#1917=VERTEX_POINT('',#7537);
#1918=VERTEX_POINT('',#7541);
#1919=VERTEX_POINT('',#7543);
#1920=VERTEX_POINT('',#7547);
#1921=VERTEX_POINT('',#7549);
#1922=VERTEX_POINT('',#7553);
#1923=VERTEX_POINT('',#7555);
#1924=VERTEX_POINT('',#7559);
#1925=VERTEX_POINT('',#7561);
#1926=VERTEX_POINT('',#7565);
#1927=VERTEX_POINT('',#7567);
#1928=VERTEX_POINT('',#7574);
#1929=VERTEX_POINT('',#7575);
#1930=VERTEX_POINT('',#7577);
#1931=VERTEX_POINT('',#7579);
#1932=VERTEX_POINT('',#7583);
#1933=VERTEX_POINT('',#7585);
#1934=VERTEX_POINT('',#7589);
#1935=VERTEX_POINT('',#7591);
#1936=VERTEX_POINT('',#7598);
#1937=VERTEX_POINT('',#7599);
#1938=VERTEX_POINT('',#7601);
#1939=VERTEX_POINT('',#7603);
#1940=VERTEX_POINT('',#7607);
#1941=VERTEX_POINT('',#7609);
#1942=VERTEX_POINT('',#7613);
#1943=VERTEX_POINT('',#7615);
#1944=VERTEX_POINT('',#7622);
#1945=VERTEX_POINT('',#7623);
#1946=VERTEX_POINT('',#7625);
#1947=VERTEX_POINT('',#7627);
#1948=VERTEX_POINT('',#7631);
#1949=VERTEX_POINT('',#7633);
#1950=VERTEX_POINT('',#7637);
#1951=VERTEX_POINT('',#7639);
#1952=VERTEX_POINT('',#7646);
#1953=VERTEX_POINT('',#7647);
#1954=VERTEX_POINT('',#7649);
#1955=VERTEX_POINT('',#7651);
#1956=VERTEX_POINT('',#7653);
#1957=VERTEX_POINT('',#7657);
#1958=VERTEX_POINT('',#7659);
#1959=VERTEX_POINT('',#7663);
#1960=VERTEX_POINT('',#7667);
#1961=VERTEX_POINT('',#7671);
#1962=VERTEX_POINT('',#7672);
#1963=VERTEX_POINT('',#7674);
#1964=VERTEX_POINT('',#7676);
#1965=VERTEX_POINT('',#7678);
#1966=VERTEX_POINT('',#7681);
#1967=VERTEX_POINT('',#7688);
#1968=VERTEX_POINT('',#7689);
#1969=VERTEX_POINT('',#7694);
#1970=VERTEX_POINT('',#7698);
#1971=VERTEX_POINT('',#7702);
#1972=EDGE_CURVE('',#1576,#1577,#800,.T.);
#1973=EDGE_CURVE('',#1576,#1578,#801,.T.);
#1974=EDGE_CURVE('',#1579,#1578,#802,.T.);
#1975=EDGE_CURVE('',#1577,#1579,#803,.T.);
#1976=EDGE_CURVE('',#1577,#1580,#804,.T.);
#1977=EDGE_CURVE('',#1581,#1579,#805,.T.);
#1978=EDGE_CURVE('',#1580,#1581,#806,.T.);
#1979=EDGE_CURVE('',#1580,#1582,#807,.T.);
#1980=EDGE_CURVE('',#1583,#1581,#808,.T.);
#1981=EDGE_CURVE('',#1582,#1583,#809,.T.);
#1982=EDGE_CURVE('',#1582,#1584,#810,.T.);
#1983=EDGE_CURVE('',#1585,#1583,#811,.T.);
#1984=EDGE_CURVE('',#1584,#1585,#812,.T.);
#1985=EDGE_CURVE('',#1584,#1586,#63,.T.);
#1986=EDGE_CURVE('',#1587,#1585,#64,.T.);
#1987=EDGE_CURVE('',#1586,#1587,#813,.T.);
#1988=EDGE_CURVE('',#1586,#1588,#65,.T.);
#1989=EDGE_CURVE('',#1589,#1587,#66,.T.);
#1990=EDGE_CURVE('',#1588,#1589,#814,.T.);
#1991=EDGE_CURVE('',#1588,#1590,#815,.T.);
#1992=EDGE_CURVE('',#1591,#1589,#816,.T.);
#1993=EDGE_CURVE('',#1590,#1591,#817,.T.);
#1994=EDGE_CURVE('',#1590,#1576,#818,.T.);
#1995=EDGE_CURVE('',#1578,#1591,#819,.T.);
#1996=EDGE_CURVE('',#1592,#1593,#820,.T.);
#1997=EDGE_CURVE('',#1592,#1594,#821,.T.);
#1998=EDGE_CURVE('',#1595,#1594,#822,.T.);
#1999=EDGE_CURVE('',#1593,#1595,#823,.T.);
#2000=EDGE_CURVE('',#1593,#1596,#67,.T.);
#2001=EDGE_CURVE('',#1597,#1595,#68,.T.);
#2002=EDGE_CURVE('',#1596,#1597,#824,.T.);
#2003=EDGE_CURVE('',#1596,#1598,#69,.T.);
#2004=EDGE_CURVE('',#1599,#1597,#70,.T.);
#2005=EDGE_CURVE('',#1598,#1599,#825,.T.);
#2006=EDGE_CURVE('',#1598,#1600,#71,.T.);
#2007=EDGE_CURVE('',#1601,#1599,#72,.T.);
#2008=EDGE_CURVE('',#1600,#1601,#826,.T.);
#2009=EDGE_CURVE('',#1600,#1602,#73,.T.);
#2010=EDGE_CURVE('',#1603,#1601,#74,.T.);
#2011=EDGE_CURVE('',#1602,#1603,#827,.T.);
#2012=EDGE_CURVE('',#1602,#1604,#75,.T.);
#2013=EDGE_CURVE('',#1605,#1603,#76,.T.);
#2014=EDGE_CURVE('',#1604,#1605,#828,.T.);
#2015=EDGE_CURVE('',#1604,#1606,#77,.T.);
#2016=EDGE_CURVE('',#1607,#1605,#78,.T.);
#2017=EDGE_CURVE('',#1606,#1607,#829,.T.);
#2018=EDGE_CURVE('',#1606,#1608,#79,.T.);
#2019=EDGE_CURVE('',#1609,#1607,#80,.T.);
#2020=EDGE_CURVE('',#1608,#1609,#830,.T.);
#2021=EDGE_CURVE('',#1608,#1610,#81,.T.);
#2022=EDGE_CURVE('',#1611,#1609,#82,.T.);
#2023=EDGE_CURVE('',#1610,#1611,#831,.T.);
#2024=EDGE_CURVE('',#1610,#1612,#832,.T.);
#2025=EDGE_CURVE('',#1613,#1611,#833,.T.);
#2026=EDGE_CURVE('',#1612,#1613,#834,.T.);
#2027=EDGE_CURVE('',#1612,#1614,#835,.T.);
#2028=EDGE_CURVE('',#1615,#1613,#836,.T.);
#2029=EDGE_CURVE('',#1614,#1615,#837,.T.);
#2030=EDGE_CURVE('',#1614,#1616,#838,.T.);
#2031=EDGE_CURVE('',#1617,#1615,#839,.T.);
#2032=EDGE_CURVE('',#1616,#1617,#840,.T.);
#2033=EDGE_CURVE('',#1616,#1618,#83,.T.);
#2034=EDGE_CURVE('',#1619,#1617,#84,.T.);
#2035=EDGE_CURVE('',#1618,#1619,#841,.T.);
#2036=EDGE_CURVE('',#1618,#1620,#85,.T.);
#2037=EDGE_CURVE('',#1621,#1619,#86,.T.);
#2038=EDGE_CURVE('',#1620,#1621,#842,.T.);
#2039=EDGE_CURVE('',#1620,#1622,#87,.T.);
#2040=EDGE_CURVE('',#1623,#1621,#88,.T.);
#2041=EDGE_CURVE('',#1622,#1623,#843,.T.);
#2042=EDGE_CURVE('',#1622,#1624,#89,.T.);
#2043=EDGE_CURVE('',#1625,#1623,#90,.T.);
#2044=EDGE_CURVE('',#1624,#1625,#844,.T.);
#2045=EDGE_CURVE('',#1624,#1626,#845,.T.);
#2046=EDGE_CURVE('',#1627,#1625,#846,.T.);
#2047=EDGE_CURVE('',#1626,#1627,#847,.T.);
#2048=EDGE_CURVE('',#1626,#1592,#848,.T.);
#2049=EDGE_CURVE('',#1594,#1627,#849,.T.);
#2050=EDGE_CURVE('',#1628,#1629,#850,.T.);
#2051=EDGE_CURVE('',#1628,#1630,#851,.T.);
#2052=EDGE_CURVE('',#1631,#1630,#852,.T.);
#2053=EDGE_CURVE('',#1629,#1631,#853,.T.);
#2054=EDGE_CURVE('',#1629,#1632,#91,.T.);
#2055=EDGE_CURVE('',#1633,#1631,#92,.T.);
#2056=EDGE_CURVE('',#1632,#1633,#854,.T.);
#2057=EDGE_CURVE('',#1632,#1634,#93,.T.);
#2058=EDGE_CURVE('',#1635,#1633,#94,.T.);
#2059=EDGE_CURVE('',#1634,#1635,#855,.T.);
#2060=EDGE_CURVE('',#1634,#1636,#95,.T.);
#2061=EDGE_CURVE('',#1637,#1635,#96,.T.);
#2062=EDGE_CURVE('',#1636,#1637,#856,.T.);
#2063=EDGE_CURVE('',#1636,#1638,#97,.T.);
#2064=EDGE_CURVE('',#1639,#1637,#98,.T.);
#2065=EDGE_CURVE('',#1638,#1639,#857,.T.);
#2066=EDGE_CURVE('',#1638,#1640,#99,.T.);
#2067=EDGE_CURVE('',#1641,#1639,#100,.T.);
#2068=EDGE_CURVE('',#1640,#1641,#858,.T.);
#2069=EDGE_CURVE('',#1640,#1628,#101,.T.);
#2070=EDGE_CURVE('',#1630,#1641,#102,.T.);
#2071=EDGE_CURVE('',#1642,#1643,#859,.T.);
#2072=EDGE_CURVE('',#1642,#1644,#860,.T.);
#2073=EDGE_CURVE('',#1645,#1644,#861,.T.);
#2074=EDGE_CURVE('',#1643,#1645,#862,.T.);
#2075=EDGE_CURVE('',#1643,#1646,#103,.T.);
#2076=EDGE_CURVE('',#1647,#1645,#104,.T.);
#2077=EDGE_CURVE('',#1646,#1647,#863,.T.);
#2078=EDGE_CURVE('',#1646,#1648,#105,.T.);
#2079=EDGE_CURVE('',#1649,#1647,#106,.T.);
#2080=EDGE_CURVE('',#1648,#1649,#864,.T.);
#2081=EDGE_CURVE('',#1648,#1650,#865,.T.);
#2082=EDGE_CURVE('',#1651,#1649,#866,.T.);
#2083=EDGE_CURVE('',#1650,#1651,#867,.T.);
#2084=EDGE_CURVE('',#1650,#1652,#107,.T.);
#2085=EDGE_CURVE('',#1653,#1651,#108,.T.);
#2086=EDGE_CURVE('',#1652,#1653,#868,.T.);
#2087=EDGE_CURVE('',#1652,#1642,#109,.T.);
#2088=EDGE_CURVE('',#1644,#1653,#110,.T.);
#2089=EDGE_CURVE('',#1654,#1655,#869,.T.);
#2090=EDGE_CURVE('',#1654,#1656,#870,.T.);
#2091=EDGE_CURVE('',#1657,#1656,#871,.T.);
#2092=EDGE_CURVE('',#1655,#1657,#872,.T.);
#2093=EDGE_CURVE('',#1655,#1658,#111,.T.);
#2094=EDGE_CURVE('',#1659,#1657,#112,.T.);
#2095=EDGE_CURVE('',#1658,#1659,#873,.T.);
#2096=EDGE_CURVE('',#1658,#1660,#113,.T.);
#2097=EDGE_CURVE('',#1661,#1659,#114,.T.);
#2098=EDGE_CURVE('',#1660,#1661,#874,.T.);
#2099=EDGE_CURVE('',#1660,#1662,#115,.T.);
#2100=EDGE_CURVE('',#1663,#1661,#116,.T.);
#2101=EDGE_CURVE('',#1662,#1663,#875,.T.);
#2102=EDGE_CURVE('',#1662,#1664,#117,.T.);
#2103=EDGE_CURVE('',#1665,#1663,#118,.T.);
#2104=EDGE_CURVE('',#1664,#1665,#876,.T.);
#2105=EDGE_CURVE('',#1664,#1666,#119,.T.);
#2106=EDGE_CURVE('',#1667,#1665,#120,.T.);
#2107=EDGE_CURVE('',#1666,#1667,#877,.T.);
#2108=EDGE_CURVE('',#1666,#1668,#121,.T.);
#2109=EDGE_CURVE('',#1669,#1667,#122,.T.);
#2110=EDGE_CURVE('',#1668,#1669,#878,.T.);
#2111=EDGE_CURVE('',#1668,#1670,#123,.T.);
#2112=EDGE_CURVE('',#1671,#1669,#124,.T.);
#2113=EDGE_CURVE('',#1670,#1671,#879,.T.);
#2114=EDGE_CURVE('',#1670,#1672,#880,.T.);
#2115=EDGE_CURVE('',#1673,#1671,#881,.T.);
#2116=EDGE_CURVE('',#1672,#1673,#882,.T.);
#2117=EDGE_CURVE('',#1672,#1674,#125,.T.);
#2118=EDGE_CURVE('',#1675,#1673,#126,.T.);
#2119=EDGE_CURVE('',#1674,#1675,#883,.T.);
#2120=EDGE_CURVE('',#1674,#1676,#127,.T.);
#2121=EDGE_CURVE('',#1677,#1675,#128,.T.);
#2122=EDGE_CURVE('',#1676,#1677,#884,.T.);
#2123=EDGE_CURVE('',#1676,#1678,#129,.T.);
#2124=EDGE_CURVE('',#1679,#1677,#130,.T.);
#2125=EDGE_CURVE('',#1678,#1679,#885,.T.);
#2126=EDGE_CURVE('',#1678,#1680,#886,.T.);
#2127=EDGE_CURVE('',#1681,#1679,#887,.T.);
#2128=EDGE_CURVE('',#1680,#1681,#888,.T.);
#2129=EDGE_CURVE('',#1680,#1654,#889,.T.);
#2130=EDGE_CURVE('',#1656,#1681,#890,.T.);
#2131=EDGE_CURVE('',#1682,#1683,#891,.T.);
#2132=EDGE_CURVE('',#1682,#1684,#892,.T.);
#2133=EDGE_CURVE('',#1685,#1684,#893,.T.);
#2134=EDGE_CURVE('',#1683,#1685,#894,.T.);
#2135=EDGE_CURVE('',#1683,#1686,#895,.T.);
#2136=EDGE_CURVE('',#1687,#1685,#896,.T.);
#2137=EDGE_CURVE('',#1686,#1687,#897,.T.);
#2138=EDGE_CURVE('',#1686,#1688,#898,.T.);
#2139=EDGE_CURVE('',#1689,#1687,#899,.T.);
#2140=EDGE_CURVE('',#1688,#1689,#900,.T.);
#2141=EDGE_CURVE('',#1688,#1690,#901,.T.);
#2142=EDGE_CURVE('',#1691,#1689,#902,.T.);
#2143=EDGE_CURVE('',#1690,#1691,#903,.T.);
#2144=EDGE_CURVE('',#1690,#1692,#904,.T.);
#2145=EDGE_CURVE('',#1693,#1691,#905,.T.);
#2146=EDGE_CURVE('',#1692,#1693,#906,.T.);
#2147=EDGE_CURVE('',#1692,#1694,#907,.T.);
#2148=EDGE_CURVE('',#1695,#1693,#908,.T.);
#2149=EDGE_CURVE('',#1694,#1695,#909,.T.);
#2150=EDGE_CURVE('',#1694,#1696,#910,.T.);
#2151=EDGE_CURVE('',#1697,#1695,#911,.T.);
#2152=EDGE_CURVE('',#1696,#1697,#912,.T.);
#2153=EDGE_CURVE('',#1696,#1698,#913,.T.);
#2154=EDGE_CURVE('',#1699,#1697,#914,.T.);
#2155=EDGE_CURVE('',#1698,#1699,#915,.T.);
#2156=EDGE_CURVE('',#1698,#1700,#916,.T.);
#2157=EDGE_CURVE('',#1701,#1699,#917,.T.);
#2158=EDGE_CURVE('',#1700,#1701,#918,.T.);
#2159=EDGE_CURVE('',#1700,#1702,#919,.T.);
#2160=EDGE_CURVE('',#1703,#1701,#920,.T.);
#2161=EDGE_CURVE('',#1702,#1703,#921,.T.);
#2162=EDGE_CURVE('',#1702,#1704,#922,.T.);
#2163=EDGE_CURVE('',#1705,#1703,#923,.T.);
#2164=EDGE_CURVE('',#1704,#1705,#924,.T.);
#2165=EDGE_CURVE('',#1704,#1682,#925,.T.);
#2166=EDGE_CURVE('',#1684,#1705,#926,.T.);
#2167=EDGE_CURVE('',#1706,#1707,#927,.T.);
#2168=EDGE_CURVE('',#1706,#1708,#928,.T.);
#2169=EDGE_CURVE('',#1709,#1708,#929,.T.);
#2170=EDGE_CURVE('',#1707,#1709,#930,.T.);
#2171=EDGE_CURVE('',#1707,#1710,#131,.T.);
#2172=EDGE_CURVE('',#1711,#1709,#132,.T.);
#2173=EDGE_CURVE('',#1710,#1711,#931,.T.);
#2174=EDGE_CURVE('',#1710,#1712,#133,.T.);
#2175=EDGE_CURVE('',#1713,#1711,#134,.T.);
#2176=EDGE_CURVE('',#1712,#1713,#932,.T.);
#2177=EDGE_CURVE('',#1712,#1714,#135,.T.);
#2178=EDGE_CURVE('',#1715,#1713,#136,.T.);
#2179=EDGE_CURVE('',#1714,#1715,#933,.T.);
#2180=EDGE_CURVE('',#1714,#1716,#137,.T.);
#2181=EDGE_CURVE('',#1717,#1715,#138,.T.);
#2182=EDGE_CURVE('',#1716,#1717,#934,.T.);
#2183=EDGE_CURVE('',#1716,#1718,#139,.T.);
#2184=EDGE_CURVE('',#1719,#1717,#140,.T.);
#2185=EDGE_CURVE('',#1718,#1719,#935,.T.);
#2186=EDGE_CURVE('',#1718,#1720,#141,.T.);
#2187=EDGE_CURVE('',#1721,#1719,#142,.T.);
#2188=EDGE_CURVE('',#1720,#1721,#936,.T.);
#2189=EDGE_CURVE('',#1720,#1722,#143,.T.);
#2190=EDGE_CURVE('',#1723,#1721,#144,.T.);
#2191=EDGE_CURVE('',#1722,#1723,#937,.T.);
#2192=EDGE_CURVE('',#1722,#1724,#145,.T.);
#2193=EDGE_CURVE('',#1725,#1723,#146,.T.);
#2194=EDGE_CURVE('',#1724,#1725,#938,.T.);
#2195=EDGE_CURVE('',#1724,#1726,#939,.T.);
#2196=EDGE_CURVE('',#1727,#1725,#940,.T.);
#2197=EDGE_CURVE('',#1726,#1727,#941,.T.);
#2198=EDGE_CURVE('',#1726,#1728,#942,.T.);
#2199=EDGE_CURVE('',#1729,#1727,#943,.T.);
#2200=EDGE_CURVE('',#1728,#1729,#944,.T.);
#2201=EDGE_CURVE('',#1728,#1730,#945,.T.);
#2202=EDGE_CURVE('',#1731,#1729,#946,.T.);
#2203=EDGE_CURVE('',#1730,#1731,#947,.T.);
#2204=EDGE_CURVE('',#1730,#1732,#147,.T.);
#2205=EDGE_CURVE('',#1733,#1731,#148,.T.);
#2206=EDGE_CURVE('',#1732,#1733,#948,.T.);
#2207=EDGE_CURVE('',#1732,#1734,#149,.T.);
#2208=EDGE_CURVE('',#1735,#1733,#150,.T.);
#2209=EDGE_CURVE('',#1734,#1735,#949,.T.);
#2210=EDGE_CURVE('',#1734,#1736,#151,.T.);
#2211=EDGE_CURVE('',#1737,#1735,#152,.T.);
#2212=EDGE_CURVE('',#1736,#1737,#950,.T.);
#2213=EDGE_CURVE('',#1736,#1738,#153,.T.);
#2214=EDGE_CURVE('',#1739,#1737,#154,.T.);
#2215=EDGE_CURVE('',#1738,#1739,#951,.T.);
#2216=EDGE_CURVE('',#1738,#1740,#952,.T.);
#2217=EDGE_CURVE('',#1741,#1739,#953,.T.);
#2218=EDGE_CURVE('',#1740,#1741,#954,.T.);
#2219=EDGE_CURVE('',#1740,#1706,#955,.T.);
#2220=EDGE_CURVE('',#1708,#1741,#956,.T.);
#2221=EDGE_CURVE('',#1742,#1743,#957,.T.);
#2222=EDGE_CURVE('',#1742,#1744,#958,.T.);
#2223=EDGE_CURVE('',#1745,#1744,#959,.T.);
#2224=EDGE_CURVE('',#1743,#1745,#960,.T.);
#2225=EDGE_CURVE('',#1743,#1746,#155,.T.);
#2226=EDGE_CURVE('',#1747,#1745,#156,.T.);
#2227=EDGE_CURVE('',#1746,#1747,#961,.T.);
#2228=EDGE_CURVE('',#1746,#1748,#157,.T.);
#2229=EDGE_CURVE('',#1749,#1747,#158,.T.);
#2230=EDGE_CURVE('',#1748,#1749,#962,.T.);
#2231=EDGE_CURVE('',#1748,#1750,#159,.T.);
#2232=EDGE_CURVE('',#1751,#1749,#160,.T.);
#2233=EDGE_CURVE('',#1750,#1751,#963,.T.);
#2234=EDGE_CURVE('',#1750,#1752,#161,.T.);
#2235=EDGE_CURVE('',#1753,#1751,#162,.T.);
#2236=EDGE_CURVE('',#1752,#1753,#964,.T.);
#2237=EDGE_CURVE('',#1752,#1754,#163,.T.);
#2238=EDGE_CURVE('',#1755,#1753,#164,.T.);
#2239=EDGE_CURVE('',#1754,#1755,#965,.T.);
#2240=EDGE_CURVE('',#1754,#1742,#165,.T.);
#2241=EDGE_CURVE('',#1744,#1755,#166,.T.);
#2242=EDGE_CURVE('',#1756,#1757,#966,.T.);
#2243=EDGE_CURVE('',#1756,#1758,#967,.T.);
#2244=EDGE_CURVE('',#1759,#1758,#968,.T.);
#2245=EDGE_CURVE('',#1757,#1759,#969,.T.);
#2246=EDGE_CURVE('',#1757,#1760,#167,.T.);
#2247=EDGE_CURVE('',#1761,#1759,#168,.T.);
#2248=EDGE_CURVE('',#1760,#1761,#970,.T.);
#2249=EDGE_CURVE('',#1760,#1762,#169,.T.);
#2250=EDGE_CURVE('',#1763,#1761,#170,.T.);
#2251=EDGE_CURVE('',#1762,#1763,#971,.T.);
#2252=EDGE_CURVE('',#1762,#1764,#972,.T.);
#2253=EDGE_CURVE('',#1765,#1763,#973,.T.);
#2254=EDGE_CURVE('',#1764,#1765,#974,.T.);
#2255=EDGE_CURVE('',#1764,#1766,#171,.T.);
#2256=EDGE_CURVE('',#1767,#1765,#172,.T.);
#2257=EDGE_CURVE('',#1766,#1767,#975,.T.);
#2258=EDGE_CURVE('',#1766,#1756,#173,.T.);
#2259=EDGE_CURVE('',#1758,#1767,#174,.T.);
#2260=EDGE_CURVE('',#1768,#1769,#976,.T.);
#2261=EDGE_CURVE('',#1768,#1770,#977,.T.);
#2262=EDGE_CURVE('',#1771,#1770,#978,.T.);
#2263=EDGE_CURVE('',#1769,#1771,#979,.T.);
#2264=EDGE_CURVE('',#1769,#1772,#175,.T.);
#2265=EDGE_CURVE('',#1773,#1771,#176,.T.);
#2266=EDGE_CURVE('',#1772,#1773,#980,.T.);
#2267=EDGE_CURVE('',#1772,#1774,#177,.T.);
#2268=EDGE_CURVE('',#1775,#1773,#178,.T.);
#2269=EDGE_CURVE('',#1774,#1775,#981,.T.);
#2270=EDGE_CURVE('',#1774,#1776,#179,.T.);
#2271=EDGE_CURVE('',#1777,#1775,#180,.T.);
#2272=EDGE_CURVE('',#1776,#1777,#982,.T.);
#2273=EDGE_CURVE('',#1776,#1778,#181,.T.);
#2274=EDGE_CURVE('',#1779,#1777,#182,.T.);
#2275=EDGE_CURVE('',#1778,#1779,#983,.T.);
#2276=EDGE_CURVE('',#1778,#1780,#183,.T.);
#2277=EDGE_CURVE('',#1781,#1779,#184,.T.);
#2278=EDGE_CURVE('',#1780,#1781,#984,.T.);
#2279=EDGE_CURVE('',#1780,#1782,#185,.T.);
#2280=EDGE_CURVE('',#1783,#1781,#186,.T.);
#2281=EDGE_CURVE('',#1782,#1783,#985,.T.);
#2282=EDGE_CURVE('',#1782,#1784,#187,.T.);
#2283=EDGE_CURVE('',#1785,#1783,#188,.T.);
#2284=EDGE_CURVE('',#1784,#1785,#986,.T.);
#2285=EDGE_CURVE('',#1784,#1786,#987,.T.);
#2286=EDGE_CURVE('',#1787,#1785,#988,.T.);
#2287=EDGE_CURVE('',#1786,#1787,#989,.T.);
#2288=EDGE_CURVE('',#1786,#1788,#189,.T.);
#2289=EDGE_CURVE('',#1789,#1787,#190,.T.);
#2290=EDGE_CURVE('',#1788,#1789,#990,.T.);
#2291=EDGE_CURVE('',#1788,#1790,#191,.T.);
#2292=EDGE_CURVE('',#1791,#1789,#192,.T.);
#2293=EDGE_CURVE('',#1790,#1791,#991,.T.);
#2294=EDGE_CURVE('',#1790,#1792,#193,.T.);
#2295=EDGE_CURVE('',#1793,#1791,#194,.T.);
#2296=EDGE_CURVE('',#1792,#1793,#992,.T.);
#2297=EDGE_CURVE('',#1792,#1794,#993,.T.);
#2298=EDGE_CURVE('',#1795,#1793,#994,.T.);
#2299=EDGE_CURVE('',#1794,#1795,#995,.T.);
#2300=EDGE_CURVE('',#1794,#1768,#996,.T.);
#2301=EDGE_CURVE('',#1770,#1795,#997,.T.);
#2302=EDGE_CURVE('',#1796,#1797,#998,.T.);
#2303=EDGE_CURVE('',#1796,#1798,#999,.T.);
#2304=EDGE_CURVE('',#1799,#1798,#1000,.T.);
#2305=EDGE_CURVE('',#1797,#1799,#1001,.T.);
#2306=EDGE_CURVE('',#1797,#1800,#1002,.T.);
#2307=EDGE_CURVE('',#1801,#1799,#1003,.T.);
#2308=EDGE_CURVE('',#1800,#1801,#1004,.T.);
#2309=EDGE_CURVE('',#1800,#1802,#195,.T.);
#2310=EDGE_CURVE('',#1803,#1801,#196,.T.);
#2311=EDGE_CURVE('',#1802,#1803,#1005,.T.);
#2312=EDGE_CURVE('',#1802,#1804,#197,.T.);
#2313=EDGE_CURVE('',#1805,#1803,#198,.T.);
#2314=EDGE_CURVE('',#1804,#1805,#1006,.T.);
#2315=EDGE_CURVE('',#1804,#1806,#199,.T.);
#2316=EDGE_CURVE('',#1807,#1805,#200,.T.);
#2317=EDGE_CURVE('',#1806,#1807,#1007,.T.);
#2318=EDGE_CURVE('',#1806,#1808,#201,.T.);
#2319=EDGE_CURVE('',#1809,#1807,#202,.T.);
#2320=EDGE_CURVE('',#1808,#1809,#1008,.T.);
#2321=EDGE_CURVE('',#1808,#1810,#203,.T.);
#2322=EDGE_CURVE('',#1811,#1809,#204,.T.);
#2323=EDGE_CURVE('',#1810,#1811,#1009,.T.);
#2324=EDGE_CURVE('',#1810,#1812,#205,.T.);
#2325=EDGE_CURVE('',#1813,#1811,#206,.T.);
#2326=EDGE_CURVE('',#1812,#1813,#1010,.T.);
#2327=EDGE_CURVE('',#1812,#1814,#207,.T.);
#2328=EDGE_CURVE('',#1815,#1813,#208,.T.);
#2329=EDGE_CURVE('',#1814,#1815,#1011,.T.);
#2330=EDGE_CURVE('',#1814,#1816,#209,.T.);
#2331=EDGE_CURVE('',#1817,#1815,#210,.T.);
#2332=EDGE_CURVE('',#1816,#1817,#1012,.T.);
#2333=EDGE_CURVE('',#1816,#1818,#211,.T.);
#2334=EDGE_CURVE('',#1819,#1817,#212,.T.);
#2335=EDGE_CURVE('',#1818,#1819,#1013,.T.);
#2336=EDGE_CURVE('',#1818,#1820,#213,.T.);
#2337=EDGE_CURVE('',#1821,#1819,#214,.T.);
#2338=EDGE_CURVE('',#1820,#1821,#1014,.T.);
#2339=EDGE_CURVE('',#1820,#1822,#215,.T.);
#2340=EDGE_CURVE('',#1823,#1821,#216,.T.);
#2341=EDGE_CURVE('',#1822,#1823,#1015,.T.);
#2342=EDGE_CURVE('',#1822,#1824,#217,.T.);
#2343=EDGE_CURVE('',#1825,#1823,#218,.T.);
#2344=EDGE_CURVE('',#1824,#1825,#1016,.T.);
#2345=EDGE_CURVE('',#1824,#1826,#219,.T.);
#2346=EDGE_CURVE('',#1827,#1825,#220,.T.);
#2347=EDGE_CURVE('',#1826,#1827,#1017,.T.);
#2348=EDGE_CURVE('',#1826,#1828,#221,.T.);
#2349=EDGE_CURVE('',#1829,#1827,#222,.T.);
#2350=EDGE_CURVE('',#1828,#1829,#1018,.T.);
#2351=EDGE_CURVE('',#1828,#1830,#1019,.T.);
#2352=EDGE_CURVE('',#1831,#1829,#1020,.T.);
#2353=EDGE_CURVE('',#1830,#1831,#1021,.T.);
#2354=EDGE_CURVE('',#1830,#1832,#1022,.T.);
#2355=EDGE_CURVE('',#1833,#1831,#1023,.T.);
#2356=EDGE_CURVE('',#1832,#1833,#1024,.T.);
#2357=EDGE_CURVE('',#1832,#1834,#1025,.T.);
#2358=EDGE_CURVE('',#1835,#1833,#1026,.T.);
#2359=EDGE_CURVE('',#1834,#1835,#1027,.T.);
#2360=EDGE_CURVE('',#1834,#1836,#223,.T.);
#2361=EDGE_CURVE('',#1837,#1835,#224,.T.);
#2362=EDGE_CURVE('',#1836,#1837,#1028,.T.);
#2363=EDGE_CURVE('',#1836,#1838,#225,.T.);
#2364=EDGE_CURVE('',#1839,#1837,#226,.T.);
#2365=EDGE_CURVE('',#1838,#1839,#1029,.T.);
#2366=EDGE_CURVE('',#1838,#1840,#227,.T.);
#2367=EDGE_CURVE('',#1841,#1839,#228,.T.);
#2368=EDGE_CURVE('',#1840,#1841,#1030,.T.);
#2369=EDGE_CURVE('',#1840,#1842,#229,.T.);
#2370=EDGE_CURVE('',#1843,#1841,#230,.T.);
#2371=EDGE_CURVE('',#1842,#1843,#1031,.T.);
#2372=EDGE_CURVE('',#1842,#1844,#231,.T.);
#2373=EDGE_CURVE('',#1845,#1843,#232,.T.);
#2374=EDGE_CURVE('',#1844,#1845,#1032,.T.);
#2375=EDGE_CURVE('',#1844,#1846,#233,.T.);
#2376=EDGE_CURVE('',#1847,#1845,#234,.T.);
#2377=EDGE_CURVE('',#1846,#1847,#1033,.T.);
#2378=EDGE_CURVE('',#1846,#1848,#235,.T.);
#2379=EDGE_CURVE('',#1849,#1847,#236,.T.);
#2380=EDGE_CURVE('',#1848,#1849,#1034,.T.);
#2381=EDGE_CURVE('',#1848,#1850,#237,.T.);
#2382=EDGE_CURVE('',#1851,#1849,#238,.T.);
#2383=EDGE_CURVE('',#1850,#1851,#1035,.T.);
#2384=EDGE_CURVE('',#1850,#1852,#239,.T.);
#2385=EDGE_CURVE('',#1853,#1851,#240,.T.);
#2386=EDGE_CURVE('',#1852,#1853,#1036,.T.);
#2387=EDGE_CURVE('',#1852,#1854,#241,.T.);
#2388=EDGE_CURVE('',#1855,#1853,#242,.T.);
#2389=EDGE_CURVE('',#1854,#1855,#1037,.T.);
#2390=EDGE_CURVE('',#1854,#1856,#243,.T.);
#2391=EDGE_CURVE('',#1857,#1855,#244,.T.);
#2392=EDGE_CURVE('',#1856,#1857,#1038,.T.);
#2393=EDGE_CURVE('',#1856,#1858,#245,.T.);
#2394=EDGE_CURVE('',#1859,#1857,#246,.T.);
#2395=EDGE_CURVE('',#1858,#1859,#1039,.T.);
#2396=EDGE_CURVE('',#1858,#1860,#247,.T.);
#2397=EDGE_CURVE('',#1861,#1859,#248,.T.);
#2398=EDGE_CURVE('',#1860,#1861,#1040,.T.);
#2399=EDGE_CURVE('',#1860,#1862,#249,.T.);
#2400=EDGE_CURVE('',#1863,#1861,#250,.T.);
#2401=EDGE_CURVE('',#1862,#1863,#1041,.T.);
#2402=EDGE_CURVE('',#1862,#1864,#251,.T.);
#2403=EDGE_CURVE('',#1865,#1863,#252,.T.);
#2404=EDGE_CURVE('',#1864,#1865,#1042,.T.);
#2405=EDGE_CURVE('',#1864,#1796,#1043,.T.);
#2406=EDGE_CURVE('',#1798,#1865,#1044,.T.);
#2407=EDGE_CURVE('',#1866,#1867,#1045,.T.);
#2408=EDGE_CURVE('',#1866,#1868,#1046,.T.);
#2409=EDGE_CURVE('',#1869,#1868,#1047,.T.);
#2410=EDGE_CURVE('',#1867,#1869,#1048,.T.);
#2411=EDGE_CURVE('',#1867,#1870,#1049,.T.);
#2412=EDGE_CURVE('',#1871,#1869,#1050,.T.);
#2413=EDGE_CURVE('',#1870,#1871,#1051,.T.);
#2414=EDGE_CURVE('',#1870,#1872,#1052,.T.);
#2415=EDGE_CURVE('',#1873,#1871,#1053,.T.);
#2416=EDGE_CURVE('',#1872,#1873,#1054,.T.);
#2417=EDGE_CURVE('',#1872,#1874,#1055,.T.);
#2418=EDGE_CURVE('',#1875,#1873,#1056,.T.);
#2419=EDGE_CURVE('',#1874,#1875,#1057,.T.);
#2420=EDGE_CURVE('',#1874,#1876,#1058,.T.);
#2421=EDGE_CURVE('',#1877,#1875,#1059,.T.);
#2422=EDGE_CURVE('',#1876,#1877,#1060,.T.);
#2423=EDGE_CURVE('',#1876,#1878,#1061,.T.);
#2424=EDGE_CURVE('',#1879,#1877,#1062,.T.);
#2425=EDGE_CURVE('',#1878,#1879,#1063,.T.);
#2426=EDGE_CURVE('',#1878,#1880,#1064,.T.);
#2427=EDGE_CURVE('',#1881,#1879,#1065,.T.);
#2428=EDGE_CURVE('',#1880,#1881,#1066,.T.);
#2429=EDGE_CURVE('',#1880,#1882,#1067,.T.);
#2430=EDGE_CURVE('',#1883,#1881,#1068,.T.);
#2431=EDGE_CURVE('',#1882,#1883,#1069,.T.);
#2432=EDGE_CURVE('',#1882,#1884,#1070,.T.);
#2433=EDGE_CURVE('',#1885,#1883,#1071,.T.);
#2434=EDGE_CURVE('',#1884,#1885,#1072,.T.);
#2435=EDGE_CURVE('',#1884,#1886,#1073,.T.);
#2436=EDGE_CURVE('',#1887,#1885,#1074,.T.);
#2437=EDGE_CURVE('',#1886,#1887,#1075,.T.);
#2438=EDGE_CURVE('',#1886,#1866,#1076,.T.);
#2439=EDGE_CURVE('',#1868,#1887,#1077,.T.);
#2440=EDGE_CURVE('',#1888,#1889,#1078,.T.);
#2441=EDGE_CURVE('',#1888,#1890,#1079,.T.);
#2442=EDGE_CURVE('',#1891,#1890,#1080,.T.);
#2443=EDGE_CURVE('',#1889,#1891,#1081,.T.);
#2444=EDGE_CURVE('',#1889,#1892,#1082,.T.);
#2445=EDGE_CURVE('',#1893,#1891,#1083,.T.);
#2446=EDGE_CURVE('',#1892,#1893,#1084,.T.);
#2447=EDGE_CURVE('',#1892,#1894,#1085,.T.);
#2448=EDGE_CURVE('',#1895,#1893,#1086,.T.);
#2449=EDGE_CURVE('',#1894,#1895,#1087,.T.);
#2450=EDGE_CURVE('',#1894,#1888,#1088,.T.);
#2451=EDGE_CURVE('',#1890,#1895,#1089,.T.);
#2452=EDGE_CURVE('',#1896,#1897,#1090,.T.);
#2453=EDGE_CURVE('',#1896,#1898,#1091,.T.);
#2454=EDGE_CURVE('',#1899,#1898,#1092,.T.);
#2455=EDGE_CURVE('',#1897,#1899,#1093,.T.);
#2456=EDGE_CURVE('',#1897,#1900,#15,.T.);
#2457=EDGE_CURVE('',#1901,#1899,#16,.T.);
#2458=EDGE_CURVE('',#1900,#1901,#1094,.T.);
#2459=EDGE_CURVE('',#1900,#1902,#1095,.T.);
#2460=EDGE_CURVE('',#1903,#1901,#1096,.T.);
#2461=EDGE_CURVE('',#1902,#1903,#1097,.T.);
#2462=EDGE_CURVE('',#1902,#1904,#17,.T.);
#2463=EDGE_CURVE('',#1905,#1903,#18,.T.);
#2464=EDGE_CURVE('',#1904,#1905,#1098,.T.);
#2465=EDGE_CURVE('',#1904,#1906,#1099,.T.);
#2466=EDGE_CURVE('',#1907,#1905,#1100,.T.);
#2467=EDGE_CURVE('',#1906,#1907,#1101,.T.);
#2468=EDGE_CURVE('',#1908,#1896,#19,.T.);
#2469=EDGE_CURVE('',#1908,#1909,#1102,.T.);
#2470=EDGE_CURVE('',#1898,#1909,#20,.T.);
#2471=EDGE_CURVE('',#1910,#1908,#1103,.T.);
#2472=EDGE_CURVE('',#1910,#1911,#1104,.T.);
#2473=EDGE_CURVE('',#1909,#1911,#1105,.T.);
#2474=EDGE_CURVE('',#1906,#1910,#21,.T.);
#2475=EDGE_CURVE('',#1911,#1907,#22,.T.);
#2476=EDGE_CURVE('',#1912,#1913,#1106,.T.);
#2477=EDGE_CURVE('',#1912,#1914,#1107,.T.);
#2478=EDGE_CURVE('',#1915,#1914,#1108,.T.);
#2479=EDGE_CURVE('',#1913,#1915,#1109,.T.);
#2480=EDGE_CURVE('',#1913,#1916,#23,.T.);
#2481=EDGE_CURVE('',#1917,#1915,#24,.T.);
#2482=EDGE_CURVE('',#1916,#1917,#1110,.T.);
#2483=EDGE_CURVE('',#1916,#1918,#1111,.T.);
#2484=EDGE_CURVE('',#1919,#1917,#1112,.T.);
#2485=EDGE_CURVE('',#1918,#1919,#1113,.T.);
#2486=EDGE_CURVE('',#1918,#1920,#25,.T.);
#2487=EDGE_CURVE('',#1921,#1919,#26,.T.);
#2488=EDGE_CURVE('',#1920,#1921,#1114,.T.);
#2489=EDGE_CURVE('',#1920,#1922,#1115,.T.);
#2490=EDGE_CURVE('',#1923,#1921,#1116,.T.);
#2491=EDGE_CURVE('',#1922,#1923,#1117,.T.);
#2492=EDGE_CURVE('',#1924,#1912,#27,.T.);
#2493=EDGE_CURVE('',#1924,#1925,#1118,.T.);
#2494=EDGE_CURVE('',#1914,#1925,#28,.T.);
#2495=EDGE_CURVE('',#1926,#1924,#1119,.T.);
#2496=EDGE_CURVE('',#1926,#1927,#1120,.T.);
#2497=EDGE_CURVE('',#1925,#1927,#1121,.T.);
#2498=EDGE_CURVE('',#1922,#1926,#29,.T.);
#2499=EDGE_CURVE('',#1927,#1923,#30,.T.);
#2500=EDGE_CURVE('',#1928,#1929,#1122,.T.);
#2501=EDGE_CURVE('',#1928,#1930,#1123,.T.);
#2502=EDGE_CURVE('',#1931,#1930,#1124,.T.);
#2503=EDGE_CURVE('',#1929,#1931,#1125,.T.);
#2504=EDGE_CURVE('',#1929,#1932,#1126,.T.);
#2505=EDGE_CURVE('',#1933,#1931,#1127,.T.);
#2506=EDGE_CURVE('',#1932,#1933,#1128,.T.);
#2507=EDGE_CURVE('',#1932,#1934,#1129,.T.);
#2508=EDGE_CURVE('',#1935,#1933,#1130,.T.);
#2509=EDGE_CURVE('',#1934,#1935,#1131,.T.);
#2510=EDGE_CURVE('',#1934,#1928,#1132,.T.);
#2511=EDGE_CURVE('',#1930,#1935,#1133,.T.);
#2512=EDGE_CURVE('',#1936,#1937,#1134,.T.);
#2513=EDGE_CURVE('',#1936,#1938,#1135,.T.);
#2514=EDGE_CURVE('',#1939,#1938,#1136,.T.);
#2515=EDGE_CURVE('',#1937,#1939,#1137,.T.);
#2516=EDGE_CURVE('',#1937,#1940,#1138,.T.);
#2517=EDGE_CURVE('',#1941,#1939,#1139,.T.);
#2518=EDGE_CURVE('',#1940,#1941,#1140,.T.);
#2519=EDGE_CURVE('',#1940,#1942,#1141,.T.);
#2520=EDGE_CURVE('',#1943,#1941,#1142,.T.);
#2521=EDGE_CURVE('',#1942,#1943,#1143,.T.);
#2522=EDGE_CURVE('',#1942,#1936,#1144,.T.);
#2523=EDGE_CURVE('',#1938,#1943,#1145,.T.);
#2524=EDGE_CURVE('',#1944,#1945,#1146,.T.);
#2525=EDGE_CURVE('',#1944,#1946,#1147,.T.);
#2526=EDGE_CURVE('',#1947,#1946,#1148,.T.);
#2527=EDGE_CURVE('',#1945,#1947,#1149,.T.);
#2528=EDGE_CURVE('',#1945,#1948,#1150,.T.);
#2529=EDGE_CURVE('',#1949,#1947,#1151,.T.);
#2530=EDGE_CURVE('',#1948,#1949,#1152,.T.);
#2531=EDGE_CURVE('',#1948,#1950,#1153,.T.);
#2532=EDGE_CURVE('',#1951,#1949,#1154,.T.);
#2533=EDGE_CURVE('',#1950,#1951,#1155,.T.);
#2534=EDGE_CURVE('',#1950,#1944,#1156,.T.);
#2535=EDGE_CURVE('',#1946,#1951,#1157,.T.);
#2536=EDGE_CURVE('',#1952,#1953,#1158,.T.);
#2537=EDGE_CURVE('',#1954,#1952,#1159,.T.);
#2538=EDGE_CURVE('',#1955,#1954,#1160,.T.);
#2539=EDGE_CURVE('',#1956,#1955,#1161,.T.);
#2540=EDGE_CURVE('',#1953,#1956,#1162,.T.);
#2541=EDGE_CURVE('',#1955,#1957,#1163,.T.);
#2542=EDGE_CURVE('',#1958,#1957,#1164,.T.);
#2543=EDGE_CURVE('',#1956,#1958,#1165,.T.);
#2544=EDGE_CURVE('',#1954,#1959,#1166,.T.);
#2545=EDGE_CURVE('',#1957,#1959,#1167,.T.);
#2546=EDGE_CURVE('',#1952,#1960,#1168,.T.);
#2547=EDGE_CURVE('',#1959,#1960,#1169,.T.);
#2548=EDGE_CURVE('',#1961,#1962,#1170,.T.);
#2549=EDGE_CURVE('',#1962,#1963,#1171,.T.);
#2550=EDGE_CURVE('',#1963,#1964,#1172,.T.);
#2551=EDGE_CURVE('',#1964,#1965,#1173,.T.);
#2552=EDGE_CURVE('',#1965,#1961,#1174,.T.);
#2553=EDGE_CURVE('',#1960,#1966,#1175,.T.);
#2554=EDGE_CURVE('',#1966,#1958,#1176,.T.);
#2555=EDGE_CURVE('',#1953,#1966,#1177,.T.);
#2556=EDGE_CURVE('',#1967,#1968,#1178,.T.);
#2557=EDGE_CURVE('',#1967,#1961,#1179,.T.);
#2558=EDGE_CURVE('',#1968,#1965,#1180,.T.);
#2559=EDGE_CURVE('',#1968,#1969,#1181,.T.);
#2560=EDGE_CURVE('',#1969,#1964,#1182,.T.);
#2561=EDGE_CURVE('',#1969,#1970,#1183,.T.);
#2562=EDGE_CURVE('',#1970,#1963,#1184,.T.);
#2563=EDGE_CURVE('',#1971,#1970,#1185,.T.);
#2564=EDGE_CURVE('',#1971,#1962,#1186,.T.);
#2565=EDGE_CURVE('',#1967,#1971,#1187,.T.);
#2566=ORIENTED_EDGE('',*,*,#1972,.F.);
#2567=ORIENTED_EDGE('',*,*,#1973,.T.);
#2568=ORIENTED_EDGE('',*,*,#1974,.F.);
#2569=ORIENTED_EDGE('',*,*,#1975,.F.);
#2570=ORIENTED_EDGE('',*,*,#1976,.F.);
#2571=ORIENTED_EDGE('',*,*,#1975,.T.);
#2572=ORIENTED_EDGE('',*,*,#1977,.F.);
#2573=ORIENTED_EDGE('',*,*,#1978,.F.);
#2574=ORIENTED_EDGE('',*,*,#1979,.F.);
#2575=ORIENTED_EDGE('',*,*,#1978,.T.);
#2576=ORIENTED_EDGE('',*,*,#1980,.F.);
#2577=ORIENTED_EDGE('',*,*,#1981,.F.);
#2578=ORIENTED_EDGE('',*,*,#1982,.F.);
#2579=ORIENTED_EDGE('',*,*,#1981,.T.);
#2580=ORIENTED_EDGE('',*,*,#1983,.F.);
#2581=ORIENTED_EDGE('',*,*,#1984,.F.);
#2582=ORIENTED_EDGE('',*,*,#1985,.F.);
#2583=ORIENTED_EDGE('',*,*,#1984,.T.);
#2584=ORIENTED_EDGE('',*,*,#1986,.F.);
#2585=ORIENTED_EDGE('',*,*,#1987,.F.);
#2586=ORIENTED_EDGE('',*,*,#1988,.F.);
#2587=ORIENTED_EDGE('',*,*,#1987,.T.);
#2588=ORIENTED_EDGE('',*,*,#1989,.F.);
#2589=ORIENTED_EDGE('',*,*,#1990,.F.);
#2590=ORIENTED_EDGE('',*,*,#1991,.F.);
#2591=ORIENTED_EDGE('',*,*,#1990,.T.);
#2592=ORIENTED_EDGE('',*,*,#1992,.F.);
#2593=ORIENTED_EDGE('',*,*,#1993,.F.);
#2594=ORIENTED_EDGE('',*,*,#1994,.F.);
#2595=ORIENTED_EDGE('',*,*,#1993,.T.);
#2596=ORIENTED_EDGE('',*,*,#1995,.F.);
#2597=ORIENTED_EDGE('',*,*,#1973,.F.);
#2598=ORIENTED_EDGE('',*,*,#1995,.T.);
#2599=ORIENTED_EDGE('',*,*,#1992,.T.);
#2600=ORIENTED_EDGE('',*,*,#1989,.T.);
#2601=ORIENTED_EDGE('',*,*,#1986,.T.);
#2602=ORIENTED_EDGE('',*,*,#1983,.T.);
#2603=ORIENTED_EDGE('',*,*,#1980,.T.);
#2604=ORIENTED_EDGE('',*,*,#1977,.T.);
#2605=ORIENTED_EDGE('',*,*,#1974,.T.);
#2606=ORIENTED_EDGE('',*,*,#1996,.F.);
#2607=ORIENTED_EDGE('',*,*,#1997,.T.);
#2608=ORIENTED_EDGE('',*,*,#1998,.F.);
#2609=ORIENTED_EDGE('',*,*,#1999,.F.);
#2610=ORIENTED_EDGE('',*,*,#2000,.F.);
#2611=ORIENTED_EDGE('',*,*,#1999,.T.);
#2612=ORIENTED_EDGE('',*,*,#2001,.F.);
#2613=ORIENTED_EDGE('',*,*,#2002,.F.);
#2614=ORIENTED_EDGE('',*,*,#2003,.F.);
#2615=ORIENTED_EDGE('',*,*,#2002,.T.);
#2616=ORIENTED_EDGE('',*,*,#2004,.F.);
#2617=ORIENTED_EDGE('',*,*,#2005,.F.);
#2618=ORIENTED_EDGE('',*,*,#2006,.F.);
#2619=ORIENTED_EDGE('',*,*,#2005,.T.);
#2620=ORIENTED_EDGE('',*,*,#2007,.F.);
#2621=ORIENTED_EDGE('',*,*,#2008,.F.);
#2622=ORIENTED_EDGE('',*,*,#2009,.F.);
#2623=ORIENTED_EDGE('',*,*,#2008,.T.);
#2624=ORIENTED_EDGE('',*,*,#2010,.F.);
#2625=ORIENTED_EDGE('',*,*,#2011,.F.);
#2626=ORIENTED_EDGE('',*,*,#2012,.F.);
#2627=ORIENTED_EDGE('',*,*,#2011,.T.);
#2628=ORIENTED_EDGE('',*,*,#2013,.F.);
#2629=ORIENTED_EDGE('',*,*,#2014,.F.);
#2630=ORIENTED_EDGE('',*,*,#2015,.F.);
#2631=ORIENTED_EDGE('',*,*,#2014,.T.);
#2632=ORIENTED_EDGE('',*,*,#2016,.F.);
#2633=ORIENTED_EDGE('',*,*,#2017,.F.);
#2634=ORIENTED_EDGE('',*,*,#2018,.F.);
#2635=ORIENTED_EDGE('',*,*,#2017,.T.);
#2636=ORIENTED_EDGE('',*,*,#2019,.F.);
#2637=ORIENTED_EDGE('',*,*,#2020,.F.);
#2638=ORIENTED_EDGE('',*,*,#2021,.F.);
#2639=ORIENTED_EDGE('',*,*,#2020,.T.);
#2640=ORIENTED_EDGE('',*,*,#2022,.F.);
#2641=ORIENTED_EDGE('',*,*,#2023,.F.);
#2642=ORIENTED_EDGE('',*,*,#2024,.F.);
#2643=ORIENTED_EDGE('',*,*,#2023,.T.);
#2644=ORIENTED_EDGE('',*,*,#2025,.F.);
#2645=ORIENTED_EDGE('',*,*,#2026,.F.);
#2646=ORIENTED_EDGE('',*,*,#2027,.F.);
#2647=ORIENTED_EDGE('',*,*,#2026,.T.);
#2648=ORIENTED_EDGE('',*,*,#2028,.F.);
#2649=ORIENTED_EDGE('',*,*,#2029,.F.);
#2650=ORIENTED_EDGE('',*,*,#2030,.F.);
#2651=ORIENTED_EDGE('',*,*,#2029,.T.);
#2652=ORIENTED_EDGE('',*,*,#2031,.F.);
#2653=ORIENTED_EDGE('',*,*,#2032,.F.);
#2654=ORIENTED_EDGE('',*,*,#2033,.F.);
#2655=ORIENTED_EDGE('',*,*,#2032,.T.);
#2656=ORIENTED_EDGE('',*,*,#2034,.F.);
#2657=ORIENTED_EDGE('',*,*,#2035,.F.);
#2658=ORIENTED_EDGE('',*,*,#2036,.F.);
#2659=ORIENTED_EDGE('',*,*,#2035,.T.);
#2660=ORIENTED_EDGE('',*,*,#2037,.F.);
#2661=ORIENTED_EDGE('',*,*,#2038,.F.);
#2662=ORIENTED_EDGE('',*,*,#2039,.F.);
#2663=ORIENTED_EDGE('',*,*,#2038,.T.);
#2664=ORIENTED_EDGE('',*,*,#2040,.F.);
#2665=ORIENTED_EDGE('',*,*,#2041,.F.);
#2666=ORIENTED_EDGE('',*,*,#2042,.F.);
#2667=ORIENTED_EDGE('',*,*,#2041,.T.);
#2668=ORIENTED_EDGE('',*,*,#2043,.F.);
#2669=ORIENTED_EDGE('',*,*,#2044,.F.);
#2670=ORIENTED_EDGE('',*,*,#2045,.F.);
#2671=ORIENTED_EDGE('',*,*,#2044,.T.);
#2672=ORIENTED_EDGE('',*,*,#2046,.F.);
#2673=ORIENTED_EDGE('',*,*,#2047,.F.);
#2674=ORIENTED_EDGE('',*,*,#2048,.F.);
#2675=ORIENTED_EDGE('',*,*,#2047,.T.);
#2676=ORIENTED_EDGE('',*,*,#2049,.F.);
#2677=ORIENTED_EDGE('',*,*,#1997,.F.);
#2678=ORIENTED_EDGE('',*,*,#2049,.T.);
#2679=ORIENTED_EDGE('',*,*,#2046,.T.);
#2680=ORIENTED_EDGE('',*,*,#2043,.T.);
#2681=ORIENTED_EDGE('',*,*,#2040,.T.);
#2682=ORIENTED_EDGE('',*,*,#2037,.T.);
#2683=ORIENTED_EDGE('',*,*,#2034,.T.);
#2684=ORIENTED_EDGE('',*,*,#2031,.T.);
#2685=ORIENTED_EDGE('',*,*,#2028,.T.);
#2686=ORIENTED_EDGE('',*,*,#2025,.T.);
#2687=ORIENTED_EDGE('',*,*,#2022,.T.);
#2688=ORIENTED_EDGE('',*,*,#2019,.T.);
#2689=ORIENTED_EDGE('',*,*,#2016,.T.);
#2690=ORIENTED_EDGE('',*,*,#2013,.T.);
#2691=ORIENTED_EDGE('',*,*,#2010,.T.);
#2692=ORIENTED_EDGE('',*,*,#2007,.T.);
#2693=ORIENTED_EDGE('',*,*,#2004,.T.);
#2694=ORIENTED_EDGE('',*,*,#2001,.T.);
#2695=ORIENTED_EDGE('',*,*,#1998,.T.);
#2696=ORIENTED_EDGE('',*,*,#2050,.F.);
#2697=ORIENTED_EDGE('',*,*,#2051,.T.);
#2698=ORIENTED_EDGE('',*,*,#2052,.F.);
#2699=ORIENTED_EDGE('',*,*,#2053,.F.);
#2700=ORIENTED_EDGE('',*,*,#2054,.F.);
#2701=ORIENTED_EDGE('',*,*,#2053,.T.);
#2702=ORIENTED_EDGE('',*,*,#2055,.F.);
#2703=ORIENTED_EDGE('',*,*,#2056,.F.);
#2704=ORIENTED_EDGE('',*,*,#2057,.F.);
#2705=ORIENTED_EDGE('',*,*,#2056,.T.);
#2706=ORIENTED_EDGE('',*,*,#2058,.F.);
#2707=ORIENTED_EDGE('',*,*,#2059,.F.);
#2708=ORIENTED_EDGE('',*,*,#2060,.F.);
#2709=ORIENTED_EDGE('',*,*,#2059,.T.);
#2710=ORIENTED_EDGE('',*,*,#2061,.F.);
#2711=ORIENTED_EDGE('',*,*,#2062,.F.);
#2712=ORIENTED_EDGE('',*,*,#2063,.F.);
#2713=ORIENTED_EDGE('',*,*,#2062,.T.);
#2714=ORIENTED_EDGE('',*,*,#2064,.F.);
#2715=ORIENTED_EDGE('',*,*,#2065,.F.);
#2716=ORIENTED_EDGE('',*,*,#2066,.F.);
#2717=ORIENTED_EDGE('',*,*,#2065,.T.);
#2718=ORIENTED_EDGE('',*,*,#2067,.F.);
#2719=ORIENTED_EDGE('',*,*,#2068,.F.);
#2720=ORIENTED_EDGE('',*,*,#2069,.F.);
#2721=ORIENTED_EDGE('',*,*,#2068,.T.);
#2722=ORIENTED_EDGE('',*,*,#2070,.F.);
#2723=ORIENTED_EDGE('',*,*,#2051,.F.);
#2724=ORIENTED_EDGE('',*,*,#2071,.F.);
#2725=ORIENTED_EDGE('',*,*,#2072,.T.);
#2726=ORIENTED_EDGE('',*,*,#2073,.F.);
#2727=ORIENTED_EDGE('',*,*,#2074,.F.);
#2728=ORIENTED_EDGE('',*,*,#2075,.F.);
#2729=ORIENTED_EDGE('',*,*,#2074,.T.);
#2730=ORIENTED_EDGE('',*,*,#2076,.F.);
#2731=ORIENTED_EDGE('',*,*,#2077,.F.);
#2732=ORIENTED_EDGE('',*,*,#2078,.F.);
#2733=ORIENTED_EDGE('',*,*,#2077,.T.);
#2734=ORIENTED_EDGE('',*,*,#2079,.F.);
#2735=ORIENTED_EDGE('',*,*,#2080,.F.);
#2736=ORIENTED_EDGE('',*,*,#2081,.F.);
#2737=ORIENTED_EDGE('',*,*,#2080,.T.);
#2738=ORIENTED_EDGE('',*,*,#2082,.F.);
#2739=ORIENTED_EDGE('',*,*,#2083,.F.);
#2740=ORIENTED_EDGE('',*,*,#2084,.F.);
#2741=ORIENTED_EDGE('',*,*,#2083,.T.);
#2742=ORIENTED_EDGE('',*,*,#2085,.F.);
#2743=ORIENTED_EDGE('',*,*,#2086,.F.);
#2744=ORIENTED_EDGE('',*,*,#2087,.F.);
#2745=ORIENTED_EDGE('',*,*,#2086,.T.);
#2746=ORIENTED_EDGE('',*,*,#2088,.F.);
#2747=ORIENTED_EDGE('',*,*,#2072,.F.);
#2748=ORIENTED_EDGE('',*,*,#2089,.F.);
#2749=ORIENTED_EDGE('',*,*,#2090,.T.);
#2750=ORIENTED_EDGE('',*,*,#2091,.F.);
#2751=ORIENTED_EDGE('',*,*,#2092,.F.);
#2752=ORIENTED_EDGE('',*,*,#2093,.F.);
#2753=ORIENTED_EDGE('',*,*,#2092,.T.);
#2754=ORIENTED_EDGE('',*,*,#2094,.F.);
#2755=ORIENTED_EDGE('',*,*,#2095,.F.);
#2756=ORIENTED_EDGE('',*,*,#2096,.F.);
#2757=ORIENTED_EDGE('',*,*,#2095,.T.);
#2758=ORIENTED_EDGE('',*,*,#2097,.F.);
#2759=ORIENTED_EDGE('',*,*,#2098,.F.);
#2760=ORIENTED_EDGE('',*,*,#2099,.F.);
#2761=ORIENTED_EDGE('',*,*,#2098,.T.);
#2762=ORIENTED_EDGE('',*,*,#2100,.F.);
#2763=ORIENTED_EDGE('',*,*,#2101,.F.);
#2764=ORIENTED_EDGE('',*,*,#2102,.F.);
#2765=ORIENTED_EDGE('',*,*,#2101,.T.);
#2766=ORIENTED_EDGE('',*,*,#2103,.F.);
#2767=ORIENTED_EDGE('',*,*,#2104,.F.);
#2768=ORIENTED_EDGE('',*,*,#2105,.F.);
#2769=ORIENTED_EDGE('',*,*,#2104,.T.);
#2770=ORIENTED_EDGE('',*,*,#2106,.F.);
#2771=ORIENTED_EDGE('',*,*,#2107,.F.);
#2772=ORIENTED_EDGE('',*,*,#2108,.F.);
#2773=ORIENTED_EDGE('',*,*,#2107,.T.);
#2774=ORIENTED_EDGE('',*,*,#2109,.F.);
#2775=ORIENTED_EDGE('',*,*,#2110,.F.);
#2776=ORIENTED_EDGE('',*,*,#2111,.F.);
#2777=ORIENTED_EDGE('',*,*,#2110,.T.);
#2778=ORIENTED_EDGE('',*,*,#2112,.F.);
#2779=ORIENTED_EDGE('',*,*,#2113,.F.);
#2780=ORIENTED_EDGE('',*,*,#2114,.F.);
#2781=ORIENTED_EDGE('',*,*,#2113,.T.);
#2782=ORIENTED_EDGE('',*,*,#2115,.F.);
#2783=ORIENTED_EDGE('',*,*,#2116,.F.);
#2784=ORIENTED_EDGE('',*,*,#2117,.F.);
#2785=ORIENTED_EDGE('',*,*,#2116,.T.);
#2786=ORIENTED_EDGE('',*,*,#2118,.F.);
#2787=ORIENTED_EDGE('',*,*,#2119,.F.);
#2788=ORIENTED_EDGE('',*,*,#2120,.F.);
#2789=ORIENTED_EDGE('',*,*,#2119,.T.);
#2790=ORIENTED_EDGE('',*,*,#2121,.F.);
#2791=ORIENTED_EDGE('',*,*,#2122,.F.);
#2792=ORIENTED_EDGE('',*,*,#2123,.F.);
#2793=ORIENTED_EDGE('',*,*,#2122,.T.);
#2794=ORIENTED_EDGE('',*,*,#2124,.F.);
#2795=ORIENTED_EDGE('',*,*,#2125,.F.);
#2796=ORIENTED_EDGE('',*,*,#2126,.F.);
#2797=ORIENTED_EDGE('',*,*,#2125,.T.);
#2798=ORIENTED_EDGE('',*,*,#2127,.F.);
#2799=ORIENTED_EDGE('',*,*,#2128,.F.);
#2800=ORIENTED_EDGE('',*,*,#2129,.F.);
#2801=ORIENTED_EDGE('',*,*,#2128,.T.);
#2802=ORIENTED_EDGE('',*,*,#2130,.F.);
#2803=ORIENTED_EDGE('',*,*,#2090,.F.);
#2804=ORIENTED_EDGE('',*,*,#2130,.T.);
#2805=ORIENTED_EDGE('',*,*,#2127,.T.);
#2806=ORIENTED_EDGE('',*,*,#2124,.T.);
#2807=ORIENTED_EDGE('',*,*,#2121,.T.);
#2808=ORIENTED_EDGE('',*,*,#2118,.T.);
#2809=ORIENTED_EDGE('',*,*,#2115,.T.);
#2810=ORIENTED_EDGE('',*,*,#2112,.T.);
#2811=ORIENTED_EDGE('',*,*,#2109,.T.);
#2812=ORIENTED_EDGE('',*,*,#2106,.T.);
#2813=ORIENTED_EDGE('',*,*,#2103,.T.);
#2814=ORIENTED_EDGE('',*,*,#2100,.T.);
#2815=ORIENTED_EDGE('',*,*,#2097,.T.);
#2816=ORIENTED_EDGE('',*,*,#2094,.T.);
#2817=ORIENTED_EDGE('',*,*,#2091,.T.);
#2818=ORIENTED_EDGE('',*,*,#2088,.T.);
#2819=ORIENTED_EDGE('',*,*,#2085,.T.);
#2820=ORIENTED_EDGE('',*,*,#2082,.T.);
#2821=ORIENTED_EDGE('',*,*,#2079,.T.);
#2822=ORIENTED_EDGE('',*,*,#2076,.T.);
#2823=ORIENTED_EDGE('',*,*,#2073,.T.);
#2824=ORIENTED_EDGE('',*,*,#2070,.T.);
#2825=ORIENTED_EDGE('',*,*,#2067,.T.);
#2826=ORIENTED_EDGE('',*,*,#2064,.T.);
#2827=ORIENTED_EDGE('',*,*,#2061,.T.);
#2828=ORIENTED_EDGE('',*,*,#2058,.T.);
#2829=ORIENTED_EDGE('',*,*,#2055,.T.);
#2830=ORIENTED_EDGE('',*,*,#2052,.T.);
#2831=ORIENTED_EDGE('',*,*,#2071,.T.);
#2832=ORIENTED_EDGE('',*,*,#2075,.T.);
#2833=ORIENTED_EDGE('',*,*,#2078,.T.);
#2834=ORIENTED_EDGE('',*,*,#2081,.T.);
#2835=ORIENTED_EDGE('',*,*,#2084,.T.);
#2836=ORIENTED_EDGE('',*,*,#2087,.T.);
#2837=ORIENTED_EDGE('',*,*,#2050,.T.);
#2838=ORIENTED_EDGE('',*,*,#2054,.T.);
#2839=ORIENTED_EDGE('',*,*,#2057,.T.);
#2840=ORIENTED_EDGE('',*,*,#2060,.T.);
#2841=ORIENTED_EDGE('',*,*,#2063,.T.);
#2842=ORIENTED_EDGE('',*,*,#2066,.T.);
#2843=ORIENTED_EDGE('',*,*,#2069,.T.);
#2844=ORIENTED_EDGE('',*,*,#2131,.F.);
#2845=ORIENTED_EDGE('',*,*,#2132,.T.);
#2846=ORIENTED_EDGE('',*,*,#2133,.F.);
#2847=ORIENTED_EDGE('',*,*,#2134,.F.);
#2848=ORIENTED_EDGE('',*,*,#2135,.F.);
#2849=ORIENTED_EDGE('',*,*,#2134,.T.);
#2850=ORIENTED_EDGE('',*,*,#2136,.F.);
#2851=ORIENTED_EDGE('',*,*,#2137,.F.);
#2852=ORIENTED_EDGE('',*,*,#2138,.F.);
#2853=ORIENTED_EDGE('',*,*,#2137,.T.);
#2854=ORIENTED_EDGE('',*,*,#2139,.F.);
#2855=ORIENTED_EDGE('',*,*,#2140,.F.);
#2856=ORIENTED_EDGE('',*,*,#2141,.F.);
#2857=ORIENTED_EDGE('',*,*,#2140,.T.);
#2858=ORIENTED_EDGE('',*,*,#2142,.F.);
#2859=ORIENTED_EDGE('',*,*,#2143,.F.);
#2860=ORIENTED_EDGE('',*,*,#2144,.F.);
#2861=ORIENTED_EDGE('',*,*,#2143,.T.);
#2862=ORIENTED_EDGE('',*,*,#2145,.F.);
#2863=ORIENTED_EDGE('',*,*,#2146,.F.);
#2864=ORIENTED_EDGE('',*,*,#2147,.F.);
#2865=ORIENTED_EDGE('',*,*,#2146,.T.);
#2866=ORIENTED_EDGE('',*,*,#2148,.F.);
#2867=ORIENTED_EDGE('',*,*,#2149,.F.);
#2868=ORIENTED_EDGE('',*,*,#2150,.F.);
#2869=ORIENTED_EDGE('',*,*,#2149,.T.);
#2870=ORIENTED_EDGE('',*,*,#2151,.F.);
#2871=ORIENTED_EDGE('',*,*,#2152,.F.);
#2872=ORIENTED_EDGE('',*,*,#2153,.F.);
#2873=ORIENTED_EDGE('',*,*,#2152,.T.);
#2874=ORIENTED_EDGE('',*,*,#2154,.F.);
#2875=ORIENTED_EDGE('',*,*,#2155,.F.);
#2876=ORIENTED_EDGE('',*,*,#2156,.F.);
#2877=ORIENTED_EDGE('',*,*,#2155,.T.);
#2878=ORIENTED_EDGE('',*,*,#2157,.F.);
#2879=ORIENTED_EDGE('',*,*,#2158,.F.);
#2880=ORIENTED_EDGE('',*,*,#2159,.F.);
#2881=ORIENTED_EDGE('',*,*,#2158,.T.);
#2882=ORIENTED_EDGE('',*,*,#2160,.F.);
#2883=ORIENTED_EDGE('',*,*,#2161,.F.);
#2884=ORIENTED_EDGE('',*,*,#2162,.F.);
#2885=ORIENTED_EDGE('',*,*,#2161,.T.);
#2886=ORIENTED_EDGE('',*,*,#2163,.F.);
#2887=ORIENTED_EDGE('',*,*,#2164,.F.);
#2888=ORIENTED_EDGE('',*,*,#2165,.F.);
#2889=ORIENTED_EDGE('',*,*,#2164,.T.);
#2890=ORIENTED_EDGE('',*,*,#2166,.F.);
#2891=ORIENTED_EDGE('',*,*,#2132,.F.);
#2892=ORIENTED_EDGE('',*,*,#2166,.T.);
#2893=ORIENTED_EDGE('',*,*,#2163,.T.);
#2894=ORIENTED_EDGE('',*,*,#2160,.T.);
#2895=ORIENTED_EDGE('',*,*,#2157,.T.);
#2896=ORIENTED_EDGE('',*,*,#2154,.T.);
#2897=ORIENTED_EDGE('',*,*,#2151,.T.);
#2898=ORIENTED_EDGE('',*,*,#2148,.T.);
#2899=ORIENTED_EDGE('',*,*,#2145,.T.);
#2900=ORIENTED_EDGE('',*,*,#2142,.T.);
#2901=ORIENTED_EDGE('',*,*,#2139,.T.);
#2902=ORIENTED_EDGE('',*,*,#2136,.T.);
#2903=ORIENTED_EDGE('',*,*,#2133,.T.);
#2904=ORIENTED_EDGE('',*,*,#2167,.F.);
#2905=ORIENTED_EDGE('',*,*,#2168,.T.);
#2906=ORIENTED_EDGE('',*,*,#2169,.F.);
#2907=ORIENTED_EDGE('',*,*,#2170,.F.);
#2908=ORIENTED_EDGE('',*,*,#2171,.F.);
#2909=ORIENTED_EDGE('',*,*,#2170,.T.);
#2910=ORIENTED_EDGE('',*,*,#2172,.F.);
#2911=ORIENTED_EDGE('',*,*,#2173,.F.);
#2912=ORIENTED_EDGE('',*,*,#2174,.F.);
#2913=ORIENTED_EDGE('',*,*,#2173,.T.);
#2914=ORIENTED_EDGE('',*,*,#2175,.F.);
#2915=ORIENTED_EDGE('',*,*,#2176,.F.);
#2916=ORIENTED_EDGE('',*,*,#2177,.F.);
#2917=ORIENTED_EDGE('',*,*,#2176,.T.);
#2918=ORIENTED_EDGE('',*,*,#2178,.F.);
#2919=ORIENTED_EDGE('',*,*,#2179,.F.);
#2920=ORIENTED_EDGE('',*,*,#2180,.F.);
#2921=ORIENTED_EDGE('',*,*,#2179,.T.);
#2922=ORIENTED_EDGE('',*,*,#2181,.F.);
#2923=ORIENTED_EDGE('',*,*,#2182,.F.);
#2924=ORIENTED_EDGE('',*,*,#2183,.F.);
#2925=ORIENTED_EDGE('',*,*,#2182,.T.);
#2926=ORIENTED_EDGE('',*,*,#2184,.F.);
#2927=ORIENTED_EDGE('',*,*,#2185,.F.);
#2928=ORIENTED_EDGE('',*,*,#2186,.F.);
#2929=ORIENTED_EDGE('',*,*,#2185,.T.);
#2930=ORIENTED_EDGE('',*,*,#2187,.F.);
#2931=ORIENTED_EDGE('',*,*,#2188,.F.);
#2932=ORIENTED_EDGE('',*,*,#2189,.F.);
#2933=ORIENTED_EDGE('',*,*,#2188,.T.);
#2934=ORIENTED_EDGE('',*,*,#2190,.F.);
#2935=ORIENTED_EDGE('',*,*,#2191,.F.);
#2936=ORIENTED_EDGE('',*,*,#2192,.F.);
#2937=ORIENTED_EDGE('',*,*,#2191,.T.);
#2938=ORIENTED_EDGE('',*,*,#2193,.F.);
#2939=ORIENTED_EDGE('',*,*,#2194,.F.);
#2940=ORIENTED_EDGE('',*,*,#2195,.F.);
#2941=ORIENTED_EDGE('',*,*,#2194,.T.);
#2942=ORIENTED_EDGE('',*,*,#2196,.F.);
#2943=ORIENTED_EDGE('',*,*,#2197,.F.);
#2944=ORIENTED_EDGE('',*,*,#2198,.F.);
#2945=ORIENTED_EDGE('',*,*,#2197,.T.);
#2946=ORIENTED_EDGE('',*,*,#2199,.F.);
#2947=ORIENTED_EDGE('',*,*,#2200,.F.);
#2948=ORIENTED_EDGE('',*,*,#2201,.F.);
#2949=ORIENTED_EDGE('',*,*,#2200,.T.);
#2950=ORIENTED_EDGE('',*,*,#2202,.F.);
#2951=ORIENTED_EDGE('',*,*,#2203,.F.);
#2952=ORIENTED_EDGE('',*,*,#2204,.F.);
#2953=ORIENTED_EDGE('',*,*,#2203,.T.);
#2954=ORIENTED_EDGE('',*,*,#2205,.F.);
#2955=ORIENTED_EDGE('',*,*,#2206,.F.);
#2956=ORIENTED_EDGE('',*,*,#2207,.F.);
#2957=ORIENTED_EDGE('',*,*,#2206,.T.);
#2958=ORIENTED_EDGE('',*,*,#2208,.F.);
#2959=ORIENTED_EDGE('',*,*,#2209,.F.);
#2960=ORIENTED_EDGE('',*,*,#2210,.F.);
#2961=ORIENTED_EDGE('',*,*,#2209,.T.);
#2962=ORIENTED_EDGE('',*,*,#2211,.F.);
#2963=ORIENTED_EDGE('',*,*,#2212,.F.);
#2964=ORIENTED_EDGE('',*,*,#2213,.F.);
#2965=ORIENTED_EDGE('',*,*,#2212,.T.);
#2966=ORIENTED_EDGE('',*,*,#2214,.F.);
#2967=ORIENTED_EDGE('',*,*,#2215,.F.);
#2968=ORIENTED_EDGE('',*,*,#2216,.F.);
#2969=ORIENTED_EDGE('',*,*,#2215,.T.);
#2970=ORIENTED_EDGE('',*,*,#2217,.F.);
#2971=ORIENTED_EDGE('',*,*,#2218,.F.);
#2972=ORIENTED_EDGE('',*,*,#2219,.F.);
#2973=ORIENTED_EDGE('',*,*,#2218,.T.);
#2974=ORIENTED_EDGE('',*,*,#2220,.F.);
#2975=ORIENTED_EDGE('',*,*,#2168,.F.);
#2976=ORIENTED_EDGE('',*,*,#2220,.T.);
#2977=ORIENTED_EDGE('',*,*,#2217,.T.);
#2978=ORIENTED_EDGE('',*,*,#2214,.T.);
#2979=ORIENTED_EDGE('',*,*,#2211,.T.);
#2980=ORIENTED_EDGE('',*,*,#2208,.T.);
#2981=ORIENTED_EDGE('',*,*,#2205,.T.);
#2982=ORIENTED_EDGE('',*,*,#2202,.T.);
#2983=ORIENTED_EDGE('',*,*,#2199,.T.);
#2984=ORIENTED_EDGE('',*,*,#2196,.T.);
#2985=ORIENTED_EDGE('',*,*,#2193,.T.);
#2986=ORIENTED_EDGE('',*,*,#2190,.T.);
#2987=ORIENTED_EDGE('',*,*,#2187,.T.);
#2988=ORIENTED_EDGE('',*,*,#2184,.T.);
#2989=ORIENTED_EDGE('',*,*,#2181,.T.);
#2990=ORIENTED_EDGE('',*,*,#2178,.T.);
#2991=ORIENTED_EDGE('',*,*,#2175,.T.);
#2992=ORIENTED_EDGE('',*,*,#2172,.T.);
#2993=ORIENTED_EDGE('',*,*,#2169,.T.);
#2994=ORIENTED_EDGE('',*,*,#2221,.F.);
#2995=ORIENTED_EDGE('',*,*,#2222,.T.);
#2996=ORIENTED_EDGE('',*,*,#2223,.F.);
#2997=ORIENTED_EDGE('',*,*,#2224,.F.);
#2998=ORIENTED_EDGE('',*,*,#2225,.F.);
#2999=ORIENTED_EDGE('',*,*,#2224,.T.);
#3000=ORIENTED_EDGE('',*,*,#2226,.F.);
#3001=ORIENTED_EDGE('',*,*,#2227,.F.);
#3002=ORIENTED_EDGE('',*,*,#2228,.F.);
#3003=ORIENTED_EDGE('',*,*,#2227,.T.);
#3004=ORIENTED_EDGE('',*,*,#2229,.F.);
#3005=ORIENTED_EDGE('',*,*,#2230,.F.);
#3006=ORIENTED_EDGE('',*,*,#2231,.F.);
#3007=ORIENTED_EDGE('',*,*,#2230,.T.);
#3008=ORIENTED_EDGE('',*,*,#2232,.F.);
#3009=ORIENTED_EDGE('',*,*,#2233,.F.);
#3010=ORIENTED_EDGE('',*,*,#2234,.F.);
#3011=ORIENTED_EDGE('',*,*,#2233,.T.);
#3012=ORIENTED_EDGE('',*,*,#2235,.F.);
#3013=ORIENTED_EDGE('',*,*,#2236,.F.);
#3014=ORIENTED_EDGE('',*,*,#2237,.F.);
#3015=ORIENTED_EDGE('',*,*,#2236,.T.);
#3016=ORIENTED_EDGE('',*,*,#2238,.F.);
#3017=ORIENTED_EDGE('',*,*,#2239,.F.);
#3018=ORIENTED_EDGE('',*,*,#2240,.F.);
#3019=ORIENTED_EDGE('',*,*,#2239,.T.);
#3020=ORIENTED_EDGE('',*,*,#2241,.F.);
#3021=ORIENTED_EDGE('',*,*,#2222,.F.);
#3022=ORIENTED_EDGE('',*,*,#2242,.F.);
#3023=ORIENTED_EDGE('',*,*,#2243,.T.);
#3024=ORIENTED_EDGE('',*,*,#2244,.F.);
#3025=ORIENTED_EDGE('',*,*,#2245,.F.);
#3026=ORIENTED_EDGE('',*,*,#2246,.F.);
#3027=ORIENTED_EDGE('',*,*,#2245,.T.);
#3028=ORIENTED_EDGE('',*,*,#2247,.F.);
#3029=ORIENTED_EDGE('',*,*,#2248,.F.);
#3030=ORIENTED_EDGE('',*,*,#2249,.F.);
#3031=ORIENTED_EDGE('',*,*,#2248,.T.);
#3032=ORIENTED_EDGE('',*,*,#2250,.F.);
#3033=ORIENTED_EDGE('',*,*,#2251,.F.);
#3034=ORIENTED_EDGE('',*,*,#2252,.F.);
#3035=ORIENTED_EDGE('',*,*,#2251,.T.);
#3036=ORIENTED_EDGE('',*,*,#2253,.F.);
#3037=ORIENTED_EDGE('',*,*,#2254,.F.);
#3038=ORIENTED_EDGE('',*,*,#2255,.F.);
#3039=ORIENTED_EDGE('',*,*,#2254,.T.);
#3040=ORIENTED_EDGE('',*,*,#2256,.F.);
#3041=ORIENTED_EDGE('',*,*,#2257,.F.);
#3042=ORIENTED_EDGE('',*,*,#2258,.F.);
#3043=ORIENTED_EDGE('',*,*,#2257,.T.);
#3044=ORIENTED_EDGE('',*,*,#2259,.F.);
#3045=ORIENTED_EDGE('',*,*,#2243,.F.);
#3046=ORIENTED_EDGE('',*,*,#2260,.F.);
#3047=ORIENTED_EDGE('',*,*,#2261,.T.);
#3048=ORIENTED_EDGE('',*,*,#2262,.F.);
#3049=ORIENTED_EDGE('',*,*,#2263,.F.);
#3050=ORIENTED_EDGE('',*,*,#2264,.F.);
#3051=ORIENTED_EDGE('',*,*,#2263,.T.);
#3052=ORIENTED_EDGE('',*,*,#2265,.F.);
#3053=ORIENTED_EDGE('',*,*,#2266,.F.);
#3054=ORIENTED_EDGE('',*,*,#2267,.F.);
#3055=ORIENTED_EDGE('',*,*,#2266,.T.);
#3056=ORIENTED_EDGE('',*,*,#2268,.F.);
#3057=ORIENTED_EDGE('',*,*,#2269,.F.);
#3058=ORIENTED_EDGE('',*,*,#2270,.F.);
#3059=ORIENTED_EDGE('',*,*,#2269,.T.);
#3060=ORIENTED_EDGE('',*,*,#2271,.F.);
#3061=ORIENTED_EDGE('',*,*,#2272,.F.);
#3062=ORIENTED_EDGE('',*,*,#2273,.F.);
#3063=ORIENTED_EDGE('',*,*,#2272,.T.);
#3064=ORIENTED_EDGE('',*,*,#2274,.F.);
#3065=ORIENTED_EDGE('',*,*,#2275,.F.);
#3066=ORIENTED_EDGE('',*,*,#2276,.F.);
#3067=ORIENTED_EDGE('',*,*,#2275,.T.);
#3068=ORIENTED_EDGE('',*,*,#2277,.F.);
#3069=ORIENTED_EDGE('',*,*,#2278,.F.);
#3070=ORIENTED_EDGE('',*,*,#2279,.F.);
#3071=ORIENTED_EDGE('',*,*,#2278,.T.);
#3072=ORIENTED_EDGE('',*,*,#2280,.F.);
#3073=ORIENTED_EDGE('',*,*,#2281,.F.);
#3074=ORIENTED_EDGE('',*,*,#2282,.F.);
#3075=ORIENTED_EDGE('',*,*,#2281,.T.);
#3076=ORIENTED_EDGE('',*,*,#2283,.F.);
#3077=ORIENTED_EDGE('',*,*,#2284,.F.);
#3078=ORIENTED_EDGE('',*,*,#2285,.F.);
#3079=ORIENTED_EDGE('',*,*,#2284,.T.);
#3080=ORIENTED_EDGE('',*,*,#2286,.F.);
#3081=ORIENTED_EDGE('',*,*,#2287,.F.);
#3082=ORIENTED_EDGE('',*,*,#2288,.F.);
#3083=ORIENTED_EDGE('',*,*,#2287,.T.);
#3084=ORIENTED_EDGE('',*,*,#2289,.F.);
#3085=ORIENTED_EDGE('',*,*,#2290,.F.);
#3086=ORIENTED_EDGE('',*,*,#2291,.F.);
#3087=ORIENTED_EDGE('',*,*,#2290,.T.);
#3088=ORIENTED_EDGE('',*,*,#2292,.F.);
#3089=ORIENTED_EDGE('',*,*,#2293,.F.);
#3090=ORIENTED_EDGE('',*,*,#2294,.F.);
#3091=ORIENTED_EDGE('',*,*,#2293,.T.);
#3092=ORIENTED_EDGE('',*,*,#2295,.F.);
#3093=ORIENTED_EDGE('',*,*,#2296,.F.);
#3094=ORIENTED_EDGE('',*,*,#2297,.F.);
#3095=ORIENTED_EDGE('',*,*,#2296,.T.);
#3096=ORIENTED_EDGE('',*,*,#2298,.F.);
#3097=ORIENTED_EDGE('',*,*,#2299,.F.);
#3098=ORIENTED_EDGE('',*,*,#2300,.F.);
#3099=ORIENTED_EDGE('',*,*,#2299,.T.);
#3100=ORIENTED_EDGE('',*,*,#2301,.F.);
#3101=ORIENTED_EDGE('',*,*,#2261,.F.);
#3102=ORIENTED_EDGE('',*,*,#2301,.T.);
#3103=ORIENTED_EDGE('',*,*,#2298,.T.);
#3104=ORIENTED_EDGE('',*,*,#2295,.T.);
#3105=ORIENTED_EDGE('',*,*,#2292,.T.);
#3106=ORIENTED_EDGE('',*,*,#2289,.T.);
#3107=ORIENTED_EDGE('',*,*,#2286,.T.);
#3108=ORIENTED_EDGE('',*,*,#2283,.T.);
#3109=ORIENTED_EDGE('',*,*,#2280,.T.);
#3110=ORIENTED_EDGE('',*,*,#2277,.T.);
#3111=ORIENTED_EDGE('',*,*,#2274,.T.);
#3112=ORIENTED_EDGE('',*,*,#2271,.T.);
#3113=ORIENTED_EDGE('',*,*,#2268,.T.);
#3114=ORIENTED_EDGE('',*,*,#2265,.T.);
#3115=ORIENTED_EDGE('',*,*,#2262,.T.);
#3116=ORIENTED_EDGE('',*,*,#2259,.T.);
#3117=ORIENTED_EDGE('',*,*,#2256,.T.);
#3118=ORIENTED_EDGE('',*,*,#2253,.T.);
#3119=ORIENTED_EDGE('',*,*,#2250,.T.);
#3120=ORIENTED_EDGE('',*,*,#2247,.T.);
#3121=ORIENTED_EDGE('',*,*,#2244,.T.);
#3122=ORIENTED_EDGE('',*,*,#2241,.T.);
#3123=ORIENTED_EDGE('',*,*,#2238,.T.);
#3124=ORIENTED_EDGE('',*,*,#2235,.T.);
#3125=ORIENTED_EDGE('',*,*,#2232,.T.);
#3126=ORIENTED_EDGE('',*,*,#2229,.T.);
#3127=ORIENTED_EDGE('',*,*,#2226,.T.);
#3128=ORIENTED_EDGE('',*,*,#2223,.T.);
#3129=ORIENTED_EDGE('',*,*,#2242,.T.);
#3130=ORIENTED_EDGE('',*,*,#2246,.T.);
#3131=ORIENTED_EDGE('',*,*,#2249,.T.);
#3132=ORIENTED_EDGE('',*,*,#2252,.T.);
#3133=ORIENTED_EDGE('',*,*,#2255,.T.);
#3134=ORIENTED_EDGE('',*,*,#2258,.T.);
#3135=ORIENTED_EDGE('',*,*,#2221,.T.);
#3136=ORIENTED_EDGE('',*,*,#2225,.T.);
#3137=ORIENTED_EDGE('',*,*,#2228,.T.);
#3138=ORIENTED_EDGE('',*,*,#2231,.T.);
#3139=ORIENTED_EDGE('',*,*,#2234,.T.);
#3140=ORIENTED_EDGE('',*,*,#2237,.T.);
#3141=ORIENTED_EDGE('',*,*,#2240,.T.);
#3142=ORIENTED_EDGE('',*,*,#2302,.F.);
#3143=ORIENTED_EDGE('',*,*,#2303,.T.);
#3144=ORIENTED_EDGE('',*,*,#2304,.F.);
#3145=ORIENTED_EDGE('',*,*,#2305,.F.);
#3146=ORIENTED_EDGE('',*,*,#2306,.F.);
#3147=ORIENTED_EDGE('',*,*,#2305,.T.);
#3148=ORIENTED_EDGE('',*,*,#2307,.F.);
#3149=ORIENTED_EDGE('',*,*,#2308,.F.);
#3150=ORIENTED_EDGE('',*,*,#2309,.F.);
#3151=ORIENTED_EDGE('',*,*,#2308,.T.);
#3152=ORIENTED_EDGE('',*,*,#2310,.F.);
#3153=ORIENTED_EDGE('',*,*,#2311,.F.);
#3154=ORIENTED_EDGE('',*,*,#2312,.F.);
#3155=ORIENTED_EDGE('',*,*,#2311,.T.);
#3156=ORIENTED_EDGE('',*,*,#2313,.F.);
#3157=ORIENTED_EDGE('',*,*,#2314,.F.);
#3158=ORIENTED_EDGE('',*,*,#2315,.F.);
#3159=ORIENTED_EDGE('',*,*,#2314,.T.);
#3160=ORIENTED_EDGE('',*,*,#2316,.F.);
#3161=ORIENTED_EDGE('',*,*,#2317,.F.);
#3162=ORIENTED_EDGE('',*,*,#2318,.F.);
#3163=ORIENTED_EDGE('',*,*,#2317,.T.);
#3164=ORIENTED_EDGE('',*,*,#2319,.F.);
#3165=ORIENTED_EDGE('',*,*,#2320,.F.);
#3166=ORIENTED_EDGE('',*,*,#2321,.F.);
#3167=ORIENTED_EDGE('',*,*,#2320,.T.);
#3168=ORIENTED_EDGE('',*,*,#2322,.F.);
#3169=ORIENTED_EDGE('',*,*,#2323,.F.);
#3170=ORIENTED_EDGE('',*,*,#2324,.F.);
#3171=ORIENTED_EDGE('',*,*,#2323,.T.);
#3172=ORIENTED_EDGE('',*,*,#2325,.F.);
#3173=ORIENTED_EDGE('',*,*,#2326,.F.);
#3174=ORIENTED_EDGE('',*,*,#2327,.F.);
#3175=ORIENTED_EDGE('',*,*,#2326,.T.);
#3176=ORIENTED_EDGE('',*,*,#2328,.F.);
#3177=ORIENTED_EDGE('',*,*,#2329,.F.);
#3178=ORIENTED_EDGE('',*,*,#2330,.F.);
#3179=ORIENTED_EDGE('',*,*,#2329,.T.);
#3180=ORIENTED_EDGE('',*,*,#2331,.F.);
#3181=ORIENTED_EDGE('',*,*,#2332,.F.);
#3182=ORIENTED_EDGE('',*,*,#2333,.F.);
#3183=ORIENTED_EDGE('',*,*,#2332,.T.);
#3184=ORIENTED_EDGE('',*,*,#2334,.F.);
#3185=ORIENTED_EDGE('',*,*,#2335,.F.);
#3186=ORIENTED_EDGE('',*,*,#2336,.F.);
#3187=ORIENTED_EDGE('',*,*,#2335,.T.);
#3188=ORIENTED_EDGE('',*,*,#2337,.F.);
#3189=ORIENTED_EDGE('',*,*,#2338,.F.);
#3190=ORIENTED_EDGE('',*,*,#2339,.F.);
#3191=ORIENTED_EDGE('',*,*,#2338,.T.);
#3192=ORIENTED_EDGE('',*,*,#2340,.F.);
#3193=ORIENTED_EDGE('',*,*,#2341,.F.);
#3194=ORIENTED_EDGE('',*,*,#2342,.F.);
#3195=ORIENTED_EDGE('',*,*,#2341,.T.);
#3196=ORIENTED_EDGE('',*,*,#2343,.F.);
#3197=ORIENTED_EDGE('',*,*,#2344,.F.);
#3198=ORIENTED_EDGE('',*,*,#2345,.F.);
#3199=ORIENTED_EDGE('',*,*,#2344,.T.);
#3200=ORIENTED_EDGE('',*,*,#2346,.F.);
#3201=ORIENTED_EDGE('',*,*,#2347,.F.);
#3202=ORIENTED_EDGE('',*,*,#2348,.F.);
#3203=ORIENTED_EDGE('',*,*,#2347,.T.);
#3204=ORIENTED_EDGE('',*,*,#2349,.F.);
#3205=ORIENTED_EDGE('',*,*,#2350,.F.);
#3206=ORIENTED_EDGE('',*,*,#2351,.F.);
#3207=ORIENTED_EDGE('',*,*,#2350,.T.);
#3208=ORIENTED_EDGE('',*,*,#2352,.F.);
#3209=ORIENTED_EDGE('',*,*,#2353,.F.);
#3210=ORIENTED_EDGE('',*,*,#2354,.F.);
#3211=ORIENTED_EDGE('',*,*,#2353,.T.);
#3212=ORIENTED_EDGE('',*,*,#2355,.F.);
#3213=ORIENTED_EDGE('',*,*,#2356,.F.);
#3214=ORIENTED_EDGE('',*,*,#2357,.F.);
#3215=ORIENTED_EDGE('',*,*,#2356,.T.);
#3216=ORIENTED_EDGE('',*,*,#2358,.F.);
#3217=ORIENTED_EDGE('',*,*,#2359,.F.);
#3218=ORIENTED_EDGE('',*,*,#2360,.F.);
#3219=ORIENTED_EDGE('',*,*,#2359,.T.);
#3220=ORIENTED_EDGE('',*,*,#2361,.F.);
#3221=ORIENTED_EDGE('',*,*,#2362,.F.);
#3222=ORIENTED_EDGE('',*,*,#2363,.F.);
#3223=ORIENTED_EDGE('',*,*,#2362,.T.);
#3224=ORIENTED_EDGE('',*,*,#2364,.F.);
#3225=ORIENTED_EDGE('',*,*,#2365,.F.);
#3226=ORIENTED_EDGE('',*,*,#2366,.F.);
#3227=ORIENTED_EDGE('',*,*,#2365,.T.);
#3228=ORIENTED_EDGE('',*,*,#2367,.F.);
#3229=ORIENTED_EDGE('',*,*,#2368,.F.);
#3230=ORIENTED_EDGE('',*,*,#2369,.F.);
#3231=ORIENTED_EDGE('',*,*,#2368,.T.);
#3232=ORIENTED_EDGE('',*,*,#2370,.F.);
#3233=ORIENTED_EDGE('',*,*,#2371,.F.);
#3234=ORIENTED_EDGE('',*,*,#2372,.F.);
#3235=ORIENTED_EDGE('',*,*,#2371,.T.);
#3236=ORIENTED_EDGE('',*,*,#2373,.F.);
#3237=ORIENTED_EDGE('',*,*,#2374,.F.);
#3238=ORIENTED_EDGE('',*,*,#2375,.F.);
#3239=ORIENTED_EDGE('',*,*,#2374,.T.);
#3240=ORIENTED_EDGE('',*,*,#2376,.F.);
#3241=ORIENTED_EDGE('',*,*,#2377,.F.);
#3242=ORIENTED_EDGE('',*,*,#2378,.F.);
#3243=ORIENTED_EDGE('',*,*,#2377,.T.);
#3244=ORIENTED_EDGE('',*,*,#2379,.F.);
#3245=ORIENTED_EDGE('',*,*,#2380,.F.);
#3246=ORIENTED_EDGE('',*,*,#2381,.F.);
#3247=ORIENTED_EDGE('',*,*,#2380,.T.);
#3248=ORIENTED_EDGE('',*,*,#2382,.F.);
#3249=ORIENTED_EDGE('',*,*,#2383,.F.);
#3250=ORIENTED_EDGE('',*,*,#2384,.F.);
#3251=ORIENTED_EDGE('',*,*,#2383,.T.);
#3252=ORIENTED_EDGE('',*,*,#2385,.F.);
#3253=ORIENTED_EDGE('',*,*,#2386,.F.);
#3254=ORIENTED_EDGE('',*,*,#2387,.F.);
#3255=ORIENTED_EDGE('',*,*,#2386,.T.);
#3256=ORIENTED_EDGE('',*,*,#2388,.F.);
#3257=ORIENTED_EDGE('',*,*,#2389,.F.);
#3258=ORIENTED_EDGE('',*,*,#2390,.F.);
#3259=ORIENTED_EDGE('',*,*,#2389,.T.);
#3260=ORIENTED_EDGE('',*,*,#2391,.F.);
#3261=ORIENTED_EDGE('',*,*,#2392,.F.);
#3262=ORIENTED_EDGE('',*,*,#2393,.F.);
#3263=ORIENTED_EDGE('',*,*,#2392,.T.);
#3264=ORIENTED_EDGE('',*,*,#2394,.F.);
#3265=ORIENTED_EDGE('',*,*,#2395,.F.);
#3266=ORIENTED_EDGE('',*,*,#2396,.F.);
#3267=ORIENTED_EDGE('',*,*,#2395,.T.);
#3268=ORIENTED_EDGE('',*,*,#2397,.F.);
#3269=ORIENTED_EDGE('',*,*,#2398,.F.);
#3270=ORIENTED_EDGE('',*,*,#2399,.F.);
#3271=ORIENTED_EDGE('',*,*,#2398,.T.);
#3272=ORIENTED_EDGE('',*,*,#2400,.F.);
#3273=ORIENTED_EDGE('',*,*,#2401,.F.);
#3274=ORIENTED_EDGE('',*,*,#2402,.F.);
#3275=ORIENTED_EDGE('',*,*,#2401,.T.);
#3276=ORIENTED_EDGE('',*,*,#2403,.F.);
#3277=ORIENTED_EDGE('',*,*,#2404,.F.);
#3278=ORIENTED_EDGE('',*,*,#2405,.F.);
#3279=ORIENTED_EDGE('',*,*,#2404,.T.);
#3280=ORIENTED_EDGE('',*,*,#2406,.F.);
#3281=ORIENTED_EDGE('',*,*,#2303,.F.);
#3282=ORIENTED_EDGE('',*,*,#2406,.T.);
#3283=ORIENTED_EDGE('',*,*,#2403,.T.);
#3284=ORIENTED_EDGE('',*,*,#2400,.T.);
#3285=ORIENTED_EDGE('',*,*,#2397,.T.);
#3286=ORIENTED_EDGE('',*,*,#2394,.T.);
#3287=ORIENTED_EDGE('',*,*,#2391,.T.);
#3288=ORIENTED_EDGE('',*,*,#2388,.T.);
#3289=ORIENTED_EDGE('',*,*,#2385,.T.);
#3290=ORIENTED_EDGE('',*,*,#2382,.T.);
#3291=ORIENTED_EDGE('',*,*,#2379,.T.);
#3292=ORIENTED_EDGE('',*,*,#2376,.T.);
#3293=ORIENTED_EDGE('',*,*,#2373,.T.);
#3294=ORIENTED_EDGE('',*,*,#2370,.T.);
#3295=ORIENTED_EDGE('',*,*,#2367,.T.);
#3296=ORIENTED_EDGE('',*,*,#2364,.T.);
#3297=ORIENTED_EDGE('',*,*,#2361,.T.);
#3298=ORIENTED_EDGE('',*,*,#2358,.T.);
#3299=ORIENTED_EDGE('',*,*,#2355,.T.);
#3300=ORIENTED_EDGE('',*,*,#2352,.T.);
#3301=ORIENTED_EDGE('',*,*,#2349,.T.);
#3302=ORIENTED_EDGE('',*,*,#2346,.T.);
#3303=ORIENTED_EDGE('',*,*,#2343,.T.);
#3304=ORIENTED_EDGE('',*,*,#2340,.T.);
#3305=ORIENTED_EDGE('',*,*,#2337,.T.);
#3306=ORIENTED_EDGE('',*,*,#2334,.T.);
#3307=ORIENTED_EDGE('',*,*,#2331,.T.);
#3308=ORIENTED_EDGE('',*,*,#2328,.T.);
#3309=ORIENTED_EDGE('',*,*,#2325,.T.);
#3310=ORIENTED_EDGE('',*,*,#2322,.T.);
#3311=ORIENTED_EDGE('',*,*,#2319,.T.);
#3312=ORIENTED_EDGE('',*,*,#2316,.T.);
#3313=ORIENTED_EDGE('',*,*,#2313,.T.);
#3314=ORIENTED_EDGE('',*,*,#2310,.T.);
#3315=ORIENTED_EDGE('',*,*,#2307,.T.);
#3316=ORIENTED_EDGE('',*,*,#2304,.T.);
#3317=ORIENTED_EDGE('',*,*,#2407,.F.);
#3318=ORIENTED_EDGE('',*,*,#2408,.T.);
#3319=ORIENTED_EDGE('',*,*,#2409,.F.);
#3320=ORIENTED_EDGE('',*,*,#2410,.F.);
#3321=ORIENTED_EDGE('',*,*,#2411,.F.);
#3322=ORIENTED_EDGE('',*,*,#2410,.T.);
#3323=ORIENTED_EDGE('',*,*,#2412,.F.);
#3324=ORIENTED_EDGE('',*,*,#2413,.F.);
#3325=ORIENTED_EDGE('',*,*,#2414,.F.);
#3326=ORIENTED_EDGE('',*,*,#2413,.T.);
#3327=ORIENTED_EDGE('',*,*,#2415,.F.);
#3328=ORIENTED_EDGE('',*,*,#2416,.F.);
#3329=ORIENTED_EDGE('',*,*,#2417,.F.);
#3330=ORIENTED_EDGE('',*,*,#2416,.T.);
#3331=ORIENTED_EDGE('',*,*,#2418,.F.);
#3332=ORIENTED_EDGE('',*,*,#2419,.F.);
#3333=ORIENTED_EDGE('',*,*,#2420,.F.);
#3334=ORIENTED_EDGE('',*,*,#2419,.T.);
#3335=ORIENTED_EDGE('',*,*,#2421,.F.);
#3336=ORIENTED_EDGE('',*,*,#2422,.F.);
#3337=ORIENTED_EDGE('',*,*,#2423,.F.);
#3338=ORIENTED_EDGE('',*,*,#2422,.T.);
#3339=ORIENTED_EDGE('',*,*,#2424,.F.);
#3340=ORIENTED_EDGE('',*,*,#2425,.F.);
#3341=ORIENTED_EDGE('',*,*,#2426,.F.);
#3342=ORIENTED_EDGE('',*,*,#2425,.T.);
#3343=ORIENTED_EDGE('',*,*,#2427,.F.);
#3344=ORIENTED_EDGE('',*,*,#2428,.F.);
#3345=ORIENTED_EDGE('',*,*,#2429,.F.);
#3346=ORIENTED_EDGE('',*,*,#2428,.T.);
#3347=ORIENTED_EDGE('',*,*,#2430,.F.);
#3348=ORIENTED_EDGE('',*,*,#2431,.F.);
#3349=ORIENTED_EDGE('',*,*,#2432,.F.);
#3350=ORIENTED_EDGE('',*,*,#2431,.T.);
#3351=ORIENTED_EDGE('',*,*,#2433,.F.);
#3352=ORIENTED_EDGE('',*,*,#2434,.F.);
#3353=ORIENTED_EDGE('',*,*,#2435,.F.);
#3354=ORIENTED_EDGE('',*,*,#2434,.T.);
#3355=ORIENTED_EDGE('',*,*,#2436,.F.);
#3356=ORIENTED_EDGE('',*,*,#2437,.F.);
#3357=ORIENTED_EDGE('',*,*,#2438,.F.);
#3358=ORIENTED_EDGE('',*,*,#2437,.T.);
#3359=ORIENTED_EDGE('',*,*,#2439,.F.);
#3360=ORIENTED_EDGE('',*,*,#2408,.F.);
#3361=ORIENTED_EDGE('',*,*,#2439,.T.);
#3362=ORIENTED_EDGE('',*,*,#2436,.T.);
#3363=ORIENTED_EDGE('',*,*,#2433,.T.);
#3364=ORIENTED_EDGE('',*,*,#2430,.T.);
#3365=ORIENTED_EDGE('',*,*,#2427,.T.);
#3366=ORIENTED_EDGE('',*,*,#2424,.T.);
#3367=ORIENTED_EDGE('',*,*,#2421,.T.);
#3368=ORIENTED_EDGE('',*,*,#2418,.T.);
#3369=ORIENTED_EDGE('',*,*,#2415,.T.);
#3370=ORIENTED_EDGE('',*,*,#2412,.T.);
#3371=ORIENTED_EDGE('',*,*,#2409,.T.);
#3372=ORIENTED_EDGE('',*,*,#2440,.F.);
#3373=ORIENTED_EDGE('',*,*,#2441,.T.);
#3374=ORIENTED_EDGE('',*,*,#2442,.F.);
#3375=ORIENTED_EDGE('',*,*,#2443,.F.);
#3376=ORIENTED_EDGE('',*,*,#2444,.F.);
#3377=ORIENTED_EDGE('',*,*,#2443,.T.);
#3378=ORIENTED_EDGE('',*,*,#2445,.F.);
#3379=ORIENTED_EDGE('',*,*,#2446,.F.);
#3380=ORIENTED_EDGE('',*,*,#2447,.F.);
#3381=ORIENTED_EDGE('',*,*,#2446,.T.);
#3382=ORIENTED_EDGE('',*,*,#2448,.F.);
#3383=ORIENTED_EDGE('',*,*,#2449,.F.);
#3384=ORIENTED_EDGE('',*,*,#2450,.F.);
#3385=ORIENTED_EDGE('',*,*,#2449,.T.);
#3386=ORIENTED_EDGE('',*,*,#2451,.F.);
#3387=ORIENTED_EDGE('',*,*,#2441,.F.);
#3388=ORIENTED_EDGE('',*,*,#2451,.T.);
#3389=ORIENTED_EDGE('',*,*,#2448,.T.);
#3390=ORIENTED_EDGE('',*,*,#2445,.T.);
#3391=ORIENTED_EDGE('',*,*,#2442,.T.);
#3392=ORIENTED_EDGE('',*,*,#2452,.F.);
#3393=ORIENTED_EDGE('',*,*,#2453,.T.);
#3394=ORIENTED_EDGE('',*,*,#2454,.F.);
#3395=ORIENTED_EDGE('',*,*,#2455,.F.);
#3396=ORIENTED_EDGE('',*,*,#2456,.F.);
#3397=ORIENTED_EDGE('',*,*,#2455,.T.);
#3398=ORIENTED_EDGE('',*,*,#2457,.F.);
#3399=ORIENTED_EDGE('',*,*,#2458,.F.);
#3400=ORIENTED_EDGE('',*,*,#2459,.F.);
#3401=ORIENTED_EDGE('',*,*,#2458,.T.);
#3402=ORIENTED_EDGE('',*,*,#2460,.F.);
#3403=ORIENTED_EDGE('',*,*,#2461,.F.);
#3404=ORIENTED_EDGE('',*,*,#2462,.F.);
#3405=ORIENTED_EDGE('',*,*,#2461,.T.);
#3406=ORIENTED_EDGE('',*,*,#2463,.F.);
#3407=ORIENTED_EDGE('',*,*,#2464,.F.);
#3408=ORIENTED_EDGE('',*,*,#2465,.F.);
#3409=ORIENTED_EDGE('',*,*,#2464,.T.);
#3410=ORIENTED_EDGE('',*,*,#2466,.F.);
#3411=ORIENTED_EDGE('',*,*,#2467,.F.);
#3412=ORIENTED_EDGE('',*,*,#2468,.F.);
#3413=ORIENTED_EDGE('',*,*,#2469,.T.);
#3414=ORIENTED_EDGE('',*,*,#2470,.F.);
#3415=ORIENTED_EDGE('',*,*,#2453,.F.);
#3416=ORIENTED_EDGE('',*,*,#2471,.F.);
#3417=ORIENTED_EDGE('',*,*,#2472,.T.);
#3418=ORIENTED_EDGE('',*,*,#2473,.F.);
#3419=ORIENTED_EDGE('',*,*,#2469,.F.);
#3420=ORIENTED_EDGE('',*,*,#2474,.F.);
#3421=ORIENTED_EDGE('',*,*,#2467,.T.);
#3422=ORIENTED_EDGE('',*,*,#2475,.F.);
#3423=ORIENTED_EDGE('',*,*,#2472,.F.);
#3424=ORIENTED_EDGE('',*,*,#2476,.F.);
#3425=ORIENTED_EDGE('',*,*,#2477,.T.);
#3426=ORIENTED_EDGE('',*,*,#2478,.F.);
#3427=ORIENTED_EDGE('',*,*,#2479,.F.);
#3428=ORIENTED_EDGE('',*,*,#2480,.F.);
#3429=ORIENTED_EDGE('',*,*,#2479,.T.);
#3430=ORIENTED_EDGE('',*,*,#2481,.F.);
#3431=ORIENTED_EDGE('',*,*,#2482,.F.);
#3432=ORIENTED_EDGE('',*,*,#2483,.F.);
#3433=ORIENTED_EDGE('',*,*,#2482,.T.);
#3434=ORIENTED_EDGE('',*,*,#2484,.F.);
#3435=ORIENTED_EDGE('',*,*,#2485,.F.);
#3436=ORIENTED_EDGE('',*,*,#2486,.F.);
#3437=ORIENTED_EDGE('',*,*,#2485,.T.);
#3438=ORIENTED_EDGE('',*,*,#2487,.F.);
#3439=ORIENTED_EDGE('',*,*,#2488,.F.);
#3440=ORIENTED_EDGE('',*,*,#2489,.F.);
#3441=ORIENTED_EDGE('',*,*,#2488,.T.);
#3442=ORIENTED_EDGE('',*,*,#2490,.F.);
#3443=ORIENTED_EDGE('',*,*,#2491,.F.);
#3444=ORIENTED_EDGE('',*,*,#2492,.F.);
#3445=ORIENTED_EDGE('',*,*,#2493,.T.);
#3446=ORIENTED_EDGE('',*,*,#2494,.F.);
#3447=ORIENTED_EDGE('',*,*,#2477,.F.);
#3448=ORIENTED_EDGE('',*,*,#2495,.F.);
#3449=ORIENTED_EDGE('',*,*,#2496,.T.);
#3450=ORIENTED_EDGE('',*,*,#2497,.F.);
#3451=ORIENTED_EDGE('',*,*,#2493,.F.);
#3452=ORIENTED_EDGE('',*,*,#2498,.F.);
#3453=ORIENTED_EDGE('',*,*,#2491,.T.);
#3454=ORIENTED_EDGE('',*,*,#2499,.F.);
#3455=ORIENTED_EDGE('',*,*,#2496,.F.);
#3456=ORIENTED_EDGE('',*,*,#2500,.F.);
#3457=ORIENTED_EDGE('',*,*,#2501,.T.);
#3458=ORIENTED_EDGE('',*,*,#2502,.F.);
#3459=ORIENTED_EDGE('',*,*,#2503,.F.);
#3460=ORIENTED_EDGE('',*,*,#2504,.F.);
#3461=ORIENTED_EDGE('',*,*,#2503,.T.);
#3462=ORIENTED_EDGE('',*,*,#2505,.F.);
#3463=ORIENTED_EDGE('',*,*,#2506,.F.);
#3464=ORIENTED_EDGE('',*,*,#2507,.F.);
#3465=ORIENTED_EDGE('',*,*,#2506,.T.);
#3466=ORIENTED_EDGE('',*,*,#2508,.F.);
#3467=ORIENTED_EDGE('',*,*,#2509,.F.);
#3468=ORIENTED_EDGE('',*,*,#2510,.F.);
#3469=ORIENTED_EDGE('',*,*,#2509,.T.);
#3470=ORIENTED_EDGE('',*,*,#2511,.F.);
#3471=ORIENTED_EDGE('',*,*,#2501,.F.);
#3472=ORIENTED_EDGE('',*,*,#2512,.F.);
#3473=ORIENTED_EDGE('',*,*,#2513,.T.);
#3474=ORIENTED_EDGE('',*,*,#2514,.F.);
#3475=ORIENTED_EDGE('',*,*,#2515,.F.);
#3476=ORIENTED_EDGE('',*,*,#2516,.F.);
#3477=ORIENTED_EDGE('',*,*,#2515,.T.);
#3478=ORIENTED_EDGE('',*,*,#2517,.F.);
#3479=ORIENTED_EDGE('',*,*,#2518,.F.);
#3480=ORIENTED_EDGE('',*,*,#2519,.F.);
#3481=ORIENTED_EDGE('',*,*,#2518,.T.);
#3482=ORIENTED_EDGE('',*,*,#2520,.F.);
#3483=ORIENTED_EDGE('',*,*,#2521,.F.);
#3484=ORIENTED_EDGE('',*,*,#2522,.F.);
#3485=ORIENTED_EDGE('',*,*,#2521,.T.);
#3486=ORIENTED_EDGE('',*,*,#2523,.F.);
#3487=ORIENTED_EDGE('',*,*,#2513,.F.);
#3488=ORIENTED_EDGE('',*,*,#2524,.F.);
#3489=ORIENTED_EDGE('',*,*,#2525,.T.);
#3490=ORIENTED_EDGE('',*,*,#2526,.F.);
#3491=ORIENTED_EDGE('',*,*,#2527,.F.);
#3492=ORIENTED_EDGE('',*,*,#2528,.F.);
#3493=ORIENTED_EDGE('',*,*,#2527,.T.);
#3494=ORIENTED_EDGE('',*,*,#2529,.F.);
#3495=ORIENTED_EDGE('',*,*,#2530,.F.);
#3496=ORIENTED_EDGE('',*,*,#2531,.F.);
#3497=ORIENTED_EDGE('',*,*,#2530,.T.);
#3498=ORIENTED_EDGE('',*,*,#2532,.F.);
#3499=ORIENTED_EDGE('',*,*,#2533,.F.);
#3500=ORIENTED_EDGE('',*,*,#2534,.F.);
#3501=ORIENTED_EDGE('',*,*,#2533,.T.);
#3502=ORIENTED_EDGE('',*,*,#2535,.F.);
#3503=ORIENTED_EDGE('',*,*,#2525,.F.);
#3504=ORIENTED_EDGE('',*,*,#2536,.F.);
#3505=ORIENTED_EDGE('',*,*,#2537,.F.);
#3506=ORIENTED_EDGE('',*,*,#2538,.F.);
#3507=ORIENTED_EDGE('',*,*,#2539,.F.);
#3508=ORIENTED_EDGE('',*,*,#2540,.F.);
#3509=ORIENTED_EDGE('',*,*,#2539,.T.);
#3510=ORIENTED_EDGE('',*,*,#2541,.T.);
#3511=ORIENTED_EDGE('',*,*,#2542,.F.);
#3512=ORIENTED_EDGE('',*,*,#2543,.F.);
#3513=ORIENTED_EDGE('',*,*,#2507,.T.);
#3514=ORIENTED_EDGE('',*,*,#2510,.T.);
#3515=ORIENTED_EDGE('',*,*,#2500,.T.);
#3516=ORIENTED_EDGE('',*,*,#2504,.T.);
#3517=ORIENTED_EDGE('',*,*,#2519,.T.);
#3518=ORIENTED_EDGE('',*,*,#2522,.T.);
#3519=ORIENTED_EDGE('',*,*,#2512,.T.);
#3520=ORIENTED_EDGE('',*,*,#2516,.T.);
#3521=ORIENTED_EDGE('',*,*,#2531,.T.);
#3522=ORIENTED_EDGE('',*,*,#2534,.T.);
#3523=ORIENTED_EDGE('',*,*,#2524,.T.);
#3524=ORIENTED_EDGE('',*,*,#2528,.T.);
#3525=ORIENTED_EDGE('',*,*,#2538,.T.);
#3526=ORIENTED_EDGE('',*,*,#2544,.T.);
#3527=ORIENTED_EDGE('',*,*,#2545,.F.);
#3528=ORIENTED_EDGE('',*,*,#2541,.F.);
#3529=ORIENTED_EDGE('',*,*,#2537,.T.);
#3530=ORIENTED_EDGE('',*,*,#2546,.T.);
#3531=ORIENTED_EDGE('',*,*,#2547,.F.);
#3532=ORIENTED_EDGE('',*,*,#2544,.F.);
#3533=ORIENTED_EDGE('',*,*,#2465,.T.);
#3534=ORIENTED_EDGE('',*,*,#2474,.T.);
#3535=ORIENTED_EDGE('',*,*,#2471,.T.);
#3536=ORIENTED_EDGE('',*,*,#2468,.T.);
#3537=ORIENTED_EDGE('',*,*,#2452,.T.);
#3538=ORIENTED_EDGE('',*,*,#2456,.T.);
#3539=ORIENTED_EDGE('',*,*,#2459,.T.);
#3540=ORIENTED_EDGE('',*,*,#2462,.T.);
#3541=ORIENTED_EDGE('',*,*,#2548,.T.);
#3542=ORIENTED_EDGE('',*,*,#2549,.T.);
#3543=ORIENTED_EDGE('',*,*,#2550,.T.);
#3544=ORIENTED_EDGE('',*,*,#2551,.T.);
#3545=ORIENTED_EDGE('',*,*,#2552,.T.);
#3546=ORIENTED_EDGE('',*,*,#2553,.T.);
#3547=ORIENTED_EDGE('',*,*,#2554,.T.);
#3548=ORIENTED_EDGE('',*,*,#2542,.T.);
#3549=ORIENTED_EDGE('',*,*,#2545,.T.);
#3550=ORIENTED_EDGE('',*,*,#2547,.T.);
#3551=ORIENTED_EDGE('',*,*,#2540,.T.);
#3552=ORIENTED_EDGE('',*,*,#2543,.T.);
#3553=ORIENTED_EDGE('',*,*,#2554,.F.);
#3554=ORIENTED_EDGE('',*,*,#2555,.F.);
#3555=ORIENTED_EDGE('',*,*,#2489,.T.);
#3556=ORIENTED_EDGE('',*,*,#2498,.T.);
#3557=ORIENTED_EDGE('',*,*,#2495,.T.);
#3558=ORIENTED_EDGE('',*,*,#2492,.T.);
#3559=ORIENTED_EDGE('',*,*,#2476,.T.);
#3560=ORIENTED_EDGE('',*,*,#2480,.T.);
#3561=ORIENTED_EDGE('',*,*,#2483,.T.);
#3562=ORIENTED_EDGE('',*,*,#2486,.T.);
#3563=ORIENTED_EDGE('',*,*,#2536,.T.);
#3564=ORIENTED_EDGE('',*,*,#2555,.T.);
#3565=ORIENTED_EDGE('',*,*,#2553,.F.);
#3566=ORIENTED_EDGE('',*,*,#2546,.F.);
#3567=ORIENTED_EDGE('',*,*,#2556,.F.);
#3568=ORIENTED_EDGE('',*,*,#2557,.T.);
#3569=ORIENTED_EDGE('',*,*,#2552,.F.);
#3570=ORIENTED_EDGE('',*,*,#2558,.F.);
#3571=ORIENTED_EDGE('',*,*,#2559,.F.);
#3572=ORIENTED_EDGE('',*,*,#2558,.T.);
#3573=ORIENTED_EDGE('',*,*,#2551,.F.);
#3574=ORIENTED_EDGE('',*,*,#2560,.F.);
#3575=ORIENTED_EDGE('',*,*,#2490,.T.);
#3576=ORIENTED_EDGE('',*,*,#2487,.T.);
#3577=ORIENTED_EDGE('',*,*,#2484,.T.);
#3578=ORIENTED_EDGE('',*,*,#2481,.T.);
#3579=ORIENTED_EDGE('',*,*,#2478,.T.);
#3580=ORIENTED_EDGE('',*,*,#2494,.T.);
#3581=ORIENTED_EDGE('',*,*,#2497,.T.);
#3582=ORIENTED_EDGE('',*,*,#2499,.T.);
#3583=ORIENTED_EDGE('',*,*,#2561,.F.);
#3584=ORIENTED_EDGE('',*,*,#2560,.T.);
#3585=ORIENTED_EDGE('',*,*,#2550,.F.);
#3586=ORIENTED_EDGE('',*,*,#2562,.F.);
#3587=ORIENTED_EDGE('',*,*,#2508,.T.);
#3588=ORIENTED_EDGE('',*,*,#2505,.T.);
#3589=ORIENTED_EDGE('',*,*,#2502,.T.);
#3590=ORIENTED_EDGE('',*,*,#2511,.T.);
#3591=ORIENTED_EDGE('',*,*,#2520,.T.);
#3592=ORIENTED_EDGE('',*,*,#2517,.T.);
#3593=ORIENTED_EDGE('',*,*,#2514,.T.);
#3594=ORIENTED_EDGE('',*,*,#2523,.T.);
#3595=ORIENTED_EDGE('',*,*,#2532,.T.);
#3596=ORIENTED_EDGE('',*,*,#2529,.T.);
#3597=ORIENTED_EDGE('',*,*,#2526,.T.);
#3598=ORIENTED_EDGE('',*,*,#2535,.T.);
#3599=ORIENTED_EDGE('',*,*,#2563,.T.);
#3600=ORIENTED_EDGE('',*,*,#2562,.T.);
#3601=ORIENTED_EDGE('',*,*,#2549,.F.);
#3602=ORIENTED_EDGE('',*,*,#2564,.F.);
#3603=ORIENTED_EDGE('',*,*,#2565,.T.);
#3604=ORIENTED_EDGE('',*,*,#2564,.T.);
#3605=ORIENTED_EDGE('',*,*,#2548,.F.);
#3606=ORIENTED_EDGE('',*,*,#2557,.F.);
#3607=ORIENTED_EDGE('',*,*,#2466,.T.);
#3608=ORIENTED_EDGE('',*,*,#2463,.T.);
#3609=ORIENTED_EDGE('',*,*,#2460,.T.);
#3610=ORIENTED_EDGE('',*,*,#2457,.T.);
#3611=ORIENTED_EDGE('',*,*,#2454,.T.);
#3612=ORIENTED_EDGE('',*,*,#2470,.T.);
#3613=ORIENTED_EDGE('',*,*,#2473,.T.);
#3614=ORIENTED_EDGE('',*,*,#2475,.T.);
#3615=ORIENTED_EDGE('',*,*,#2565,.F.);
#3616=ORIENTED_EDGE('',*,*,#2556,.T.);
#3617=ORIENTED_EDGE('',*,*,#2559,.T.);
#3618=ORIENTED_EDGE('',*,*,#2561,.T.);
#3619=ORIENTED_EDGE('',*,*,#2563,.F.);
#3620=ORIENTED_EDGE('',*,*,#1996,.T.);
#3621=ORIENTED_EDGE('',*,*,#2000,.T.);
#3622=ORIENTED_EDGE('',*,*,#2003,.T.);
#3623=ORIENTED_EDGE('',*,*,#2006,.T.);
#3624=ORIENTED_EDGE('',*,*,#2009,.T.);
#3625=ORIENTED_EDGE('',*,*,#2012,.T.);
#3626=ORIENTED_EDGE('',*,*,#2015,.T.);
#3627=ORIENTED_EDGE('',*,*,#2018,.T.);
#3628=ORIENTED_EDGE('',*,*,#2021,.T.);
#3629=ORIENTED_EDGE('',*,*,#2024,.T.);
#3630=ORIENTED_EDGE('',*,*,#2027,.T.);
#3631=ORIENTED_EDGE('',*,*,#2030,.T.);
#3632=ORIENTED_EDGE('',*,*,#2033,.T.);
#3633=ORIENTED_EDGE('',*,*,#2036,.T.);
#3634=ORIENTED_EDGE('',*,*,#2039,.T.);
#3635=ORIENTED_EDGE('',*,*,#2042,.T.);
#3636=ORIENTED_EDGE('',*,*,#2045,.T.);
#3637=ORIENTED_EDGE('',*,*,#2048,.T.);
#3638=ORIENTED_EDGE('',*,*,#2260,.T.);
#3639=ORIENTED_EDGE('',*,*,#2264,.T.);
#3640=ORIENTED_EDGE('',*,*,#2267,.T.);
#3641=ORIENTED_EDGE('',*,*,#2270,.T.);
#3642=ORIENTED_EDGE('',*,*,#2273,.T.);
#3643=ORIENTED_EDGE('',*,*,#2276,.T.);
#3644=ORIENTED_EDGE('',*,*,#2279,.T.);
#3645=ORIENTED_EDGE('',*,*,#2282,.T.);
#3646=ORIENTED_EDGE('',*,*,#2285,.T.);
#3647=ORIENTED_EDGE('',*,*,#2288,.T.);
#3648=ORIENTED_EDGE('',*,*,#2291,.T.);
#3649=ORIENTED_EDGE('',*,*,#2294,.T.);
#3650=ORIENTED_EDGE('',*,*,#2297,.T.);
#3651=ORIENTED_EDGE('',*,*,#2300,.T.);
#3652=ORIENTED_EDGE('',*,*,#2302,.T.);
#3653=ORIENTED_EDGE('',*,*,#2306,.T.);
#3654=ORIENTED_EDGE('',*,*,#2309,.T.);
#3655=ORIENTED_EDGE('',*,*,#2312,.T.);
#3656=ORIENTED_EDGE('',*,*,#2315,.T.);
#3657=ORIENTED_EDGE('',*,*,#2318,.T.);
#3658=ORIENTED_EDGE('',*,*,#2321,.T.);
#3659=ORIENTED_EDGE('',*,*,#2324,.T.);
#3660=ORIENTED_EDGE('',*,*,#2327,.T.);
#3661=ORIENTED_EDGE('',*,*,#2330,.T.);
#3662=ORIENTED_EDGE('',*,*,#2333,.T.);
#3663=ORIENTED_EDGE('',*,*,#2336,.T.);
#3664=ORIENTED_EDGE('',*,*,#2339,.T.);
#3665=ORIENTED_EDGE('',*,*,#2342,.T.);
#3666=ORIENTED_EDGE('',*,*,#2345,.T.);
#3667=ORIENTED_EDGE('',*,*,#2348,.T.);
#3668=ORIENTED_EDGE('',*,*,#2351,.T.);
#3669=ORIENTED_EDGE('',*,*,#2354,.T.);
#3670=ORIENTED_EDGE('',*,*,#2357,.T.);
#3671=ORIENTED_EDGE('',*,*,#2360,.T.);
#3672=ORIENTED_EDGE('',*,*,#2363,.T.);
#3673=ORIENTED_EDGE('',*,*,#2366,.T.);
#3674=ORIENTED_EDGE('',*,*,#2369,.T.);
#3675=ORIENTED_EDGE('',*,*,#2372,.T.);
#3676=ORIENTED_EDGE('',*,*,#2375,.T.);
#3677=ORIENTED_EDGE('',*,*,#2378,.T.);
#3678=ORIENTED_EDGE('',*,*,#2381,.T.);
#3679=ORIENTED_EDGE('',*,*,#2384,.T.);
#3680=ORIENTED_EDGE('',*,*,#2387,.T.);
#3681=ORIENTED_EDGE('',*,*,#2390,.T.);
#3682=ORIENTED_EDGE('',*,*,#2393,.T.);
#3683=ORIENTED_EDGE('',*,*,#2396,.T.);
#3684=ORIENTED_EDGE('',*,*,#2399,.T.);
#3685=ORIENTED_EDGE('',*,*,#2402,.T.);
#3686=ORIENTED_EDGE('',*,*,#2405,.T.);
#3687=ORIENTED_EDGE('',*,*,#2407,.T.);
#3688=ORIENTED_EDGE('',*,*,#2411,.T.);
#3689=ORIENTED_EDGE('',*,*,#2414,.T.);
#3690=ORIENTED_EDGE('',*,*,#2417,.T.);
#3691=ORIENTED_EDGE('',*,*,#2420,.T.);
#3692=ORIENTED_EDGE('',*,*,#2423,.T.);
#3693=ORIENTED_EDGE('',*,*,#2426,.T.);
#3694=ORIENTED_EDGE('',*,*,#2429,.T.);
#3695=ORIENTED_EDGE('',*,*,#2432,.T.);
#3696=ORIENTED_EDGE('',*,*,#2435,.T.);
#3697=ORIENTED_EDGE('',*,*,#2438,.T.);
#3698=ORIENTED_EDGE('',*,*,#2440,.T.);
#3699=ORIENTED_EDGE('',*,*,#2444,.T.);
#3700=ORIENTED_EDGE('',*,*,#2447,.T.);
#3701=ORIENTED_EDGE('',*,*,#2450,.T.);
#3702=ORIENTED_EDGE('',*,*,#2167,.T.);
#3703=ORIENTED_EDGE('',*,*,#2171,.T.);
#3704=ORIENTED_EDGE('',*,*,#2174,.T.);
#3705=ORIENTED_EDGE('',*,*,#2177,.T.);
#3706=ORIENTED_EDGE('',*,*,#2180,.T.);
#3707=ORIENTED_EDGE('',*,*,#2183,.T.);
#3708=ORIENTED_EDGE('',*,*,#2186,.T.);
#3709=ORIENTED_EDGE('',*,*,#2189,.T.);
#3710=ORIENTED_EDGE('',*,*,#2192,.T.);
#3711=ORIENTED_EDGE('',*,*,#2195,.T.);
#3712=ORIENTED_EDGE('',*,*,#2198,.T.);
#3713=ORIENTED_EDGE('',*,*,#2201,.T.);
#3714=ORIENTED_EDGE('',*,*,#2204,.T.);
#3715=ORIENTED_EDGE('',*,*,#2207,.T.);
#3716=ORIENTED_EDGE('',*,*,#2210,.T.);
#3717=ORIENTED_EDGE('',*,*,#2213,.T.);
#3718=ORIENTED_EDGE('',*,*,#2216,.T.);
#3719=ORIENTED_EDGE('',*,*,#2219,.T.);
#3720=ORIENTED_EDGE('',*,*,#2131,.T.);
#3721=ORIENTED_EDGE('',*,*,#2135,.T.);
#3722=ORIENTED_EDGE('',*,*,#2138,.T.);
#3723=ORIENTED_EDGE('',*,*,#2141,.T.);
#3724=ORIENTED_EDGE('',*,*,#2144,.T.);
#3725=ORIENTED_EDGE('',*,*,#2147,.T.);
#3726=ORIENTED_EDGE('',*,*,#2150,.T.);
#3727=ORIENTED_EDGE('',*,*,#2153,.T.);
#3728=ORIENTED_EDGE('',*,*,#2156,.T.);
#3729=ORIENTED_EDGE('',*,*,#2159,.T.);
#3730=ORIENTED_EDGE('',*,*,#2162,.T.);
#3731=ORIENTED_EDGE('',*,*,#2165,.T.);
#3732=ORIENTED_EDGE('',*,*,#2089,.T.);
#3733=ORIENTED_EDGE('',*,*,#2093,.T.);
#3734=ORIENTED_EDGE('',*,*,#2096,.T.);
#3735=ORIENTED_EDGE('',*,*,#2099,.T.);
#3736=ORIENTED_EDGE('',*,*,#2102,.T.);
#3737=ORIENTED_EDGE('',*,*,#2105,.T.);
#3738=ORIENTED_EDGE('',*,*,#2108,.T.);
#3739=ORIENTED_EDGE('',*,*,#2111,.T.);
#3740=ORIENTED_EDGE('',*,*,#2114,.T.);
#3741=ORIENTED_EDGE('',*,*,#2117,.T.);
#3742=ORIENTED_EDGE('',*,*,#2120,.T.);
#3743=ORIENTED_EDGE('',*,*,#2123,.T.);
#3744=ORIENTED_EDGE('',*,*,#2126,.T.);
#3745=ORIENTED_EDGE('',*,*,#2129,.T.);
#3746=ORIENTED_EDGE('',*,*,#1972,.T.);
#3747=ORIENTED_EDGE('',*,*,#1976,.T.);
#3748=ORIENTED_EDGE('',*,*,#1979,.T.);
#3749=ORIENTED_EDGE('',*,*,#1982,.T.);
#3750=ORIENTED_EDGE('',*,*,#1985,.T.);
#3751=ORIENTED_EDGE('',*,*,#1988,.T.);
#3752=ORIENTED_EDGE('',*,*,#1991,.T.);
#3753=ORIENTED_EDGE('',*,*,#1994,.T.);
#3754=PLANE('',#4093);
#3755=PLANE('',#4094);
#3756=PLANE('',#4095);
#3757=PLANE('',#4096);
#3758=PLANE('',#4097);
#3759=PLANE('',#4098);
#3760=PLANE('',#4099);
#3761=PLANE('',#4100);
#3762=PLANE('',#4101);
#3763=PLANE('',#4102);
#3764=PLANE('',#4103);
#3765=PLANE('',#4104);
#3766=PLANE('',#4105);
#3767=PLANE('',#4106);
#3768=PLANE('',#4107);
#3769=PLANE('',#4108);
#3770=PLANE('',#4109);
#3771=PLANE('',#4110);
#3772=PLANE('',#4111);
#3773=PLANE('',#4112);
#3774=PLANE('',#4113);
#3775=PLANE('',#4114);
#3776=PLANE('',#4115);
#3777=PLANE('',#4116);
#3778=PLANE('',#4117);
#3779=PLANE('',#4118);
#3780=PLANE('',#4119);
#3781=PLANE('',#4120);
#3782=PLANE('',#4121);
#3783=PLANE('',#4122);
#3784=PLANE('',#4123);
#3785=PLANE('',#4124);
#3786=PLANE('',#4125);
#3787=PLANE('',#4126);
#3788=PLANE('',#4127);
#3789=PLANE('',#4128);
#3790=PLANE('',#4129);
#3791=PLANE('',#4130);
#3792=PLANE('',#4131);
#3793=PLANE('',#4132);
#3794=PLANE('',#4133);
#3795=PLANE('',#4134);
#3796=PLANE('',#4135);
#3797=PLANE('',#4136);
#3798=PLANE('',#4137);
#3799=PLANE('',#4138);
#3800=PLANE('',#4139);
#3801=PLANE('',#4140);
#3802=PLANE('',#4141);
#3803=PLANE('',#4142);
#3804=PLANE('',#4143);
#3805=PLANE('',#4144);
#3806=PLANE('',#4145);
#3807=PLANE('',#4146);
#3808=PLANE('',#4147);
#3809=PLANE('',#4148);
#3810=PLANE('',#4149);
#3811=PLANE('',#4150);
#3812=PLANE('',#4151);
#3813=PLANE('',#4152);
#3814=PLANE('',#4153);
#3815=PLANE('',#4154);
#3816=PLANE('',#4155);
#3817=PLANE('',#4156);
#3818=PLANE('',#4157);
#3819=PLANE('',#4158);
#3820=PLANE('',#4159);
#3821=PLANE('',#4160);
#3822=PLANE('',#4161);
#3823=PLANE('',#4162);
#3824=PLANE('',#4163);
#3825=PLANE('',#4164);
#3826=PLANE('',#4165);
#3827=PLANE('',#4166);
#3828=PLANE('',#4167);
#3829=PLANE('',#4168);
#3830=PLANE('',#4169);
#3831=PLANE('',#4170);
#3832=PLANE('',#4171);
#3833=PLANE('',#4175);
#3834=PLANE('',#4179);
#3835=PLANE('',#4183);
#3836=PLANE('',#4187);
#3837=PLANE('',#4191);
#3838=PLANE('',#4195);
#3839=PLANE('',#4199);
#3840=PLANE('',#4203);
#3841=PLANE('',#4204);
#3842=PLANE('',#4205);
#3843=PLANE('',#4206);
#3844=PLANE('',#4207);
#3845=PLANE('',#4208);
#3846=PLANE('',#4209);
#3847=PLANE('',#4210);
#3848=PLANE('',#4211);
#3849=PLANE('',#4212);
#3850=PLANE('',#4213);
#3851=PLANE('',#4214);
#3852=PLANE('',#4215);
#3853=PLANE('',#4216);
#3854=PLANE('',#4217);
#3855=PLANE('',#4218);
#3856=PLANE('',#4219);
#3857=PLANE('',#4220);
#3858=PLANE('',#4221);
#3859=PLANE('',#4222);
#3860=PLANE('',#4223);
#3861=PLANE('',#4224);
#3862=PLANE('',#4225);
#3863=PLANE('',#4226);
#3864=PLANE('',#4227);
#3865=ADVANCED_FACE('',(#348),#3754,.T.);
#3866=ADVANCED_FACE('',(#349),#3755,.T.);
#3867=ADVANCED_FACE('',(#350),#3756,.T.);
#3868=ADVANCED_FACE('',(#351),#3757,.T.);
#3869=ADVANCED_FACE('',(#352),#253,.T.);
#3870=ADVANCED_FACE('',(#353),#254,.T.);
#3871=ADVANCED_FACE('',(#354),#3758,.T.);
#3872=ADVANCED_FACE('',(#355),#3759,.T.);
#3873=ADVANCED_FACE('',(#356),#3760,.T.);
#3874=ADVANCED_FACE('',(#357),#3761,.T.);
#3875=ADVANCED_FACE('',(#358),#255,.T.);
#3876=ADVANCED_FACE('',(#359),#256,.T.);
#3877=ADVANCED_FACE('',(#360),#257,.T.);
#3878=ADVANCED_FACE('',(#361),#258,.T.);
#3879=ADVANCED_FACE('',(#362),#259,.T.);
#3880=ADVANCED_FACE('',(#363),#260,.T.);
#3881=ADVANCED_FACE('',(#364),#261,.T.);
#3882=ADVANCED_FACE('',(#365),#262,.T.);
#3883=ADVANCED_FACE('',(#366),#3762,.T.);
#3884=ADVANCED_FACE('',(#367),#3763,.T.);
#3885=ADVANCED_FACE('',(#368),#3764,.T.);
#3886=ADVANCED_FACE('',(#369),#263,.T.);
#3887=ADVANCED_FACE('',(#370),#264,.T.);
#3888=ADVANCED_FACE('',(#371),#265,.T.);
#3889=ADVANCED_FACE('',(#372),#266,.T.);
#3890=ADVANCED_FACE('',(#373),#3765,.T.);
#3891=ADVANCED_FACE('',(#374),#3766,.T.);
#3892=ADVANCED_FACE('',(#375),#3767,.T.);
#3893=ADVANCED_FACE('',(#376),#3768,.T.);
#3894=ADVANCED_FACE('',(#377),#267,.T.);
#3895=ADVANCED_FACE('',(#378),#268,.T.);
#3896=ADVANCED_FACE('',(#379),#269,.T.);
#3897=ADVANCED_FACE('',(#380),#270,.T.);
#3898=ADVANCED_FACE('',(#381),#271,.T.);
#3899=ADVANCED_FACE('',(#382),#272,.T.);
#3900=ADVANCED_FACE('',(#383),#3769,.T.);
#3901=ADVANCED_FACE('',(#384),#273,.T.);
#3902=ADVANCED_FACE('',(#385),#274,.T.);
#3903=ADVANCED_FACE('',(#386),#3770,.T.);
#3904=ADVANCED_FACE('',(#387),#275,.T.);
#3905=ADVANCED_FACE('',(#388),#276,.T.);
#3906=ADVANCED_FACE('',(#389),#3771,.T.);
#3907=ADVANCED_FACE('',(#390),#277,.T.);
#3908=ADVANCED_FACE('',(#391),#278,.T.);
#3909=ADVANCED_FACE('',(#392),#279,.T.);
#3910=ADVANCED_FACE('',(#393),#280,.T.);
#3911=ADVANCED_FACE('',(#394),#281,.T.);
#3912=ADVANCED_FACE('',(#395),#282,.T.);
#3913=ADVANCED_FACE('',(#396),#283,.T.);
#3914=ADVANCED_FACE('',(#397),#3772,.T.);
#3915=ADVANCED_FACE('',(#398),#284,.T.);
#3916=ADVANCED_FACE('',(#399),#285,.T.);
#3917=ADVANCED_FACE('',(#400),#286,.T.);
#3918=ADVANCED_FACE('',(#401),#3773,.T.);
#3919=ADVANCED_FACE('',(#402),#3774,.T.);
#3920=ADVANCED_FACE('',(#403,#39,#40),#3775,.T.);
#3921=ADVANCED_FACE('',(#404),#3776,.F.);
#3922=ADVANCED_FACE('',(#405),#3777,.F.);
#3923=ADVANCED_FACE('',(#406),#3778,.T.);
#3924=ADVANCED_FACE('',(#407),#3779,.T.);
#3925=ADVANCED_FACE('',(#408),#3780,.T.);
#3926=ADVANCED_FACE('',(#409),#3781,.T.);
#3927=ADVANCED_FACE('',(#410),#3782,.T.);
#3928=ADVANCED_FACE('',(#411),#3783,.T.);
#3929=ADVANCED_FACE('',(#412),#3784,.T.);
#3930=ADVANCED_FACE('',(#413),#3785,.T.);
#3931=ADVANCED_FACE('',(#414),#3786,.T.);
#3932=ADVANCED_FACE('',(#415),#3787,.T.);
#3933=ADVANCED_FACE('',(#416),#3788,.T.);
#3934=ADVANCED_FACE('',(#417),#3789,.T.);
#3935=ADVANCED_FACE('',(#418),#3790,.T.);
#3936=ADVANCED_FACE('',(#419),#3791,.T.);
#3937=ADVANCED_FACE('',(#420),#287,.T.);
#3938=ADVANCED_FACE('',(#421),#288,.T.);
#3939=ADVANCED_FACE('',(#422),#289,.T.);
#3940=ADVANCED_FACE('',(#423),#290,.T.);
#3941=ADVANCED_FACE('',(#424),#291,.T.);
#3942=ADVANCED_FACE('',(#425),#292,.T.);
#3943=ADVANCED_FACE('',(#426),#293,.T.);
#3944=ADVANCED_FACE('',(#427),#294,.T.);
#3945=ADVANCED_FACE('',(#428),#3792,.T.);
#3946=ADVANCED_FACE('',(#429),#3793,.T.);
#3947=ADVANCED_FACE('',(#430),#3794,.T.);
#3948=ADVANCED_FACE('',(#431),#295,.T.);
#3949=ADVANCED_FACE('',(#432),#296,.T.);
#3950=ADVANCED_FACE('',(#433),#297,.T.);
#3951=ADVANCED_FACE('',(#434),#298,.T.);
#3952=ADVANCED_FACE('',(#435),#3795,.T.);
#3953=ADVANCED_FACE('',(#436),#3796,.T.);
#3954=ADVANCED_FACE('',(#437),#3797,.T.);
#3955=ADVANCED_FACE('',(#438),#3798,.T.);
#3956=ADVANCED_FACE('',(#439),#299,.T.);
#3957=ADVANCED_FACE('',(#440),#300,.T.);
#3958=ADVANCED_FACE('',(#441),#301,.T.);
#3959=ADVANCED_FACE('',(#442),#302,.T.);
#3960=ADVANCED_FACE('',(#443),#303,.T.);
#3961=ADVANCED_FACE('',(#444),#304,.T.);
#3962=ADVANCED_FACE('',(#445),#3799,.T.);
#3963=ADVANCED_FACE('',(#446),#305,.T.);
#3964=ADVANCED_FACE('',(#447),#306,.T.);
#3965=ADVANCED_FACE('',(#448),#3800,.T.);
#3966=ADVANCED_FACE('',(#449),#307,.T.);
#3967=ADVANCED_FACE('',(#450),#308,.T.);
#3968=ADVANCED_FACE('',(#451),#3801,.T.);
#3969=ADVANCED_FACE('',(#452),#309,.T.);
#3970=ADVANCED_FACE('',(#453),#310,.T.);
#3971=ADVANCED_FACE('',(#454),#311,.T.);
#3972=ADVANCED_FACE('',(#455),#312,.T.);
#3973=ADVANCED_FACE('',(#456),#313,.T.);
#3974=ADVANCED_FACE('',(#457),#314,.T.);
#3975=ADVANCED_FACE('',(#458),#315,.T.);
#3976=ADVANCED_FACE('',(#459),#3802,.T.);
#3977=ADVANCED_FACE('',(#460),#316,.T.);
#3978=ADVANCED_FACE('',(#461),#317,.T.);
#3979=ADVANCED_FACE('',(#462),#318,.T.);
#3980=ADVANCED_FACE('',(#463),#3803,.T.);
#3981=ADVANCED_FACE('',(#464),#3804,.T.);
#3982=ADVANCED_FACE('',(#465,#41,#42),#3805,.T.);
#3983=ADVANCED_FACE('',(#466),#3806,.F.);
#3984=ADVANCED_FACE('',(#467),#3807,.F.);
#3985=ADVANCED_FACE('',(#468),#3808,.T.);
#3986=ADVANCED_FACE('',(#469),#3809,.T.);
#3987=ADVANCED_FACE('',(#470),#319,.T.);
#3988=ADVANCED_FACE('',(#471),#320,.T.);
#3989=ADVANCED_FACE('',(#472),#321,.T.);
#3990=ADVANCED_FACE('',(#473),#322,.T.);
#3991=ADVANCED_FACE('',(#474),#323,.T.);
#3992=ADVANCED_FACE('',(#475),#324,.T.);
#3993=ADVANCED_FACE('',(#476),#325,.T.);
#3994=ADVANCED_FACE('',(#477),#326,.T.);
#3995=ADVANCED_FACE('',(#478),#327,.T.);
#3996=ADVANCED_FACE('',(#479),#328,.T.);
#3997=ADVANCED_FACE('',(#480),#329,.T.);
#3998=ADVANCED_FACE('',(#481),#330,.T.);
#3999=ADVANCED_FACE('',(#482),#331,.T.);
#4000=ADVANCED_FACE('',(#483),#332,.T.);
#4001=ADVANCED_FACE('',(#484),#3810,.T.);
#4002=ADVANCED_FACE('',(#485),#3811,.T.);
#4003=ADVANCED_FACE('',(#486),#3812,.T.);
#4004=ADVANCED_FACE('',(#487),#333,.T.);
#4005=ADVANCED_FACE('',(#488),#334,.T.);
#4006=ADVANCED_FACE('',(#489),#335,.T.);
#4007=ADVANCED_FACE('',(#490),#336,.T.);
#4008=ADVANCED_FACE('',(#491),#337,.T.);
#4009=ADVANCED_FACE('',(#492),#338,.T.);
#4010=ADVANCED_FACE('',(#493),#339,.T.);
#4011=ADVANCED_FACE('',(#494),#340,.T.);
#4012=ADVANCED_FACE('',(#495),#341,.T.);
#4013=ADVANCED_FACE('',(#496),#342,.T.);
#4014=ADVANCED_FACE('',(#497),#343,.T.);
#4015=ADVANCED_FACE('',(#498),#344,.T.);
#4016=ADVANCED_FACE('',(#499),#345,.T.);
#4017=ADVANCED_FACE('',(#500),#346,.T.);
#4018=ADVANCED_FACE('',(#501),#347,.T.);
#4019=ADVANCED_FACE('',(#502),#3813,.T.);
#4020=ADVANCED_FACE('',(#503),#3814,.T.);
#4021=ADVANCED_FACE('',(#504),#3815,.T.);
#4022=ADVANCED_FACE('',(#505),#3816,.T.);
#4023=ADVANCED_FACE('',(#506),#3817,.T.);
#4024=ADVANCED_FACE('',(#507),#3818,.T.);
#4025=ADVANCED_FACE('',(#508),#3819,.T.);
#4026=ADVANCED_FACE('',(#509),#3820,.T.);
#4027=ADVANCED_FACE('',(#510),#3821,.T.);
#4028=ADVANCED_FACE('',(#511),#3822,.T.);
#4029=ADVANCED_FACE('',(#512),#3823,.T.);
#4030=ADVANCED_FACE('',(#513),#3824,.T.);
#4031=ADVANCED_FACE('',(#514),#3825,.T.);
#4032=ADVANCED_FACE('',(#515),#3826,.T.);
#4033=ADVANCED_FACE('',(#516),#3827,.T.);
#4034=ADVANCED_FACE('',(#517),#3828,.T.);
#4035=ADVANCED_FACE('',(#518),#3829,.T.);
#4036=ADVANCED_FACE('',(#519),#3830,.T.);
#4037=ADVANCED_FACE('',(#520),#3831,.T.);
#4038=ADVANCED_FACE('',(#521),#3832,.F.);
#4039=ADVANCED_FACE('',(#522),#31,.F.);
#4040=ADVANCED_FACE('',(#523),#3833,.F.);
#4041=ADVANCED_FACE('',(#524),#32,.F.);
#4042=ADVANCED_FACE('',(#525),#3834,.F.);
#4043=ADVANCED_FACE('',(#526),#33,.F.);
#4044=ADVANCED_FACE('',(#527),#3835,.F.);
#4045=ADVANCED_FACE('',(#528),#34,.F.);
#4046=ADVANCED_FACE('',(#529),#3836,.F.);
#4047=ADVANCED_FACE('',(#530),#35,.F.);
#4048=ADVANCED_FACE('',(#531),#3837,.F.);
#4049=ADVANCED_FACE('',(#532),#36,.F.);
#4050=ADVANCED_FACE('',(#533),#3838,.F.);
#4051=ADVANCED_FACE('',(#534),#37,.F.);
#4052=ADVANCED_FACE('',(#535),#3839,.F.);
#4053=ADVANCED_FACE('',(#536),#38,.F.);
#4054=ADVANCED_FACE('',(#537),#3840,.F.);
#4055=ADVANCED_FACE('',(#538),#3841,.F.);
#4056=ADVANCED_FACE('',(#539),#3842,.F.);
#4057=ADVANCED_FACE('',(#540),#3843,.F.);
#4058=ADVANCED_FACE('',(#541),#3844,.F.);
#4059=ADVANCED_FACE('',(#542),#3845,.F.);
#4060=ADVANCED_FACE('',(#543),#3846,.F.);
#4061=ADVANCED_FACE('',(#544),#3847,.F.);
#4062=ADVANCED_FACE('',(#545),#3848,.F.);
#4063=ADVANCED_FACE('',(#546),#3849,.F.);
#4064=ADVANCED_FACE('',(#547),#3850,.F.);
#4065=ADVANCED_FACE('',(#548),#3851,.F.);
#4066=ADVANCED_FACE('',(#549),#3852,.T.);
#4067=ADVANCED_FACE('',(#550,#43,#44,#45),#3853,.T.);
#4068=ADVANCED_FACE('',(#551),#3854,.T.);
#4069=ADVANCED_FACE('',(#552,#46),#3855,.T.);
#4070=ADVANCED_FACE('',(#553,#47),#3856,.T.);
#4071=ADVANCED_FACE('',(#554,#48),#3857,.T.);
#4072=ADVANCED_FACE('',(#555),#3858,.T.);
#4073=ADVANCED_FACE('',(#556),#3859,.T.);
#4074=ADVANCED_FACE('',(#557,#49),#3860,.T.);
#4075=ADVANCED_FACE('',(#558,#50,#51,#52),#3861,.T.);
#4076=ADVANCED_FACE('',(#559),#3862,.T.);
#4077=ADVANCED_FACE('',(#560,#53),#3863,.T.);
#4078=ADVANCED_FACE('',(#561,#54,#55,#56,#57,#58,#59,#60,#61,#62),#3864,
 .F.);
#4079=CLOSED_SHELL('',(#3865,#3866,#3867,#3868,#3869,#3870,#3871,#3872,
#3873,#3874,#3875,#3876,#3877,#3878,#3879,#3880,#3881,#3882,#3883,#3884,
#3885,#3886,#3887,#3888,#3889,#3890,#3891,#3892,#3893,#3894,#3895,#3896,
#3897,#3898,#3899,#3900,#3901,#3902,#3903,#3904,#3905,#3906,#3907,#3908,
#3909,#3910,#3911,#3912,#3913,#3914,#3915,#3916,#3917,#3918,#3919,#3920,
#3921,#3922,#3923,#3924,#3925,#3926,#3927,#3928,#3929,#3930,#3931,#3932,
#3933,#3934,#3935,#3936,#3937,#3938,#3939,#3940,#3941,#3942,#3943,#3944,
#3945,#3946,#3947,#3948,#3949,#3950,#3951,#3952,#3953,#3954,#3955,#3956,
#3957,#3958,#3959,#3960,#3961,#3962,#3963,#3964,#3965,#3966,#3967,#3968,
#3969,#3970,#3971,#3972,#3973,#3974,#3975,#3976,#3977,#3978,#3979,#3980,
#3981,#3982,#3983,#3984,#3985,#3986,#3987,#3988,#3989,#3990,#3991,#3992,
#3993,#3994,#3995,#3996,#3997,#3998,#3999,#4000,#4001,#4002,#4003,#4004,
#4005,#4006,#4007,#4008,#4009,#4010,#4011,#4012,#4013,#4014,#4015,#4016,
#4017,#4018,#4019,#4020,#4021,#4022,#4023,#4024,#4025,#4026,#4027,#4028,
#4029,#4030,#4031,#4032,#4033,#4034,#4035,#4036,#4037,#4038,#4039,#4040,
#4041,#4042,#4043,#4044,#4045,#4046,#4047,#4048,#4049,#4050,#4051,#4052,
#4053,#4054,#4055,#4056,#4057,#4058,#4059,#4060,#4061,#4062,#4063,#4064,
#4065,#4066,#4067,#4068,#4069,#4070,#4071,#4072,#4073,#4074,#4075,#4076,
#4077,#4078));
#4080=DERIVED_UNIT_ELEMENT(#4082,1.);
#4081=DERIVED_UNIT_ELEMENT(#7713,-3.);
#4082=(
MASS_UNIT()
NAMED_UNIT(*)
SI_UNIT(.KILO.,.GRAM.)
);
#4083=DERIVED_UNIT((#4080,#4081));
#4084=MEASURE_REPRESENTATION_ITEM('density measure',
POSITIVE_RATIO_MEASURE(7850.),#4083);
#4085=PROPERTY_DEFINITION_REPRESENTATION(#4090,#4087);
#4086=PROPERTY_DEFINITION_REPRESENTATION(#4091,#4088);
#4087=REPRESENTATION('material name',(#4089),#7710);
#4088=REPRESENTATION('density',(#4084),#7710);
#4089=DESCRIPTIVE_REPRESENTATION_ITEM('Steel','Steel');
#4090=PROPERTY_DEFINITION('material property','material name',#7720);
#4091=PROPERTY_DEFINITION('material property','density of part',#7720);
#4092=AXIS2_PLACEMENT_3D('',#4888,#4228,#4229);
#4093=AXIS2_PLACEMENT_3D('',#4889,#4230,#4231);
#4094=AXIS2_PLACEMENT_3D('',#4898,#4236,#4237);
#4095=AXIS2_PLACEMENT_3D('',#4904,#4241,#4242);
#4096=AXIS2_PLACEMENT_3D('',#4910,#4246,#4247);
#4097=AXIS2_PLACEMENT_3D('',#4962,#4253,#4254);
#4098=AXIS2_PLACEMENT_3D('',#4968,#4258,#4259);
#4099=AXIS2_PLACEMENT_3D('',#4971,#4262,#4263);
#4100=AXIS2_PLACEMENT_3D('',#4972,#4264,#4265);
#4101=AXIS2_PLACEMENT_3D('',#5165,#4278,#4279);
#4102=AXIS2_PLACEMENT_3D('',#5171,#4283,#4284);
#4103=AXIS2_PLACEMENT_3D('',#5177,#4288,#4289);
#4104=AXIS2_PLACEMENT_3D('',#5275,#4297,#4298);
#4105=AXIS2_PLACEMENT_3D('',#5281,#4302,#4303);
#4106=AXIS2_PLACEMENT_3D('',#5284,#4306,#4307);
#4107=AXIS2_PLACEMENT_3D('',#5285,#4308,#4309);
#4108=AXIS2_PLACEMENT_3D('',#5429,#4319,#4320);
#4109=AXIS2_PLACEMENT_3D('',#5484,#4327,#4328);
#4110=AXIS2_PLACEMENT_3D('',#5533,#4333,#4334);
#4111=AXIS2_PLACEMENT_3D('',#5703,#4346,#4347);
#4112=AXIS2_PLACEMENT_3D('',#5778,#4354,#4355);
#4113=AXIS2_PLACEMENT_3D('',#5784,#4359,#4360);
#4114=AXIS2_PLACEMENT_3D('',#5787,#4363,#4364);
#4115=AXIS2_PLACEMENT_3D('',#5788,#4365,#4366);
#4116=AXIS2_PLACEMENT_3D('',#5789,#4367,#4368);
#4117=AXIS2_PLACEMENT_3D('',#5790,#4369,#4370);
#4118=AXIS2_PLACEMENT_3D('',#5799,#4375,#4376);
#4119=AXIS2_PLACEMENT_3D('',#5805,#4380,#4381);
#4120=AXIS2_PLACEMENT_3D('',#5811,#4385,#4386);
#4121=AXIS2_PLACEMENT_3D('',#5817,#4390,#4391);
#4122=AXIS2_PLACEMENT_3D('',#5823,#4395,#4396);
#4123=AXIS2_PLACEMENT_3D('',#5829,#4400,#4401);
#4124=AXIS2_PLACEMENT_3D('',#5835,#4405,#4406);
#4125=AXIS2_PLACEMENT_3D('',#5841,#4410,#4411);
#4126=AXIS2_PLACEMENT_3D('',#5847,#4415,#4416);
#4127=AXIS2_PLACEMENT_3D('',#5853,#4420,#4421);
#4128=AXIS2_PLACEMENT_3D('',#5859,#4425,#4426);
#4129=AXIS2_PLACEMENT_3D('',#5862,#4429,#4430);
#4130=AXIS2_PLACEMENT_3D('',#5863,#4431,#4432);
#4131=AXIS2_PLACEMENT_3D('',#6056,#4445,#4446);
#4132=AXIS2_PLACEMENT_3D('',#6062,#4450,#4451);
#4133=AXIS2_PLACEMENT_3D('',#6068,#4455,#4456);
#4134=AXIS2_PLACEMENT_3D('',#6166,#4464,#4465);
#4135=AXIS2_PLACEMENT_3D('',#6172,#4469,#4470);
#4136=AXIS2_PLACEMENT_3D('',#6175,#4473,#4474);
#4137=AXIS2_PLACEMENT_3D('',#6176,#4475,#4476);
#4138=AXIS2_PLACEMENT_3D('',#6320,#4486,#4487);
#4139=AXIS2_PLACEMENT_3D('',#6375,#4494,#4495);
#4140=AXIS2_PLACEMENT_3D('',#6424,#4500,#4501);
#4141=AXIS2_PLACEMENT_3D('',#6594,#4513,#4514);
#4142=AXIS2_PLACEMENT_3D('',#6669,#4521,#4522);
#4143=AXIS2_PLACEMENT_3D('',#6675,#4526,#4527);
#4144=AXIS2_PLACEMENT_3D('',#6678,#4530,#4531);
#4145=AXIS2_PLACEMENT_3D('',#6679,#4532,#4533);
#4146=AXIS2_PLACEMENT_3D('',#6680,#4534,#4535);
#4147=AXIS2_PLACEMENT_3D('',#6681,#4536,#4537);
#4148=AXIS2_PLACEMENT_3D('',#6690,#4542,#4543);
#4149=AXIS2_PLACEMENT_3D('',#7018,#4561,#4562);
#4150=AXIS2_PLACEMENT_3D('',#7024,#4566,#4567);
#4151=AXIS2_PLACEMENT_3D('',#7030,#4571,#4572);
#4152=AXIS2_PLACEMENT_3D('',#7381,#4591,#4592);
#4153=AXIS2_PLACEMENT_3D('',#7384,#4595,#4596);
#4154=AXIS2_PLACEMENT_3D('',#7385,#4597,#4598);
#4155=AXIS2_PLACEMENT_3D('',#7394,#4603,#4604);
#4156=AXIS2_PLACEMENT_3D('',#7400,#4608,#4609);
#4157=AXIS2_PLACEMENT_3D('',#7406,#4613,#4614);
#4158=AXIS2_PLACEMENT_3D('',#7412,#4618,#4619);
#4159=AXIS2_PLACEMENT_3D('',#7418,#4623,#4624);
#4160=AXIS2_PLACEMENT_3D('',#7424,#4628,#4629);
#4161=AXIS2_PLACEMENT_3D('',#7430,#4633,#4634);
#4162=AXIS2_PLACEMENT_3D('',#7436,#4638,#4639);
#4163=AXIS2_PLACEMENT_3D('',#7442,#4643,#4644);
#4164=AXIS2_PLACEMENT_3D('',#7448,#4648,#4649);
#4165=AXIS2_PLACEMENT_3D('',#7451,#4652,#4653);
#4166=AXIS2_PLACEMENT_3D('',#7452,#4654,#4655);
#4167=AXIS2_PLACEMENT_3D('',#7461,#4660,#4661);
#4168=AXIS2_PLACEMENT_3D('',#7467,#4665,#4666);
#4169=AXIS2_PLACEMENT_3D('',#7473,#4670,#4671);
#4170=AXIS2_PLACEMENT_3D('',#7476,#4674,#4675);
#4171=AXIS2_PLACEMENT_3D('',#7477,#4676,#4677);
#4172=AXIS2_PLACEMENT_3D('',#7486,#4682,#4683);
#4173=AXIS2_PLACEMENT_3D('',#7488,#4684,#4685);
#4174=AXIS2_PLACEMENT_3D('',#7490,#4686,#4687);
#4175=AXIS2_PLACEMENT_3D('',#7492,#4689,#4690);
#4176=AXIS2_PLACEMENT_3D('',#7498,#4694,#4695);
#4177=AXIS2_PLACEMENT_3D('',#7500,#4696,#4697);
#4178=AXIS2_PLACEMENT_3D('',#7502,#4698,#4699);
#4179=AXIS2_PLACEMENT_3D('',#7504,#4701,#4702);
#4180=AXIS2_PLACEMENT_3D('',#7510,#4706,#4707);
#4181=AXIS2_PLACEMENT_3D('',#7512,#4708,#4709);
#4182=AXIS2_PLACEMENT_3D('',#7515,#4711,#4712);
#4183=AXIS2_PLACEMENT_3D('',#7516,#4713,#4714);
#4184=AXIS2_PLACEMENT_3D('',#7522,#4718,#4719);
#4185=AXIS2_PLACEMENT_3D('',#7523,#4720,#4721);
#4186=AXIS2_PLACEMENT_3D('',#7524,#4722,#4723);
#4187=AXIS2_PLACEMENT_3D('',#7525,#4724,#4725);
#4188=AXIS2_PLACEMENT_3D('',#7534,#4730,#4731);
#4189=AXIS2_PLACEMENT_3D('',#7536,#4732,#4733);
#4190=AXIS2_PLACEMENT_3D('',#7538,#4734,#4735);
#4191=AXIS2_PLACEMENT_3D('',#7540,#4737,#4738);
#4192=AXIS2_PLACEMENT_3D('',#7546,#4742,#4743);
#4193=AXIS2_PLACEMENT_3D('',#7548,#4744,#4745);
#4194=AXIS2_PLACEMENT_3D('',#7550,#4746,#4747);
#4195=AXIS2_PLACEMENT_3D('',#7552,#4749,#4750);
#4196=AXIS2_PLACEMENT_3D('',#7558,#4754,#4755);
#4197=AXIS2_PLACEMENT_3D('',#7560,#4756,#4757);
#4198=AXIS2_PLACEMENT_3D('',#7563,#4759,#4760);
#4199=AXIS2_PLACEMENT_3D('',#7564,#4761,#4762);
#4200=AXIS2_PLACEMENT_3D('',#7570,#4766,#4767);
#4201=AXIS2_PLACEMENT_3D('',#7571,#4768,#4769);
#4202=AXIS2_PLACEMENT_3D('',#7572,#4770,#4771);
#4203=AXIS2_PLACEMENT_3D('',#7573,#4772,#4773);
#4204=AXIS2_PLACEMENT_3D('',#7582,#4778,#4779);
#4205=AXIS2_PLACEMENT_3D('',#7588,#4783,#4784);
#4206=AXIS2_PLACEMENT_3D('',#7594,#4788,#4789);
#4207=AXIS2_PLACEMENT_3D('',#7597,#4792,#4793);
#4208=AXIS2_PLACEMENT_3D('',#7606,#4798,#4799);
#4209=AXIS2_PLACEMENT_3D('',#7612,#4803,#4804);
#4210=AXIS2_PLACEMENT_3D('',#7618,#4808,#4809);
#4211=AXIS2_PLACEMENT_3D('',#7621,#4812,#4813);
#4212=AXIS2_PLACEMENT_3D('',#7630,#4818,#4819);
#4213=AXIS2_PLACEMENT_3D('',#7636,#4823,#4824);
#4214=AXIS2_PLACEMENT_3D('',#7642,#4828,#4829);
#4215=AXIS2_PLACEMENT_3D('',#7645,#4832,#4833);
#4216=AXIS2_PLACEMENT_3D('',#7656,#4839,#4840);
#4217=AXIS2_PLACEMENT_3D('',#7662,#4844,#4845);
#4218=AXIS2_PLACEMENT_3D('',#7666,#4848,#4849);
#4219=AXIS2_PLACEMENT_3D('',#7670,#4852,#4853);
#4220=AXIS2_PLACEMENT_3D('',#7684,#4861,#4862);
#4221=AXIS2_PLACEMENT_3D('',#7686,#4864,#4865);
#4222=AXIS2_PLACEMENT_3D('',#7687,#4866,#4867);
#4223=AXIS2_PLACEMENT_3D('',#7693,#4871,#4872);
#4224=AXIS2_PLACEMENT_3D('',#7697,#4875,#4876);
#4225=AXIS2_PLACEMENT_3D('',#7701,#4879,#4880);
#4226=AXIS2_PLACEMENT_3D('',#7705,#4883,#4884);
#4227=AXIS2_PLACEMENT_3D('',#7707,#4886,#4887);
#4228=DIRECTION('axis',(0.,0.,1.));
#4229=DIRECTION('refdir',(1.,0.,0.));
#4230=DIRECTION('center_axis',(0.991357103006971,0.131191060357125,0.));
#4231=DIRECTION('ref_axis',(0.131191060357125,-0.991357103006971,0.));
#4232=DIRECTION('',(-0.131191060357125,0.991357103006971,0.));
#4233=DIRECTION('',(0.,0.,-1.));
#4234=DIRECTION('',(0.131191060357125,-0.991357103006971,0.));
#4235=DIRECTION('',(0.,0.,-1.));
#4236=DIRECTION('center_axis',(0.,1.,0.));
#4237=DIRECTION('ref_axis',(1.,0.,0.));
#4238=DIRECTION('',(-1.,0.,0.));
#4239=DIRECTION('',(1.,0.,0.));
#4240=DIRECTION('',(0.,0.,-1.));
#4241=DIRECTION('center_axis',(-0.988900483670973,0.148579384153107,0.));
#4242=DIRECTION('ref_axis',(0.148579384153107,0.988900483670973,0.));
#4243=DIRECTION('',(-0.148579384153107,-0.988900483670972,0.));
#4244=DIRECTION('',(0.148579384153107,0.988900483670973,0.));
#4245=DIRECTION('',(0.,0.,-1.));
#4246=DIRECTION('center_axis',(0.,-1.,0.));
#4247=DIRECTION('ref_axis',(-1.,0.,0.));
#4248=DIRECTION('',(1.,0.,0.));
#4249=DIRECTION('',(-1.,0.,0.));
#4250=DIRECTION('',(0.,0.,-1.));
#4251=DIRECTION('',(0.,0.,-1.));
#4252=DIRECTION('',(0.,0.,-1.));
#4253=DIRECTION('center_axis',(-0.995318476258555,-0.0966495257016211,0.));
#4254=DIRECTION('ref_axis',(-0.0966495257016211,0.995318476258555,0.));
#4255=DIRECTION('',(0.0966495257016211,-0.995318476258555,0.));
#4256=DIRECTION('',(-0.0966495257016211,0.995318476258555,0.));
#4257=DIRECTION('',(0.,0.,-1.));
#4258=DIRECTION('center_axis',(0.,-1.,0.));
#4259=DIRECTION('ref_axis',(-1.,0.,0.));
#4260=DIRECTION('',(1.,0.,0.));
#4261=DIRECTION('',(-1.,0.,0.));
#4262=DIRECTION('center_axis',(0.,0.,-1.));
#4263=DIRECTION('ref_axis',(1.,0.,0.));
#4264=DIRECTION('center_axis',(1.,0.,0.));
#4265=DIRECTION('ref_axis',(0.,-1.,0.));
#4266=DIRECTION('',(0.,1.,0.));
#4267=DIRECTION('',(0.,0.,-1.));
#4268=DIRECTION('',(0.,-1.,0.));
#4269=DIRECTION('',(0.,0.,-1.));
#4270=DIRECTION('',(0.,0.,-1.));
#4271=DIRECTION('',(0.,0.,-1.));
#4272=DIRECTION('',(0.,0.,-1.));
#4273=DIRECTION('',(0.,0.,-1.));
#4274=DIRECTION('',(0.,0.,-1.));
#4275=DIRECTION('',(0.,0.,-1.));
#4276=DIRECTION('',(0.,0.,-1.));
#4277=DIRECTION('',(0.,0.,-1.));
#4278=DIRECTION('center_axis',(-1.,0.,0.));
#4279=DIRECTION('ref_axis',(0.,1.,0.));
#4280=DIRECTION('',(0.,-1.,0.));
#4281=DIRECTION('',(0.,1.,0.));
#4282=DIRECTION('',(0.,0.,-1.));
#4283=DIRECTION('center_axis',(0.,-1.,0.));
#4284=DIRECTION('ref_axis',(-1.,0.,0.));
#4285=DIRECTION('',(1.,0.,0.));
#4286=DIRECTION('',(-1.,0.,0.));
#4287=DIRECTION('',(0.,0.,-1.));
#4288=DIRECTION('center_axis',(1.,0.,0.));
#4289=DIRECTION('ref_axis',(0.,-1.,0.));
#4290=DIRECTION('',(0.,1.,0.));
#4291=DIRECTION('',(0.,-1.,0.));
#4292=DIRECTION('',(0.,0.,-1.));
#4293=DIRECTION('',(0.,0.,-1.));
#4294=DIRECTION('',(0.,0.,-1.));
#4295=DIRECTION('',(0.,0.,-1.));
#4296=DIRECTION('',(0.,0.,-1.));
#4297=DIRECTION('center_axis',(-1.,0.,0.));
#4298=DIRECTION('ref_axis',(0.,1.,0.));
#4299=DIRECTION('',(0.,-1.,0.));
#4300=DIRECTION('',(0.,1.,0.));
#4301=DIRECTION('',(0.,0.,-1.));
#4302=DIRECTION('center_axis',(0.,-1.,0.));
#4303=DIRECTION('ref_axis',(-1.,0.,0.));
#4304=DIRECTION('',(1.,0.,0.));
#4305=DIRECTION('',(-1.,0.,0.));
#4306=DIRECTION('center_axis',(0.,0.,-1.));
#4307=DIRECTION('ref_axis',(1.,0.,0.));
#4308=DIRECTION('center_axis',(1.,0.,0.));
#4309=DIRECTION('ref_axis',(0.,-1.,0.));
#4310=DIRECTION('',(0.,1.,0.));
#4311=DIRECTION('',(0.,0.,-1.));
#4312=DIRECTION('',(0.,-1.,0.));
#4313=DIRECTION('',(0.,0.,-1.));
#4314=DIRECTION('',(0.,0.,-1.));
#4315=DIRECTION('',(0.,0.,-1.));
#4316=DIRECTION('',(0.,0.,-1.));
#4317=DIRECTION('',(0.,0.,-1.));
#4318=DIRECTION('',(0.,0.,-1.));
#4319=DIRECTION('center_axis',(1.,0.,0.));
#4320=DIRECTION('ref_axis',(0.,-1.,0.));
#4321=DIRECTION('',(0.,1.,0.));
#4322=DIRECTION('',(0.,0.,-1.));
#4323=DIRECTION('',(0.,-1.,0.));
#4324=DIRECTION('',(0.,0.,-1.));
#4325=DIRECTION('',(0.,0.,-1.));
#4326=DIRECTION('',(0.,0.,-1.));
#4327=DIRECTION('center_axis',(-1.,0.,0.));
#4328=DIRECTION('ref_axis',(0.,1.,0.));
#4329=DIRECTION('',(0.,-1.,0.));
#4330=DIRECTION('',(0.,1.,0.));
#4331=DIRECTION('',(0.,0.,-1.));
#4332=DIRECTION('',(0.,0.,-1.));
#4333=DIRECTION('center_axis',(0.,-1.,0.));
#4334=DIRECTION('ref_axis',(-1.,0.,0.));
#4335=DIRECTION('',(1.,0.,0.));
#4336=DIRECTION('',(0.,0.,-1.));
#4337=DIRECTION('',(-1.,0.,0.));
#4338=DIRECTION('',(0.,0.,-1.));
#4339=DIRECTION('',(0.,0.,-1.));
#4340=DIRECTION('',(0.,0.,-1.));
#4341=DIRECTION('',(0.,0.,-1.));
#4342=DIRECTION('',(0.,0.,-1.));
#4343=DIRECTION('',(0.,0.,-1.));
#4344=DIRECTION('',(0.,0.,-1.));
#4345=DIRECTION('',(0.,0.,-1.));
#4346=DIRECTION('center_axis',(1.,0.,0.));
#4347=DIRECTION('ref_axis',(0.,-1.,0.));
#4348=DIRECTION('',(0.,1.,0.));
#4349=DIRECTION('',(0.,-1.,0.));
#4350=DIRECTION('',(0.,0.,-1.));
#4351=DIRECTION('',(0.,0.,-1.));
#4352=DIRECTION('',(0.,0.,-1.));
#4353=DIRECTION('',(0.,0.,-1.));
#4354=DIRECTION('center_axis',(0.,1.,0.));
#4355=DIRECTION('ref_axis',(1.,0.,0.));
#4356=DIRECTION('',(-1.,0.,0.));
#4357=DIRECTION('',(1.,0.,0.));
#4358=DIRECTION('',(0.,0.,-1.));
#4359=DIRECTION('center_axis',(-1.,0.,0.));
#4360=DIRECTION('ref_axis',(0.,1.,0.));
#4361=DIRECTION('',(0.,-1.,0.));
#4362=DIRECTION('',(0.,1.,0.));
#4363=DIRECTION('center_axis',(0.,0.,-1.));
#4364=DIRECTION('ref_axis',(1.,0.,0.));
#4365=DIRECTION('center_axis',(0.,0.,1.));
#4366=DIRECTION('ref_axis',(1.,0.,0.));
#4367=DIRECTION('center_axis',(0.,0.,1.));
#4368=DIRECTION('ref_axis',(1.,0.,0.));
#4369=DIRECTION('center_axis',(1.,0.,0.));
#4370=DIRECTION('ref_axis',(0.,-1.,0.));
#4371=DIRECTION('',(0.,1.,0.));
#4372=DIRECTION('',(0.,0.,-1.));
#4373=DIRECTION('',(0.,-1.,0.));
#4374=DIRECTION('',(0.,0.,-1.));
#4375=DIRECTION('center_axis',(0.,1.,0.));
#4376=DIRECTION('ref_axis',(1.,0.,0.));
#4377=DIRECTION('',(-1.,0.,0.));
#4378=DIRECTION('',(1.,0.,0.));
#4379=DIRECTION('',(0.,0.,-1.));
#4380=DIRECTION('center_axis',(-1.,0.,0.));
#4381=DIRECTION('ref_axis',(0.,1.,0.));
#4382=DIRECTION('',(0.,-1.,0.));
#4383=DIRECTION('',(0.,1.,0.));
#4384=DIRECTION('',(0.,0.,-1.));
#4385=DIRECTION('center_axis',(0.,1.,0.));
#4386=DIRECTION('ref_axis',(1.,0.,0.));
#4387=DIRECTION('',(-1.,0.,0.));
#4388=DIRECTION('',(1.,0.,0.));
#4389=DIRECTION('',(0.,0.,-1.));
#4390=DIRECTION('center_axis',(1.,0.,0.));
#4391=DIRECTION('ref_axis',(0.,-1.,0.));
#4392=DIRECTION('',(0.,1.,0.));
#4393=DIRECTION('',(0.,-1.,0.));
#4394=DIRECTION('',(0.,0.,-1.));
#4395=DIRECTION('center_axis',(0.,1.,0.));
#4396=DIRECTION('ref_axis',(1.,0.,0.));
#4397=DIRECTION('',(-1.,0.,0.));
#4398=DIRECTION('',(1.,0.,0.));
#4399=DIRECTION('',(0.,0.,-1.));
#4400=DIRECTION('center_axis',(-1.,0.,0.));
#4401=DIRECTION('ref_axis',(0.,1.,0.));
#4402=DIRECTION('',(0.,-1.,0.));
#4403=DIRECTION('',(0.,1.,0.));
#4404=DIRECTION('',(0.,0.,-1.));
#4405=DIRECTION('center_axis',(0.,-1.,0.));
#4406=DIRECTION('ref_axis',(-1.,0.,0.));
#4407=DIRECTION('',(1.,0.,0.));
#4408=DIRECTION('',(-1.,0.,0.));
#4409=DIRECTION('',(0.,0.,-1.));
#4410=DIRECTION('center_axis',(1.,0.,0.));
#4411=DIRECTION('ref_axis',(0.,-1.,0.));
#4412=DIRECTION('',(0.,1.,0.));
#4413=DIRECTION('',(0.,-1.,0.));
#4414=DIRECTION('',(0.,0.,-1.));
#4415=DIRECTION('center_axis',(0.,-1.,0.));
#4416=DIRECTION('ref_axis',(-1.,0.,0.));
#4417=DIRECTION('',(1.,0.,0.));
#4418=DIRECTION('',(-1.,0.,0.));
#4419=DIRECTION('',(0.,0.,-1.));
#4420=DIRECTION('center_axis',(-1.,0.,0.));
#4421=DIRECTION('ref_axis',(0.,1.,0.));
#4422=DIRECTION('',(0.,-1.,0.));
#4423=DIRECTION('',(0.,1.,0.));
#4424=DIRECTION('',(0.,0.,-1.));
#4425=DIRECTION('center_axis',(0.,-1.,0.));
#4426=DIRECTION('ref_axis',(-1.,0.,0.));
#4427=DIRECTION('',(1.,0.,0.));
#4428=DIRECTION('',(-1.,0.,0.));
#4429=DIRECTION('center_axis',(0.,0.,-1.));
#4430=DIRECTION('ref_axis',(-1.,0.,0.));
#4431=DIRECTION('center_axis',(1.,0.,0.));
#4432=DIRECTION('ref_axis',(0.,-1.,0.));
#4433=DIRECTION('',(0.,1.,0.));
#4434=DIRECTION('',(0.,0.,-1.));
#4435=DIRECTION('',(0.,-1.,0.));
#4436=DIRECTION('',(0.,0.,-1.));
#4437=DIRECTION('',(0.,0.,-1.));
#4438=DIRECTION('',(0.,0.,-1.));
#4439=DIRECTION('',(0.,0.,-1.));
#4440=DIRECTION('',(0.,0.,-1.));
#4441=DIRECTION('',(0.,0.,-1.));
#4442=DIRECTION('',(0.,0.,-1.));
#4443=DIRECTION('',(0.,0.,-1.));
#4444=DIRECTION('',(0.,0.,-1.));
#4445=DIRECTION('center_axis',(-1.,0.,0.));
#4446=DIRECTION('ref_axis',(0.,1.,0.));
#4447=DIRECTION('',(0.,-1.,0.));
#4448=DIRECTION('',(0.,1.,0.));
#4449=DIRECTION('',(0.,0.,-1.));
#4450=DIRECTION('center_axis',(0.,-1.,0.));
#4451=DIRECTION('ref_axis',(-1.,0.,0.));
#4452=DIRECTION('',(1.,0.,0.));
#4453=DIRECTION('',(-1.,0.,0.));
#4454=DIRECTION('',(0.,0.,-1.));
#4455=DIRECTION('center_axis',(1.,0.,0.));
#4456=DIRECTION('ref_axis',(0.,-1.,0.));
#4457=DIRECTION('',(0.,1.,0.));
#4458=DIRECTION('',(0.,-1.,0.));
#4459=DIRECTION('',(0.,0.,-1.));
#4460=DIRECTION('',(0.,0.,-1.));
#4461=DIRECTION('',(0.,0.,-1.));
#4462=DIRECTION('',(0.,0.,-1.));
#4463=DIRECTION('',(0.,0.,-1.));
#4464=DIRECTION('center_axis',(-1.,0.,0.));
#4465=DIRECTION('ref_axis',(0.,1.,0.));
#4466=DIRECTION('',(0.,-1.,0.));
#4467=DIRECTION('',(0.,1.,0.));
#4468=DIRECTION('',(0.,0.,-1.));
#4469=DIRECTION('center_axis',(0.,-1.,0.));
#4470=DIRECTION('ref_axis',(-1.,0.,0.));
#4471=DIRECTION('',(1.,0.,0.));
#4472=DIRECTION('',(-1.,0.,0.));
#4473=DIRECTION('center_axis',(0.,0.,-1.));
#4474=DIRECTION('ref_axis',(1.,0.,0.));
#4475=DIRECTION('center_axis',(1.,0.,0.));
#4476=DIRECTION('ref_axis',(0.,-1.,0.));
#4477=DIRECTION('',(0.,1.,0.));
#4478=DIRECTION('',(0.,0.,-1.));
#4479=DIRECTION('',(0.,-1.,0.));
#4480=DIRECTION('',(0.,0.,-1.));
#4481=DIRECTION('',(0.,0.,-1.));
#4482=DIRECTION('',(0.,0.,-1.));
#4483=DIRECTION('',(0.,0.,-1.));
#4484=DIRECTION('',(0.,0.,-1.));
#4485=DIRECTION('',(0.,0.,-1.));
#4486=DIRECTION('center_axis',(1.,0.,0.));
#4487=DIRECTION('ref_axis',(0.,-1.,0.));
#4488=DIRECTION('',(0.,1.,0.));
#4489=DIRECTION('',(0.,0.,-1.));
#4490=DIRECTION('',(0.,-1.,0.));
#4491=DIRECTION('',(0.,0.,-1.));
#4492=DIRECTION('',(0.,0.,-1.));
#4493=DIRECTION('',(0.,0.,-1.));
#4494=DIRECTION('center_axis',(-1.,0.,0.));
#4495=DIRECTION('ref_axis',(0.,1.,0.));
#4496=DIRECTION('',(0.,-1.,0.));
#4497=DIRECTION('',(0.,1.,0.));
#4498=DIRECTION('',(0.,0.,-1.));
#4499=DIRECTION('',(0.,0.,-1.));
#4500=DIRECTION('center_axis',(0.,-1.,0.));
#4501=DIRECTION('ref_axis',(-1.,0.,0.));
#4502=DIRECTION('',(1.,0.,0.));
#4503=DIRECTION('',(0.,0.,-1.));
#4504=DIRECTION('',(-1.,0.,0.));
#4505=DIRECTION('',(0.,0.,-1.));
#4506=DIRECTION('',(0.,0.,-1.));
#4507=DIRECTION('',(0.,0.,-1.));
#4508=DIRECTION('',(0.,0.,-1.));
#4509=DIRECTION('',(0.,0.,-1.));
#4510=DIRECTION('',(0.,0.,-1.));
#4511=DIRECTION('',(0.,0.,-1.));
#4512=DIRECTION('',(0.,0.,-1.));
#4513=DIRECTION('center_axis',(1.,0.,0.));
#4514=DIRECTION('ref_axis',(0.,-1.,0.));
#4515=DIRECTION('',(0.,1.,0.));
#4516=DIRECTION('',(0.,-1.,0.));
#4517=DIRECTION('',(0.,0.,-1.));
#4518=DIRECTION('',(0.,0.,-1.));
#4519=DIRECTION('',(0.,0.,-1.));
#4520=DIRECTION('',(0.,0.,-1.));
#4521=DIRECTION('center_axis',(0.,1.,0.));
#4522=DIRECTION('ref_axis',(1.,0.,0.));
#4523=DIRECTION('',(-1.,0.,0.));
#4524=DIRECTION('',(1.,0.,0.));
#4525=DIRECTION('',(0.,0.,-1.));
#4526=DIRECTION('center_axis',(-1.,0.,0.));
#4527=DIRECTION('ref_axis',(0.,1.,0.));
#4528=DIRECTION('',(0.,-1.,0.));
#4529=DIRECTION('',(0.,1.,0.));
#4530=DIRECTION('center_axis',(0.,0.,-1.));
#4531=DIRECTION('ref_axis',(1.,0.,0.));
#4532=DIRECTION('center_axis',(0.,0.,1.));
#4533=DIRECTION('ref_axis',(1.,0.,0.));
#4534=DIRECTION('center_axis',(0.,0.,1.));
#4535=DIRECTION('ref_axis',(1.,0.,0.));
#4536=DIRECTION('center_axis',(0.,1.,0.));
#4537=DIRECTION('ref_axis',(1.,0.,0.));
#4538=DIRECTION('',(-1.,0.,0.));
#4539=DIRECTION('',(0.,0.,-1.));
#4540=DIRECTION('',(1.,0.,0.));
#4541=DIRECTION('',(0.,0.,-1.));
#4542=DIRECTION('center_axis',(-1.,0.,0.));
#4543=DIRECTION('ref_axis',(0.,1.,0.));
#4544=DIRECTION('',(0.,-1.,0.));
#4545=DIRECTION('',(0.,1.,0.));
#4546=DIRECTION('',(0.,0.,-1.));
#4547=DIRECTION('',(0.,0.,-1.));
#4548=DIRECTION('',(0.,0.,-1.));
#4549=DIRECTION('',(0.,0.,-1.));
#4550=DIRECTION('',(0.,0.,-1.));
#4551=DIRECTION('',(0.,0.,-1.));
#4552=DIRECTION('',(0.,0.,-1.));
#4553=DIRECTION('',(0.,0.,-1.));
#4554=DIRECTION('',(0.,0.,-1.));
#4555=DIRECTION('',(0.,0.,-1.));
#4556=DIRECTION('',(0.,0.,-1.));
#4557=DIRECTION('',(0.,0.,-1.));
#4558=DIRECTION('',(0.,0.,-1.));
#4559=DIRECTION('',(0.,0.,-1.));
#4560=DIRECTION('',(0.,0.,-1.));
#4561=DIRECTION('center_axis',(-1.,0.,0.));
#4562=DIRECTION('ref_axis',(0.,1.,0.));
#4563=DIRECTION('',(0.,-1.,0.));
#4564=DIRECTION('',(0.,1.,0.));
#4565=DIRECTION('',(0.,0.,-1.));
#4566=DIRECTION('center_axis',(0.,-1.,0.));
#4567=DIRECTION('ref_axis',(-1.,0.,0.));
#4568=DIRECTION('',(1.,0.,0.));
#4569=DIRECTION('',(-1.,0.,0.));
#4570=DIRECTION('',(0.,0.,-1.));
#4571=DIRECTION('center_axis',(1.,0.,0.));
#4572=DIRECTION('ref_axis',(0.,-1.,0.));
#4573=DIRECTION('',(0.,1.,0.));
#4574=DIRECTION('',(0.,-1.,0.));
#4575=DIRECTION('',(0.,0.,-1.));
#4576=DIRECTION('',(0.,0.,-1.));
#4577=DIRECTION('',(0.,0.,-1.));
#4578=DIRECTION('',(0.,0.,-1.));
#4579=DIRECTION('',(0.,0.,-1.));
#4580=DIRECTION('',(0.,0.,-1.));
#4581=DIRECTION('',(0.,0.,-1.));
#4582=DIRECTION('',(0.,0.,-1.));
#4583=DIRECTION('',(0.,0.,-1.));
#4584=DIRECTION('',(0.,0.,-1.));
#4585=DIRECTION('',(0.,0.,-1.));
#4586=DIRECTION('',(0.,0.,-1.));
#4587=DIRECTION('',(0.,0.,-1.));
#4588=DIRECTION('',(0.,0.,-1.));
#4589=DIRECTION('',(0.,0.,-1.));
#4590=DIRECTION('',(0.,0.,-1.));
#4591=DIRECTION('center_axis',(1.,0.,0.));
#4592=DIRECTION('ref_axis',(0.,-1.,0.));
#4593=DIRECTION('',(0.,1.,0.));
#4594=DIRECTION('',(0.,-1.,0.));
#4595=DIRECTION('center_axis',(0.,0.,-1.));
#4596=DIRECTION('ref_axis',(1.,0.,0.));
#4597=DIRECTION('center_axis',(0.949524148154334,0.313693946501661,0.));
#4598=DIRECTION('ref_axis',(0.313693946501661,-0.949524148154334,0.));
#4599=DIRECTION('',(-0.313693946501661,0.949524148154334,0.));
#4600=DIRECTION('',(0.,0.,-1.));
#4601=DIRECTION('',(0.313693946501661,-0.949524148154334,0.));
#4602=DIRECTION('',(0.,0.,-1.));
#4603=DIRECTION('center_axis',(0.958388831603505,-0.285466018043598,0.));
#4604=DIRECTION('ref_axis',(-0.285466018043598,-0.958388831603505,0.));
#4605=DIRECTION('',(0.285466018043598,0.958388831603505,0.));
#4606=DIRECTION('',(-0.285466018043598,-0.958388831603505,0.));
#4607=DIRECTION('',(0.,0.,-1.));
#4608=DIRECTION('center_axis',(0.,1.,0.));
#4609=DIRECTION('ref_axis',(1.,0.,0.));
#4610=DIRECTION('',(-1.,0.,0.));
#4611=DIRECTION('',(1.,0.,0.));
#4612=DIRECTION('',(0.,0.,-1.));
#4613=DIRECTION('center_axis',(-0.9711222338058,0.2385824951836,0.));
#4614=DIRECTION('ref_axis',(0.2385824951836,0.9711222338058,0.));
#4615=DIRECTION('',(-0.2385824951836,-0.9711222338058,0.));
#4616=DIRECTION('',(0.2385824951836,0.9711222338058,0.));
#4617=DIRECTION('',(0.,0.,-1.));
#4618=DIRECTION('center_axis',(1.,0.,0.));
#4619=DIRECTION('ref_axis',(0.,-1.,0.));
#4620=DIRECTION('',(0.,1.,0.));
#4621=DIRECTION('',(0.,-1.,0.));
#4622=DIRECTION('',(0.,0.,-1.));
#4623=DIRECTION('center_axis',(0.,1.,0.));
#4624=DIRECTION('ref_axis',(1.,0.,0.));
#4625=DIRECTION('',(-1.,0.,0.));
#4626=DIRECTION('',(1.,0.,0.));
#4627=DIRECTION('',(0.,0.,-1.));
#4628=DIRECTION('center_axis',(-1.,0.,0.));
#4629=DIRECTION('ref_axis',(0.,1.,0.));
#4630=DIRECTION('',(0.,-1.,0.));
#4631=DIRECTION('',(0.,1.,0.));
#4632=DIRECTION('',(0.,0.,-1.));
#4633=DIRECTION('center_axis',(0.,-1.,0.));
#4634=DIRECTION('ref_axis',(-1.,0.,0.));
#4635=DIRECTION('',(1.,0.,0.));
#4636=DIRECTION('',(-1.,0.,0.));
#4637=DIRECTION('',(0.,0.,-1.));
#4638=DIRECTION('center_axis',(1.,0.,0.));
#4639=DIRECTION('ref_axis',(0.,-1.,0.));
#4640=DIRECTION('',(0.,1.,0.));
#4641=DIRECTION('',(0.,-1.,0.));
#4642=DIRECTION('',(0.,0.,-1.));
#4643=DIRECTION('center_axis',(-0.958328086011091,-0.285669878640222,0.));
#4644=DIRECTION('ref_axis',(-0.285669878640222,0.958328086011091,0.));
#4645=DIRECTION('',(0.285669878640222,-0.958328086011091,0.));
#4646=DIRECTION('',(-0.285669878640222,0.958328086011091,0.));
#4647=DIRECTION('',(0.,0.,-1.));
#4648=DIRECTION('center_axis',(0.,-1.,0.));
#4649=DIRECTION('ref_axis',(-1.,0.,0.));
#4650=DIRECTION('',(1.,0.,0.));
#4651=DIRECTION('',(-1.,0.,0.));
#4652=DIRECTION('center_axis',(0.,0.,-1.));
#4653=DIRECTION('ref_axis',(-1.,0.,0.));
#4654=DIRECTION('center_axis',(0.,-1.,0.));
#4655=DIRECTION('ref_axis',(-1.,0.,0.));
#4656=DIRECTION('',(1.,0.,0.));
#4657=DIRECTION('',(0.,0.,-1.));
#4658=DIRECTION('',(-1.,0.,0.));
#4659=DIRECTION('',(0.,0.,-1.));
#4660=DIRECTION('center_axis',(1.,0.,0.));
#4661=DIRECTION('ref_axis',(0.,-1.,0.));
#4662=DIRECTION('',(0.,1.,0.));
#4663=DIRECTION('',(0.,-1.,0.));
#4664=DIRECTION('',(0.,0.,-1.));
#4665=DIRECTION('center_axis',(0.,1.,0.));
#4666=DIRECTION('ref_axis',(1.,0.,0.));
#4667=DIRECTION('',(-1.,0.,0.));
#4668=DIRECTION('',(1.,0.,0.));
#4669=DIRECTION('',(0.,0.,-1.));
#4670=DIRECTION('center_axis',(-1.,0.,0.));
#4671=DIRECTION('ref_axis',(0.,1.,0.));
#4672=DIRECTION('',(0.,-1.,0.));
#4673=DIRECTION('',(0.,1.,0.));
#4674=DIRECTION('center_axis',(0.,0.,-1.));
#4675=DIRECTION('ref_axis',(-1.,0.,0.));
#4676=DIRECTION('center_axis',(0.,1.38777878078144E-16,-1.));
#4677=DIRECTION('ref_axis',(0.,-1.,-1.38777878078144E-16));
#4678=DIRECTION('',(0.,-1.,-1.38777878078144E-16));
#4679=DIRECTION('',(-1.,0.,0.));
#4680=DIRECTION('',(0.,1.,1.38777878078144E-16));
#4681=DIRECTION('',(-1.,0.,0.));
#4682=DIRECTION('center_axis',(-1.,0.,0.));
#4683=DIRECTION('ref_axis',(0.,0.,-1.));
#4684=DIRECTION('center_axis',(-1.,0.,0.));
#4685=DIRECTION('ref_axis',(0.,0.,-1.));
#4686=DIRECTION('center_axis',(1.,0.,0.));
#4687=DIRECTION('ref_axis',(0.,0.,-1.));
#4688=DIRECTION('',(-1.,0.,0.));
#4689=DIRECTION('center_axis',(0.,-1.,2.22044604925031E-15));
#4690=DIRECTION('ref_axis',(0.,2.22044604925031E-15,1.));
#4691=DIRECTION('',(0.,2.22044604925031E-15,1.));
#4692=DIRECTION('',(0.,-2.22044604925031E-15,-1.));
#4693=DIRECTION('',(-1.,0.,0.));
#4694=DIRECTION('center_axis',(-1.,0.,0.));
#4695=DIRECTION('ref_axis',(0.,-1.,-1.11022302462516E-15));
#4696=DIRECTION('center_axis',(-1.,0.,0.));
#4697=DIRECTION('ref_axis',(0.,-1.,-1.11022302462516E-15));
#4698=DIRECTION('center_axis',(1.,0.,0.));
#4699=DIRECTION('ref_axis',(0.,-1.,-1.11022302462516E-15));
#4700=DIRECTION('',(-1.,0.,0.));
#4701=DIRECTION('center_axis',(0.,-1.38777878078145E-16,1.));
#4702=DIRECTION('ref_axis',(0.,1.,1.38777878078145E-16));
#4703=DIRECTION('',(0.,1.,1.38777878078145E-16));
#4704=DIRECTION('',(0.,-1.,-1.38777878078145E-16));
#4705=DIRECTION('',(-1.,0.,0.));
#4706=DIRECTION('center_axis',(-1.,0.,0.));
#4707=DIRECTION('ref_axis',(0.,1.,3.33066907387548E-15));
#4708=DIRECTION('center_axis',(-1.,0.,0.));
#4709=DIRECTION('ref_axis',(0.,1.,3.33066907387548E-15));
#4710=DIRECTION('',(-1.,0.,0.));
#4711=DIRECTION('center_axis',(1.,0.,0.));
#4712=DIRECTION('ref_axis',(0.,1.,3.33066907387548E-15));
#4713=DIRECTION('center_axis',(0.,1.,0.));
#4714=DIRECTION('ref_axis',(0.,0.,-1.));
#4715=DIRECTION('',(0.,0.,-1.));
#4716=DIRECTION('',(-1.,0.,0.));
#4717=DIRECTION('',(0.,0.,1.));
#4718=DIRECTION('center_axis',(-1.,0.,0.));
#4719=DIRECTION('ref_axis',(0.,0.,1.));
#4720=DIRECTION('center_axis',(-1.,0.,0.));
#4721=DIRECTION('ref_axis',(0.,0.,1.));
#4722=DIRECTION('center_axis',(1.,0.,0.));
#4723=DIRECTION('ref_axis',(0.,0.,1.));
#4724=DIRECTION('center_axis',(0.,-5.55111512312577E-16,-1.));
#4725=DIRECTION('ref_axis',(0.,1.,-5.55111512312577E-16));
#4726=DIRECTION('',(0.,1.,-5.55111512312577E-16));
#4727=DIRECTION('',(1.,0.,0.));
#4728=DIRECTION('',(0.,-1.,5.55111512312577E-16));
#4729=DIRECTION('',(1.,0.,0.));
#4730=DIRECTION('center_axis',(1.,0.,0.));
#4731=DIRECTION('ref_axis',(0.,0.,-1.));
#4732=DIRECTION('center_axis',(1.,0.,0.));
#4733=DIRECTION('ref_axis',(0.,0.,-1.));
#4734=DIRECTION('center_axis',(-1.,0.,0.));
#4735=DIRECTION('ref_axis',(0.,0.,-1.));
#4736=DIRECTION('',(1.,0.,0.));
#4737=DIRECTION('center_axis',(0.,1.,-8.88178419700128E-15));
#4738=DIRECTION('ref_axis',(0.,8.88178419700128E-15,1.));
#4739=DIRECTION('',(0.,8.88178419700128E-15,1.));
#4740=DIRECTION('',(0.,-8.88178419700128E-15,-1.));
#4741=DIRECTION('',(1.,0.,0.));
#4742=DIRECTION('center_axis',(1.,0.,0.));
#4743=DIRECTION('ref_axis',(0.,1.,-1.11022302462514E-15));
#4744=DIRECTION('center_axis',(1.,0.,0.));
#4745=DIRECTION('ref_axis',(0.,1.,-1.11022302462514E-15));
#4746=DIRECTION('center_axis',(-1.,0.,0.));
#4747=DIRECTION('ref_axis',(0.,1.,-1.11022302462514E-15));
#4748=DIRECTION('',(1.,0.,0.));
#4749=DIRECTION('center_axis',(0.,-2.08166817117217E-15,1.));
#4750=DIRECTION('ref_axis',(0.,-1.,-2.08166817117217E-15));
#4751=DIRECTION('',(0.,-1.,-2.08166817117217E-15));
#4752=DIRECTION('',(0.,1.,2.08166817117217E-15));
#4753=DIRECTION('',(1.,0.,0.));
#4754=DIRECTION('center_axis',(1.,0.,0.));
#4755=DIRECTION('ref_axis',(0.,-1.,1.11022302462516E-15));
#4756=DIRECTION('center_axis',(1.,0.,0.));
#4757=DIRECTION('ref_axis',(0.,-1.,1.11022302462516E-15));
#4758=DIRECTION('',(1.,0.,0.));
#4759=DIRECTION('center_axis',(-1.,0.,0.));
#4760=DIRECTION('ref_axis',(0.,-1.,1.11022302462516E-15));
#4761=DIRECTION('center_axis',(0.,-1.,-2.22044604925031E-15));
#4762=DIRECTION('ref_axis',(0.,2.22044604925031E-15,-1.));
#4763=DIRECTION('',(0.,2.22044604925031E-15,-1.));
#4764=DIRECTION('',(1.,0.,0.));
#4765=DIRECTION('',(0.,-2.22044604925031E-15,1.));
#4766=DIRECTION('center_axis',(1.,0.,0.));
#4767=DIRECTION('ref_axis',(0.,0.,1.));
#4768=DIRECTION('center_axis',(1.,0.,0.));
#4769=DIRECTION('ref_axis',(0.,0.,1.));
#4770=DIRECTION('center_axis',(-1.,0.,0.));
#4771=DIRECTION('ref_axis',(0.,0.,1.));
#4772=DIRECTION('center_axis',(0.,0.,-1.));
#4773=DIRECTION('ref_axis',(1.,0.,0.));
#4774=DIRECTION('',(1.,0.,0.));
#4775=DIRECTION('',(0.,-1.,0.));
#4776=DIRECTION('',(-1.,-2.93489079122971E-17,0.));
#4777=DIRECTION('',(0.,-1.,0.));
#4778=DIRECTION('center_axis',(1.,0.,0.));
#4779=DIRECTION('ref_axis',(0.,0.,1.));
#4780=DIRECTION('',(0.,0.,1.));
#4781=DIRECTION('',(0.,0.,-1.));
#4782=DIRECTION('',(0.,-1.,0.));
#4783=DIRECTION('center_axis',(0.,0.,1.));
#4784=DIRECTION('ref_axis',(-1.,0.,0.));
#4785=DIRECTION('',(-1.,0.,0.));
#4786=DIRECTION('',(1.,2.93489079122971E-17,0.));
#4787=DIRECTION('',(0.,-1.,0.));
#4788=DIRECTION('center_axis',(-1.,0.,0.));
#4789=DIRECTION('ref_axis',(0.,0.,-1.));
#4790=DIRECTION('',(0.,0.,-1.));
#4791=DIRECTION('',(0.,0.,1.));
#4792=DIRECTION('center_axis',(0.,0.,-1.));
#4793=DIRECTION('ref_axis',(1.,0.,0.));
#4794=DIRECTION('',(1.,0.,0.));
#4795=DIRECTION('',(0.,-1.,0.));
#4796=DIRECTION('',(-1.,-2.93489079122971E-17,0.));
#4797=DIRECTION('',(0.,-1.,0.));
#4798=DIRECTION('center_axis',(1.,0.,1.11022302462516E-15));
#4799=DIRECTION('ref_axis',(-1.11022302462516E-15,0.,1.));
#4800=DIRECTION('',(-1.11022302462516E-15,0.,1.));
#4801=DIRECTION('',(1.11022302462516E-15,3.25838333118356E-32,-1.));
#4802=DIRECTION('',(0.,-1.,0.));
#4803=DIRECTION('center_axis',(0.,0.,1.));
#4804=DIRECTION('ref_axis',(-1.,0.,0.));
#4805=DIRECTION('',(-1.,0.,0.));
#4806=DIRECTION('',(1.,2.93489079122971E-17,0.));
#4807=DIRECTION('',(0.,-1.,0.));
#4808=DIRECTION('center_axis',(-1.,0.,-5.55111512312578E-16));
#4809=DIRECTION('ref_axis',(5.55111512312578E-16,0.,-1.));
#4810=DIRECTION('',(5.55111512312578E-16,0.,-1.));
#4811=DIRECTION('',(-5.55111512312578E-16,-1.62919166559178E-32,1.));
#4812=DIRECTION('center_axis',(1.,0.,0.));
#4813=DIRECTION('ref_axis',(0.,0.,1.));
#4814=DIRECTION('',(0.,0.,1.));
#4815=DIRECTION('',(0.,-1.,0.));
#4816=DIRECTION('',(0.,0.,-1.));
#4817=DIRECTION('',(0.,-1.,0.));
#4818=DIRECTION('center_axis',(0.,0.,1.));
#4819=DIRECTION('ref_axis',(-1.,0.,0.));
#4820=DIRECTION('',(-1.,0.,0.));
#4821=DIRECTION('',(1.,2.93489079122971E-17,0.));
#4822=DIRECTION('',(0.,-1.,0.));
#4823=DIRECTION('center_axis',(-1.,0.,0.));
#4824=DIRECTION('ref_axis',(0.,0.,-1.));
#4825=DIRECTION('',(0.,0.,-1.));
#4826=DIRECTION('',(0.,0.,1.));
#4827=DIRECTION('',(0.,-1.,0.));
#4828=DIRECTION('center_axis',(-3.90923600220126E-17,0.,-1.));
#4829=DIRECTION('ref_axis',(1.,0.,-3.90923600220126E-17));
#4830=DIRECTION('',(1.,0.,-3.90923600220126E-17));
#4831=DIRECTION('',(-1.,-2.93489079122971E-17,3.90923600220126E-17));
#4832=DIRECTION('center_axis',(0.,0.,1.));
#4833=DIRECTION('ref_axis',(1.,0.,0.));
#4834=DIRECTION('',(1.,0.,0.));
#4835=DIRECTION('',(0.,1.,0.));
#4836=DIRECTION('',(-0.707106771440089,0.707106790933006,0.));
#4837=DIRECTION('',(-1.,0.,0.));
#4838=DIRECTION('',(0.,-1.,0.));
#4839=DIRECTION('center_axis',(0.,1.,0.));
#4840=DIRECTION('ref_axis',(-1.,0.,0.));
#4841=DIRECTION('',(0.,0.,1.));
#4842=DIRECTION('',(-1.,0.,0.));
#4843=DIRECTION('',(0.,0.,1.));
#4844=DIRECTION('center_axis',(0.707106790933006,0.707106771440089,0.));
#4845=DIRECTION('ref_axis',(-0.707106771440089,0.707106790933006,0.));
#4846=DIRECTION('',(0.,0.,1.));
#4847=DIRECTION('',(-0.707106771440089,0.707106790933006,0.));
#4848=DIRECTION('center_axis',(1.,0.,0.));
#4849=DIRECTION('ref_axis',(0.,1.,0.));
#4850=DIRECTION('',(0.,0.,1.));
#4851=DIRECTION('',(0.,1.,0.));
#4852=DIRECTION('center_axis',(0.,0.,1.));
#4853=DIRECTION('ref_axis',(1.,0.,0.));
#4854=DIRECTION('',(0.,-1.,0.));
#4855=DIRECTION('',(0.707106771440089,-0.707106790933006,0.));
#4856=DIRECTION('',(1.,2.93489079122971E-17,0.));
#4857=DIRECTION('',(0.,1.,0.));
#4858=DIRECTION('',(-1.,0.,0.));
#4859=DIRECTION('',(1.,0.,0.));
#4860=DIRECTION('',(0.,-1.,0.));
#4861=DIRECTION('center_axis',(-1.,0.,0.));
#4862=DIRECTION('ref_axis',(0.,-1.,0.));
#4863=DIRECTION('',(0.,0.,1.));
#4864=DIRECTION('center_axis',(0.,-1.,0.));
#4865=DIRECTION('ref_axis',(1.,0.,0.));
#4866=DIRECTION('center_axis',(0.,1.,0.));
#4867=DIRECTION('ref_axis',(-1.,0.,0.));
#4868=DIRECTION('',(1.,0.,0.));
#4869=DIRECTION('',(0.,0.,1.));
#4870=DIRECTION('',(0.,0.,1.));
#4871=DIRECTION('center_axis',(1.,0.,0.));
#4872=DIRECTION('ref_axis',(0.,1.,0.));
#4873=DIRECTION('',(0.,-1.,0.));
#4874=DIRECTION('',(0.,0.,1.));
#4875=DIRECTION('center_axis',(2.93489079122971E-17,-1.,0.));
#4876=DIRECTION('ref_axis',(1.,2.93489079122971E-17,0.));
#4877=DIRECTION('',(-1.,-2.93489079122971E-17,0.));
#4878=DIRECTION('',(0.,0.,1.));
#4879=DIRECTION('center_axis',(-0.707106790933006,-0.707106771440089,0.));
#4880=DIRECTION('ref_axis',(0.707106771440089,-0.707106790933006,0.));
#4881=DIRECTION('',(0.707106771440089,-0.707106790933006,0.));
#4882=DIRECTION('',(0.,0.,1.));
#4883=DIRECTION('center_axis',(-1.,0.,0.));
#4884=DIRECTION('ref_axis',(0.,-1.,0.));
#4885=DIRECTION('',(0.,-1.,0.));
#4886=DIRECTION('center_axis',(0.,0.,1.));
#4887=DIRECTION('ref_axis',(1.,0.,0.));
#4888=CARTESIAN_POINT('',(0.,0.,0.));
#4889=CARTESIAN_POINT('Origin',(-15.8562530657562,21.4999996423721,0.));
#4890=CARTESIAN_POINT('',(-14.7975744387421,13.4999989271164,0.));
#4891=CARTESIAN_POINT('',(-15.8562530657562,21.4999996423721,0.));
#4892=CARTESIAN_POINT('',(-16.5431722285032,26.6907663708905,0.));
#4893=CARTESIAN_POINT('',(-14.7975744387421,13.4999989271164,-3.));
#4894=CARTESIAN_POINT('',(-14.7975744387421,13.4999989271164,0.));
#4895=CARTESIAN_POINT('',(-15.8562530657562,21.4999996423721,-3.));
#4896=CARTESIAN_POINT('',(-14.7975744387421,13.4999989271164,-3.));
#4897=CARTESIAN_POINT('',(-15.8562530657562,21.4999996423721,0.));
#4898=CARTESIAN_POINT('Origin',(-19.0162290713104,21.4999996423721,0.));
#4899=CARTESIAN_POINT('',(-19.0162290713104,21.4999996423721,0.));
#4900=CARTESIAN_POINT('',(-12.0081145356552,21.4999996423721,0.));
#4901=CARTESIAN_POINT('',(-19.0162290713104,21.4999996423721,-3.));
#4902=CARTESIAN_POINT('',(-15.8562530657562,21.4999996423721,-3.));
#4903=CARTESIAN_POINT('',(-19.0162290713104,21.4999996423721,0.));
#4904=CARTESIAN_POINT('Origin',(-20.2182056090149,13.4999989271164,0.));
#4905=CARTESIAN_POINT('',(-20.2182056090149,13.4999989271164,0.));
#4906=CARTESIAN_POINT('',(-18.5809259958698,24.397248303755,0.));
#4907=CARTESIAN_POINT('',(-20.2182056090149,13.4999989271164,-3.));
#4908=CARTESIAN_POINT('',(-19.0162290713104,21.4999996423721,-3.));
#4909=CARTESIAN_POINT('',(-20.2182056090149,13.4999989271164,0.));
#4910=CARTESIAN_POINT('Origin',(-18.024258770636,13.4999989271164,0.));
#4911=CARTESIAN_POINT('',(-18.024258770636,13.4999989271164,0.));
#4912=CARTESIAN_POINT('',(-11.512129385318,13.4999989271164,0.));
#4913=CARTESIAN_POINT('',(-18.024258770636,13.4999989271164,-3.));
#4914=CARTESIAN_POINT('',(-20.2182056090149,13.4999989271164,-3.));
#4915=CARTESIAN_POINT('',(-18.024258770636,13.4999989271164,0.));
#4916=CARTESIAN_POINT('Ctrl Pts',(-17.4782420775207,19.0935753583908,0.));
#4917=CARTESIAN_POINT('Ctrl Pts',(-17.4782420775207,19.0935753583908,-3.));
#4918=CARTESIAN_POINT('Ctrl Pts',(-17.5468917255449,18.2457032396491,0.));
#4919=CARTESIAN_POINT('Ctrl Pts',(-17.5468917255449,18.2457032396491,-3.));
#4920=CARTESIAN_POINT('Ctrl Pts',(-17.6980976833646,16.3782018101039,0.));
#4921=CARTESIAN_POINT('Ctrl Pts',(-17.6980976833646,16.3782018101039,-3.));
#4922=CARTESIAN_POINT('Ctrl Pts',(-17.9090705666597,14.5164752442155,0.));
#4923=CARTESIAN_POINT('Ctrl Pts',(-17.9090705666597,14.5164752442155,-3.));
#4924=CARTESIAN_POINT('Ctrl Pts',(-18.024258770636,13.4999989271164,0.));
#4925=CARTESIAN_POINT('Ctrl Pts',(-18.024258770636,13.4999989271164,-3.));
#4926=CARTESIAN_POINT('',(-17.4782420775207,19.0935753583908,0.));
#4927=CARTESIAN_POINT('Ctrl Pts',(-18.024258770636,13.4999989271164,0.));
#4928=CARTESIAN_POINT('Ctrl Pts',(-17.9090705666597,14.5164752442155,0.));
#4929=CARTESIAN_POINT('Ctrl Pts',(-17.6980976833646,16.3782018101039,0.));
#4930=CARTESIAN_POINT('Ctrl Pts',(-17.5468917255449,18.2457032396491,0.));
#4931=CARTESIAN_POINT('Ctrl Pts',(-17.4782420775207,19.0935753583908,0.));
#4932=CARTESIAN_POINT('',(-17.4782420775207,19.0935753583908,-3.));
#4933=CARTESIAN_POINT('Ctrl Pts',(-17.4782420775207,19.0935753583908,-3.));
#4934=CARTESIAN_POINT('Ctrl Pts',(-17.5468917255449,18.2457032396491,-3.));
#4935=CARTESIAN_POINT('Ctrl Pts',(-17.6980976833646,16.3782018101039,-3.));
#4936=CARTESIAN_POINT('Ctrl Pts',(-17.9090705666597,14.5164752442155,-3.));
#4937=CARTESIAN_POINT('Ctrl Pts',(-18.024258770636,13.4999989271164,-3.));
#4938=CARTESIAN_POINT('',(-17.4782420775207,19.0935753583908,0.));
#4939=CARTESIAN_POINT('Ctrl Pts',(-17.1359790941986,14.9876456260681,0.));
#4940=CARTESIAN_POINT('Ctrl Pts',(-17.1359790941986,14.9876456260681,-3.));
#4941=CARTESIAN_POINT('Ctrl Pts',(-17.1969802444747,15.6285246765875,0.));
#4942=CARTESIAN_POINT('Ctrl Pts',(-17.1969802444747,15.6285246765875,-3.));
#4943=CARTESIAN_POINT('Ctrl Pts',(-17.3271244467511,16.9958217260369,0.));
#4944=CARTESIAN_POINT('Ctrl Pts',(-17.3271244467511,16.9958217260369,-3.));
#4945=CARTESIAN_POINT('Ctrl Pts',(-17.4258115583669,18.3657561658783,0.));
#4946=CARTESIAN_POINT('Ctrl Pts',(-17.4258115583669,18.3657561658783,-3.));
#4947=CARTESIAN_POINT('Ctrl Pts',(-17.4782420775207,19.0935753583908,0.));
#4948=CARTESIAN_POINT('Ctrl Pts',(-17.4782420775207,19.0935753583908,-3.));
#4949=CARTESIAN_POINT('',(-17.1359790941986,14.9876456260681,0.));
#4950=CARTESIAN_POINT('Ctrl Pts',(-17.4782420775207,19.0935753583908,0.));
#4951=CARTESIAN_POINT('Ctrl Pts',(-17.4258115583669,18.3657561658783,0.));
#4952=CARTESIAN_POINT('Ctrl Pts',(-17.3271244467511,16.9958217260369,0.));
#4953=CARTESIAN_POINT('Ctrl Pts',(-17.1969802444747,15.6285246765875,0.));
#4954=CARTESIAN_POINT('Ctrl Pts',(-17.1359790941986,14.9876456260681,0.));
#4955=CARTESIAN_POINT('',(-17.1359790941986,14.9876456260681,-3.));
#4956=CARTESIAN_POINT('Ctrl Pts',(-17.1359790941986,14.9876456260681,-3.));
#4957=CARTESIAN_POINT('Ctrl Pts',(-17.1969802444747,15.6285246765875,-3.));
#4958=CARTESIAN_POINT('Ctrl Pts',(-17.3271244467511,16.9958217260369,-3.));
#4959=CARTESIAN_POINT('Ctrl Pts',(-17.4258115583669,18.3657561658783,-3.));
#4960=CARTESIAN_POINT('Ctrl Pts',(-17.4782420775207,19.0935753583908,-3.));
#4961=CARTESIAN_POINT('',(-17.1359790941986,14.9876456260681,0.));
#4962=CARTESIAN_POINT('Origin',(-16.9915224692139,13.4999989271164,0.));
#4963=CARTESIAN_POINT('',(-16.9915224692139,13.4999989271164,0.));
#4964=CARTESIAN_POINT('',(-17.8974859172944,22.8298135552122,0.));
#4965=CARTESIAN_POINT('',(-16.9915224692139,13.4999989271164,-3.));
#4966=CARTESIAN_POINT('',(-17.1359790941986,14.9876456260681,-3.));
#4967=CARTESIAN_POINT('',(-16.9915224692139,13.4999989271164,0.));
#4968=CARTESIAN_POINT('Origin',(-14.7975744387421,13.4999989271164,0.));
#4969=CARTESIAN_POINT('',(-9.89878721937103,13.4999989271164,0.));
#4970=CARTESIAN_POINT('',(-16.9915224692139,13.4999989271164,-3.));
#4971=CARTESIAN_POINT('Origin',(3.3420197585312,17.4999995827675,-3.));
#4972=CARTESIAN_POINT('Origin',(-2.50356570690001,18.8465093374252,0.));
#4973=CARTESIAN_POINT('',(-2.50356570690001,13.4999989271164,0.));
#4974=CARTESIAN_POINT('',(-2.50356570690001,18.8465093374252,0.));
#4975=CARTESIAN_POINT('',(-2.50356570690001,26.1732546687126,0.));
#4976=CARTESIAN_POINT('',(-2.50356570690001,13.4999989271164,-3.));
#4977=CARTESIAN_POINT('',(-2.50356570690001,13.4999989271164,0.));
#4978=CARTESIAN_POINT('',(-2.50356570690001,18.8465093374252,-3.));
#4979=CARTESIAN_POINT('',(-2.50356570690001,13.4999989271164,-3.));
#4980=CARTESIAN_POINT('',(-2.50356570690001,18.8465093374252,0.));
#4981=CARTESIAN_POINT('Ctrl Pts',(-2.56286279170836,20.1238416433334,0.));
#4982=CARTESIAN_POINT('Ctrl Pts',(-2.56286279170836,20.1238416433334,-3.));
#4983=CARTESIAN_POINT('Ctrl Pts',(-2.54574716115861,19.9561656303079,0.));
#4984=CARTESIAN_POINT('Ctrl Pts',(-2.54574716115861,19.9561656303079,-3.));
#4985=CARTESIAN_POINT('Ctrl Pts',(-2.50241481869827,19.5316534046153,0.));
#4986=CARTESIAN_POINT('Ctrl Pts',(-2.50241481869827,19.5316534046153,-3.));
#4987=CARTESIAN_POINT('Ctrl Pts',(-2.50313187635121,19.1047763230692,0.));
#4988=CARTESIAN_POINT('Ctrl Pts',(-2.50313187635121,19.1047763230692,-3.));
#4989=CARTESIAN_POINT('Ctrl Pts',(-2.50356570690001,18.8465093374252,0.));
#4990=CARTESIAN_POINT('Ctrl Pts',(-2.50356570690001,18.8465093374252,-3.));
#4991=CARTESIAN_POINT('',(-2.56286279170836,20.1238416433334,0.));
#4992=CARTESIAN_POINT('Ctrl Pts',(-2.50356570690001,18.8465093374252,0.));
#4993=CARTESIAN_POINT('Ctrl Pts',(-2.50313187635121,19.1047763230692,0.));
#4994=CARTESIAN_POINT('Ctrl Pts',(-2.50241481869827,19.5316534046153,0.));
#4995=CARTESIAN_POINT('Ctrl Pts',(-2.54574716115861,19.9561656303079,0.));
#4996=CARTESIAN_POINT('Ctrl Pts',(-2.56286279170836,20.1238416433334,0.));
#4997=CARTESIAN_POINT('',(-2.56286279170836,20.1238416433334,-3.));
#4998=CARTESIAN_POINT('Ctrl Pts',(-2.56286279170836,20.1238416433334,-3.));
#4999=CARTESIAN_POINT('Ctrl Pts',(-2.54574716115861,19.9561656303079,-3.));
#5000=CARTESIAN_POINT('Ctrl Pts',(-2.50241481869827,19.5316534046153,-3.));
#5001=CARTESIAN_POINT('Ctrl Pts',(-2.50313187635121,19.1047763230692,-3.));
#5002=CARTESIAN_POINT('Ctrl Pts',(-2.50356570690001,18.8465093374252,-3.));
#5003=CARTESIAN_POINT('',(-2.56286279170836,20.1238416433334,0.));
#5004=CARTESIAN_POINT('Ctrl Pts',(-2.91369573085631,20.8798633813858,0.));
#5005=CARTESIAN_POINT('Ctrl Pts',(-2.91369573085631,20.8798633813858,-3.));
#5006=CARTESIAN_POINT('Ctrl Pts',(-2.82706599680177,20.7562094445134,0.));
#5007=CARTESIAN_POINT('Ctrl Pts',(-2.82706599680177,20.7562094445134,-3.));
#5008=CARTESIAN_POINT('Ctrl Pts',(-2.66489707973702,20.524732051073,0.));
#5009=CARTESIAN_POINT('Ctrl Pts',(-2.66489707973702,20.524732051073,-3.));
#5010=CARTESIAN_POINT('Ctrl Pts',(-2.59528737780485,20.2512371080556,0.));
#5011=CARTESIAN_POINT('Ctrl Pts',(-2.59528737780485,20.2512371080556,-3.));
#5012=CARTESIAN_POINT('Ctrl Pts',(-2.56286279170836,20.1238416433334,0.));
#5013=CARTESIAN_POINT('Ctrl Pts',(-2.56286279170836,20.1238416433334,-3.));
#5014=CARTESIAN_POINT('',(-2.91369573085631,20.8798633813858,0.));
#5015=CARTESIAN_POINT('Ctrl Pts',(-2.56286279170836,20.1238416433334,0.));
#5016=CARTESIAN_POINT('Ctrl Pts',(-2.59528737780485,20.2512371080556,0.));
#5017=CARTESIAN_POINT('Ctrl Pts',(-2.66489707973702,20.524732051073,0.));
#5018=CARTESIAN_POINT('Ctrl Pts',(-2.82706599680177,20.7562094445134,0.));
#5019=CARTESIAN_POINT('Ctrl Pts',(-2.91369573085631,20.8798633813858,0.));
#5020=CARTESIAN_POINT('',(-2.91369573085631,20.8798633813858,-3.));
#5021=CARTESIAN_POINT('Ctrl Pts',(-2.91369573085631,20.8798633813858,-3.));
#5022=CARTESIAN_POINT('Ctrl Pts',(-2.82706599680177,20.7562094445134,-3.));
#5023=CARTESIAN_POINT('Ctrl Pts',(-2.66489707973702,20.524732051073,-3.));
#5024=CARTESIAN_POINT('Ctrl Pts',(-2.59528737780485,20.2512371080556,-3.));
#5025=CARTESIAN_POINT('Ctrl Pts',(-2.56286279170836,20.1238416433334,-3.));
#5026=CARTESIAN_POINT('',(-2.91369573085631,20.8798633813858,0.));
#5027=CARTESIAN_POINT('Ctrl Pts',(-3.68207112758483,21.4678810834885,0.));
#5028=CARTESIAN_POINT('Ctrl Pts',(-3.68207112758483,21.4678810834885,-3.));
#5029=CARTESIAN_POINT('Ctrl Pts',(-3.53169305854184,21.3944659590482,0.));
#5030=CARTESIAN_POINT('Ctrl Pts',(-3.53169305854184,21.3944659590482,-3.));
#5031=CARTESIAN_POINT('Ctrl Pts',(-3.23589630286364,21.2500568988351,0.));
#5032=CARTESIAN_POINT('Ctrl Pts',(-3.23589630286364,21.2500568988351,-3.));
#5033=CARTESIAN_POINT('Ctrl Pts',(-3.01988871396849,21.0018741950284,0.));
#5034=CARTESIAN_POINT('Ctrl Pts',(-3.01988871396849,21.0018741950284,-3.));
#5035=CARTESIAN_POINT('Ctrl Pts',(-2.91369573085631,20.8798633813858,0.));
#5036=CARTESIAN_POINT('Ctrl Pts',(-2.91369573085631,20.8798633813858,-3.));
#5037=CARTESIAN_POINT('',(-3.68207112758483,21.4678810834885,0.));
#5038=CARTESIAN_POINT('Ctrl Pts',(-2.91369573085631,20.8798633813858,0.));
#5039=CARTESIAN_POINT('Ctrl Pts',(-3.01988871396849,21.0018741950284,0.));
#5040=CARTESIAN_POINT('Ctrl Pts',(-3.23589630286364,21.2500568988351,0.));
#5041=CARTESIAN_POINT('Ctrl Pts',(-3.53169305854184,21.3944659590482,0.));
#5042=CARTESIAN_POINT('Ctrl Pts',(-3.68207112758483,21.4678810834885,0.));
#5043=CARTESIAN_POINT('',(-3.68207112758483,21.4678810834885,-3.));
#5044=CARTESIAN_POINT('Ctrl Pts',(-3.68207112758483,21.4678810834885,-3.));
#5045=CARTESIAN_POINT('Ctrl Pts',(-3.53169305854184,21.3944659590482,-3.));
#5046=CARTESIAN_POINT('Ctrl Pts',(-3.23589630286364,21.2500568988351,-3.));
#5047=CARTESIAN_POINT('Ctrl Pts',(-3.01988871396849,21.0018741950284,-3.));
#5048=CARTESIAN_POINT('Ctrl Pts',(-2.91369573085631,20.8798633813858,-3.));
#5049=CARTESIAN_POINT('',(-3.68207112758483,21.4678810834885,0.));
#5050=CARTESIAN_POINT('Ctrl Pts',(-4.80622188060607,21.6680048704147,0.));
#5051=CARTESIAN_POINT('Ctrl Pts',(-4.80622188060607,21.6680048704147,-3.));
#5052=CARTESIAN_POINT('Ctrl Pts',(-4.60273784883017,21.66176231197,0.));
#5053=CARTESIAN_POINT('Ctrl Pts',(-4.60273784883017,21.66176231197,-3.));
#5054=CARTESIAN_POINT('Ctrl Pts',(-4.21792168981864,21.6499567794074,0.));
#5055=CARTESIAN_POINT('Ctrl Pts',(-4.21792168981864,21.6499567794074,-3.));
#5056=CARTESIAN_POINT('Ctrl Pts',(-3.85369917043268,21.5261982665674,0.));
#5057=CARTESIAN_POINT('Ctrl Pts',(-3.85369917043268,21.5261982665674,-3.));
#5058=CARTESIAN_POINT('Ctrl Pts',(-3.68207112758483,21.4678810834885,0.));
#5059=CARTESIAN_POINT('Ctrl Pts',(-3.68207112758483,21.4678810834885,-3.));
#5060=CARTESIAN_POINT('',(-4.80622188060607,21.6680048704147,0.));
#5061=CARTESIAN_POINT('Ctrl Pts',(-3.68207112758483,21.4678810834885,0.));
#5062=CARTESIAN_POINT('Ctrl Pts',(-3.85369917043268,21.5261982665674,0.));
#5063=CARTESIAN_POINT('Ctrl Pts',(-4.21792168981864,21.6499567794074,0.));
#5064=CARTESIAN_POINT('Ctrl Pts',(-4.60273784883017,21.66176231197,0.));
#5065=CARTESIAN_POINT('Ctrl Pts',(-4.80622188060607,21.6680048704147,0.));
#5066=CARTESIAN_POINT('',(-4.80622188060607,21.6680048704147,-3.));
#5067=CARTESIAN_POINT('Ctrl Pts',(-4.80622188060607,21.6680048704147,-3.));
#5068=CARTESIAN_POINT('Ctrl Pts',(-4.60273784883017,21.66176231197,-3.));
#5069=CARTESIAN_POINT('Ctrl Pts',(-4.21792168981864,21.6499567794074,-3.));
#5070=CARTESIAN_POINT('Ctrl Pts',(-3.85369917043268,21.5261982665674,-3.));
#5071=CARTESIAN_POINT('Ctrl Pts',(-3.68207112758483,21.4678810834885,-3.));
#5072=CARTESIAN_POINT('',(-4.80622188060607,21.6680048704147,0.));
#5073=CARTESIAN_POINT('Ctrl Pts',(-6.07120171993102,21.4308212995529,0.));
#5074=CARTESIAN_POINT('Ctrl Pts',(-6.07120171993102,21.4308212995529,-3.));
#5075=CARTESIAN_POINT('Ctrl Pts',(-5.87626709933788,21.4999586917493,0.));
#5076=CARTESIAN_POINT('Ctrl Pts',(-5.87626709933788,21.4999586917493,-3.));
#5077=CARTESIAN_POINT('Ctrl Pts',(-5.46730736182173,21.6450042956505,0.));
#5078=CARTESIAN_POINT('Ctrl Pts',(-5.46730736182173,21.6450042956505,-3.));
#5079=CARTESIAN_POINT('Ctrl Pts',(-5.03333638652879,21.6601030720513,0.));
#5080=CARTESIAN_POINT('Ctrl Pts',(-5.03333638652879,21.6601030720513,-3.));
#5081=CARTESIAN_POINT('Ctrl Pts',(-4.80622188060607,21.6680048704147,0.));
#5082=CARTESIAN_POINT('Ctrl Pts',(-4.80622188060607,21.6680048704147,-3.));
#5083=CARTESIAN_POINT('',(-6.07120171993102,21.4308212995529,0.));
#5084=CARTESIAN_POINT('Ctrl Pts',(-4.80622188060607,21.6680048704147,0.));
#5085=CARTESIAN_POINT('Ctrl Pts',(-5.03333638652879,21.6601030720513,0.));
#5086=CARTESIAN_POINT('Ctrl Pts',(-5.46730736182173,21.6450042956505,0.));
#5087=CARTESIAN_POINT('Ctrl Pts',(-5.87626709933788,21.4999586917493,0.));
#5088=CARTESIAN_POINT('Ctrl Pts',(-6.07120171993102,21.4308212995529,0.));
#5089=CARTESIAN_POINT('',(-6.07120171993102,21.4308212995529,-3.));
#5090=CARTESIAN_POINT('Ctrl Pts',(-6.07120171993102,21.4308212995529,-3.));
#5091=CARTESIAN_POINT('Ctrl Pts',(-5.87626709933788,21.4999586917493,-3.));
#5092=CARTESIAN_POINT('Ctrl Pts',(-5.46730736182173,21.6450042956505,-3.));
#5093=CARTESIAN_POINT('Ctrl Pts',(-5.03333638652879,21.6601030720513,-3.));
#5094=CARTESIAN_POINT('Ctrl Pts',(-4.80622188060607,21.6680048704147,-3.));
#5095=CARTESIAN_POINT('',(-6.07120171993102,21.4308212995529,0.));
#5096=CARTESIAN_POINT('Ctrl Pts',(-6.89146176784361,20.813156247139,0.));
#5097=CARTESIAN_POINT('Ctrl Pts',(-6.89146176784361,20.813156247139,-3.));
#5098=CARTESIAN_POINT('Ctrl Pts',(-6.78407207473361,20.9362057537965,0.));
#5099=CARTESIAN_POINT('Ctrl Pts',(-6.78407207473361,20.9362057537965,-3.));
#5100=CARTESIAN_POINT('Ctrl Pts',(-6.55449623702603,21.1992588713939,0.));
#5101=CARTESIAN_POINT('Ctrl Pts',(-6.55449623702603,21.1992588713939,-3.));
#5102=CARTESIAN_POINT('Ctrl Pts',(-6.23907629626246,21.3503870236684,0.));
#5103=CARTESIAN_POINT('Ctrl Pts',(-6.23907629626246,21.3503870236684,-3.));
#5104=CARTESIAN_POINT('Ctrl Pts',(-6.07120171993102,21.4308212995529,0.));
#5105=CARTESIAN_POINT('Ctrl Pts',(-6.07120171993102,21.4308212995529,-3.));
#5106=CARTESIAN_POINT('',(-6.89146176784361,20.813156247139,0.));
#5107=CARTESIAN_POINT('Ctrl Pts',(-6.07120171993102,21.4308212995529,0.));
#5108=CARTESIAN_POINT('Ctrl Pts',(-6.23907629626246,21.3503870236684,0.));
#5109=CARTESIAN_POINT('Ctrl Pts',(-6.55449623702603,21.1992588713939,0.));
#5110=CARTESIAN_POINT('Ctrl Pts',(-6.78407207473361,20.9362057537965,0.));
#5111=CARTESIAN_POINT('Ctrl Pts',(-6.89146176784361,20.813156247139,0.));
#5112=CARTESIAN_POINT('',(-6.89146176784361,20.813156247139,-3.));
#5113=CARTESIAN_POINT('Ctrl Pts',(-6.89146176784361,20.813156247139,-3.));
#5114=CARTESIAN_POINT('Ctrl Pts',(-6.78407207473361,20.9362057537965,-3.));
#5115=CARTESIAN_POINT('Ctrl Pts',(-6.55449623702603,21.1992588713939,-3.));
#5116=CARTESIAN_POINT('Ctrl Pts',(-6.23907629626246,21.3503870236684,-3.));
#5117=CARTESIAN_POINT('Ctrl Pts',(-6.07120171993102,21.4308212995529,-3.));
#5118=CARTESIAN_POINT('',(-6.89146176784361,20.813156247139,0.));
#5119=CARTESIAN_POINT('Ctrl Pts',(-7.21264497249449,20.0101910829544,0.));
#5120=CARTESIAN_POINT('Ctrl Pts',(-7.21264497249449,20.0101910829544,-3.));
#5121=CARTESIAN_POINT('Ctrl Pts',(-7.18582966207569,20.1507626994493,0.));
#5122=CARTESIAN_POINT('Ctrl Pts',(-7.18582966207569,20.1507626994493,-3.));
#5123=CARTESIAN_POINT('Ctrl Pts',(-7.13083579541431,20.4390523598394,0.));
#5124=CARTESIAN_POINT('Ctrl Pts',(-7.13083579541431,20.4390523598394,-3.));
#5125=CARTESIAN_POINT('Ctrl Pts',(-6.97256093825858,20.6864110224506,0.));
#5126=CARTESIAN_POINT('Ctrl Pts',(-6.97256093825858,20.6864110224506,-3.));
#5127=CARTESIAN_POINT('Ctrl Pts',(-6.89146176784361,20.813156247139,0.));
#5128=CARTESIAN_POINT('Ctrl Pts',(-6.89146176784361,20.813156247139,-3.));
#5129=CARTESIAN_POINT('',(-7.21264497249449,20.0101910829544,0.));
#5130=CARTESIAN_POINT('Ctrl Pts',(-6.89146176784361,20.813156247139,0.));
#5131=CARTESIAN_POINT('Ctrl Pts',(-6.97256093825858,20.6864110224506,0.));
#5132=CARTESIAN_POINT('Ctrl Pts',(-7.13083579541431,20.4390523598394,0.));
#5133=CARTESIAN_POINT('Ctrl Pts',(-7.18582966207569,20.1507626994493,0.));
#5134=CARTESIAN_POINT('Ctrl Pts',(-7.21264497249449,20.0101910829544,0.));
#5135=CARTESIAN_POINT('',(-7.21264497249449,20.0101910829544,-3.));
#5136=CARTESIAN_POINT('Ctrl Pts',(-7.21264497249449,20.0101910829544,-3.));
#5137=CARTESIAN_POINT('Ctrl Pts',(-7.18582966207569,20.1507626994493,-3.));
#5138=CARTESIAN_POINT('Ctrl Pts',(-7.13083579541431,20.4390523598394,-3.));
#5139=CARTESIAN_POINT('Ctrl Pts',(-6.97256093825858,20.6864110224506,-3.));
#5140=CARTESIAN_POINT('Ctrl Pts',(-6.89146176784361,20.813156247139,-3.));
#5141=CARTESIAN_POINT('',(-7.21264497249449,20.0101910829544,0.));
#5142=CARTESIAN_POINT('Ctrl Pts',(-7.26205960719908,18.2337855100632,0.));
#5143=CARTESIAN_POINT('Ctrl Pts',(-7.26205960719908,18.2337855100632,-3.));
#5144=CARTESIAN_POINT('Ctrl Pts',(-7.26329662696889,18.6076536943765,0.));
#5145=CARTESIAN_POINT('Ctrl Pts',(-7.26329662696889,18.6076536943765,-3.));
#5146=CARTESIAN_POINT('Ctrl Pts',(-7.26525788747786,19.2004113231194,0.));
#5147=CARTESIAN_POINT('Ctrl Pts',(-7.26525788747786,19.2004113231194,-3.));
#5148=CARTESIAN_POINT('Ctrl Pts',(-7.22683391262769,19.7918052258505,0.));
#5149=CARTESIAN_POINT('Ctrl Pts',(-7.22683391262769,19.7918052258505,-3.));
#5150=CARTESIAN_POINT('Ctrl Pts',(-7.21264497249449,20.0101910829544,0.));
#5151=CARTESIAN_POINT('Ctrl Pts',(-7.21264497249449,20.0101910829544,-3.));
#5152=CARTESIAN_POINT('',(-7.26205960719908,18.2337855100632,0.));
#5153=CARTESIAN_POINT('Ctrl Pts',(-7.21264497249449,20.0101910829544,0.));
#5154=CARTESIAN_POINT('Ctrl Pts',(-7.22683391262769,19.7918052258505,0.));
#5155=CARTESIAN_POINT('Ctrl Pts',(-7.26525788747786,19.2004113231194,0.));
#5156=CARTESIAN_POINT('Ctrl Pts',(-7.26329662696889,18.6076536943765,0.));
#5157=CARTESIAN_POINT('Ctrl Pts',(-7.26205960719908,18.2337855100632,0.));
#5158=CARTESIAN_POINT('',(-7.26205960719908,18.2337855100632,-3.));
#5159=CARTESIAN_POINT('Ctrl Pts',(-7.26205960719908,18.2337855100632,-3.));
#5160=CARTESIAN_POINT('Ctrl Pts',(-7.26329662696889,18.6076536943765,-3.));
#5161=CARTESIAN_POINT('Ctrl Pts',(-7.26525788747786,19.2004113231194,-3.));
#5162=CARTESIAN_POINT('Ctrl Pts',(-7.22683391262769,19.7918052258505,-3.));
#5163=CARTESIAN_POINT('Ctrl Pts',(-7.21264497249449,20.0101910829544,-3.));
#5164=CARTESIAN_POINT('',(-7.26205960719908,18.2337855100632,0.));
#5165=CARTESIAN_POINT('Origin',(-7.26205960719908,13.4999989271164,0.));
#5166=CARTESIAN_POINT('',(-7.26205960719908,13.4999989271164,0.));
#5167=CARTESIAN_POINT('',(-7.26205960719908,23.4999994635582,0.));
#5168=CARTESIAN_POINT('',(-7.26205960719908,13.4999989271164,-3.));
#5169=CARTESIAN_POINT('',(-7.26205960719908,18.2337855100632,-3.));
#5170=CARTESIAN_POINT('',(-7.26205960719908,13.4999989271164,0.));
#5171=CARTESIAN_POINT('Origin',(-5.18176213710631,13.4999989271164,0.));
#5172=CARTESIAN_POINT('',(-5.18176213710631,13.4999989271164,0.));
#5173=CARTESIAN_POINT('',(-5.09088106855315,13.4999989271164,0.));
#5174=CARTESIAN_POINT('',(-5.18176213710631,13.4999989271164,-3.));
#5175=CARTESIAN_POINT('',(-7.26205960719908,13.4999989271164,-3.));
#5176=CARTESIAN_POINT('',(-5.18176213710631,13.4999989271164,0.));
#5177=CARTESIAN_POINT('Origin',(-5.18176213710631,19.4987641572952,0.));
#5178=CARTESIAN_POINT('',(-5.18176213710631,19.4987641572952,0.));
#5179=CARTESIAN_POINT('',(-5.18176213710631,26.4993820786476,0.));
#5180=CARTESIAN_POINT('',(-5.18176213710631,19.4987641572952,-3.));
#5181=CARTESIAN_POINT('',(-5.18176213710631,13.4999989271164,-3.));
#5182=CARTESIAN_POINT('',(-5.18176213710631,19.4987641572952,0.));
#5183=CARTESIAN_POINT('Ctrl Pts',(-5.12493745296324,20.1683132648468,0.));
#5184=CARTESIAN_POINT('Ctrl Pts',(-5.12493745296324,20.1683132648468,-3.));
#5185=CARTESIAN_POINT('Ctrl Pts',(-5.1412302304336,20.0884411218989,0.));
#5186=CARTESIAN_POINT('Ctrl Pts',(-5.1412302304336,20.0884411218989,-3.));
#5187=CARTESIAN_POINT('Ctrl Pts',(-5.18620049873359,19.867983210128,0.));
#5188=CARTESIAN_POINT('Ctrl Pts',(-5.18620049873359,19.867983210128,-3.));
#5189=CARTESIAN_POINT('Ctrl Pts',(-5.18349037807887,19.6425333109921,0.));
#5190=CARTESIAN_POINT('Ctrl Pts',(-5.18349037807887,19.6425333109921,-3.));
#5191=CARTESIAN_POINT('Ctrl Pts',(-5.18176213710631,19.4987641572952,0.));
#5192=CARTESIAN_POINT('Ctrl Pts',(-5.18176213710631,19.4987641572952,-3.));
#5193=CARTESIAN_POINT('',(-5.12493745296324,20.1683132648468,0.));
#5194=CARTESIAN_POINT('Ctrl Pts',(-5.18176213710631,19.4987641572952,0.));
#5195=CARTESIAN_POINT('Ctrl Pts',(-5.18349037807887,19.6425333109921,0.));
#5196=CARTESIAN_POINT('Ctrl Pts',(-5.18620049873359,19.867983210128,0.));
#5197=CARTESIAN_POINT('Ctrl Pts',(-5.1412302304336,20.0884411218989,0.));
#5198=CARTESIAN_POINT('Ctrl Pts',(-5.12493745296324,20.1683132648468,0.));
#5199=CARTESIAN_POINT('',(-5.12493745296324,20.1683132648468,-3.));
#5200=CARTESIAN_POINT('Ctrl Pts',(-5.12493745296324,20.1683132648468,-3.));
#5201=CARTESIAN_POINT('Ctrl Pts',(-5.1412302304336,20.0884411218989,-3.));
#5202=CARTESIAN_POINT('Ctrl Pts',(-5.18620049873359,19.867983210128,-3.));
#5203=CARTESIAN_POINT('Ctrl Pts',(-5.18349037807887,19.6425333109921,-3.));
#5204=CARTESIAN_POINT('Ctrl Pts',(-5.18176213710631,19.4987641572952,-3.));
#5205=CARTESIAN_POINT('',(-5.12493745296324,20.1683132648468,0.));
#5206=CARTESIAN_POINT('Ctrl Pts',(-4.89516631572569,20.3140823841095,0.));
#5207=CARTESIAN_POINT('Ctrl Pts',(-4.89516631572569,20.3140823841095,-3.));
#5208=CARTESIAN_POINT('Ctrl Pts',(-4.94763370301375,20.3088480769978,0.));
#5209=CARTESIAN_POINT('Ctrl Pts',(-4.94763370301375,20.3088480769978,-3.));
#5210=CARTESIAN_POINT('Ctrl Pts',(-5.04922858922246,20.2987126602584,0.));
#5211=CARTESIAN_POINT('Ctrl Pts',(-5.04922858922246,20.2987126602584,-3.));
#5212=CARTESIAN_POINT('Ctrl Pts',(-5.10026038114995,20.2108165476328,0.));
#5213=CARTESIAN_POINT('Ctrl Pts',(-5.10026038114995,20.2108165476328,-3.));
#5214=CARTESIAN_POINT('Ctrl Pts',(-5.12493745296324,20.1683132648468,0.));
#5215=CARTESIAN_POINT('Ctrl Pts',(-5.12493745296324,20.1683132648468,-3.));
#5216=CARTESIAN_POINT('',(-4.89516631572569,20.3140823841095,0.));
#5217=CARTESIAN_POINT('Ctrl Pts',(-5.12493745296324,20.1683132648468,0.));
#5218=CARTESIAN_POINT('Ctrl Pts',(-5.10026038114995,20.2108165476328,0.));
#5219=CARTESIAN_POINT('Ctrl Pts',(-5.04922858922246,20.2987126602584,0.));
#5220=CARTESIAN_POINT('Ctrl Pts',(-4.94763370301375,20.3088480769978,0.));
#5221=CARTESIAN_POINT('Ctrl Pts',(-4.89516631572569,20.3140823841095,0.));
#5222=CARTESIAN_POINT('',(-4.89516631572569,20.3140823841095,-3.));
#5223=CARTESIAN_POINT('Ctrl Pts',(-4.89516631572569,20.3140823841095,-3.));
#5224=CARTESIAN_POINT('Ctrl Pts',(-4.94763370301375,20.3088480769978,-3.));
#5225=CARTESIAN_POINT('Ctrl Pts',(-5.04922858922246,20.2987126602584,-3.));
#5226=CARTESIAN_POINT('Ctrl Pts',(-5.10026038114995,20.2108165476328,-3.));
#5227=CARTESIAN_POINT('Ctrl Pts',(-5.12493745296324,20.1683132648468,-3.));
#5228=CARTESIAN_POINT('',(-4.89516631572569,20.3140823841095,0.));
#5229=CARTESIAN_POINT('Ctrl Pts',(-4.64068786113585,20.1534889936447,0.));
#5230=CARTESIAN_POINT('Ctrl Pts',(-4.64068786113585,20.1534889936447,-3.));
#5231=CARTESIAN_POINT('Ctrl Pts',(-4.66699855843916,20.2002978351012,0.));
#5232=CARTESIAN_POINT('Ctrl Pts',(-4.66699855843916,20.2002978351012,-3.));
#5233=CARTESIAN_POINT('Ctrl Pts',(-4.72235418454876,20.2987799352302,0.));
#5234=CARTESIAN_POINT('Ctrl Pts',(-4.72235418454876,20.2987799352302,-3.));
#5235=CARTESIAN_POINT('Ctrl Pts',(-4.83569613745614,20.3088163223081,0.));
#5236=CARTESIAN_POINT('Ctrl Pts',(-4.83569613745614,20.3088163223081,-3.));
#5237=CARTESIAN_POINT('Ctrl Pts',(-4.89516631572569,20.3140823841095,0.));
#5238=CARTESIAN_POINT('Ctrl Pts',(-4.89516631572569,20.3140823841095,-3.));
#5239=CARTESIAN_POINT('',(-4.64068786113585,20.1534889936447,0.));
#5240=CARTESIAN_POINT('Ctrl Pts',(-4.89516631572569,20.3140823841095,0.));
#5241=CARTESIAN_POINT('Ctrl Pts',(-4.83569613745614,20.3088163223081,0.));
#5242=CARTESIAN_POINT('Ctrl Pts',(-4.72235418454876,20.2987799352302,0.));
#5243=CARTESIAN_POINT('Ctrl Pts',(-4.66699855843916,20.2002978351012,0.));
#5244=CARTESIAN_POINT('Ctrl Pts',(-4.64068786113585,20.1534889936447,0.));
#5245=CARTESIAN_POINT('',(-4.64068786113585,20.1534889936447,-3.));
#5246=CARTESIAN_POINT('Ctrl Pts',(-4.64068786113585,20.1534889936447,-3.));
#5247=CARTESIAN_POINT('Ctrl Pts',(-4.66699855843916,20.2002978351012,-3.));
#5248=CARTESIAN_POINT('Ctrl Pts',(-4.72235418454876,20.2987799352302,-3.));
#5249=CARTESIAN_POINT('Ctrl Pts',(-4.83569613745614,20.3088163223081,-3.));
#5250=CARTESIAN_POINT('Ctrl Pts',(-4.89516631572569,20.3140823841095,-3.));
#5251=CARTESIAN_POINT('',(-4.64068786113585,20.1534889936447,0.));
#5252=CARTESIAN_POINT('Ctrl Pts',(-4.58386317699278,19.39499604702,0.));
#5253=CARTESIAN_POINT('Ctrl Pts',(-4.58386317699278,19.39499604702,-3.));
#5254=CARTESIAN_POINT('Ctrl Pts',(-4.58196881927409,19.5584710928052,0.));
#5255=CARTESIAN_POINT('Ctrl Pts',(-4.58196881927409,19.5584710928052,-3.));
#5256=CARTESIAN_POINT('Ctrl Pts',(-4.57901537841088,19.8133405272179,0.));
#5257=CARTESIAN_POINT('Ctrl Pts',(-4.57901537841088,19.8133405272179,-3.));
#5258=CARTESIAN_POINT('Ctrl Pts',(-4.62440975618022,20.0637087190012,0.));
#5259=CARTESIAN_POINT('Ctrl Pts',(-4.62440975618022,20.0637087190012,-3.));
#5260=CARTESIAN_POINT('Ctrl Pts',(-4.64068786113585,20.1534889936447,0.));
#5261=CARTESIAN_POINT('Ctrl Pts',(-4.64068786113585,20.1534889936447,-3.));
#5262=CARTESIAN_POINT('',(-4.58386317699278,19.39499604702,0.));
#5263=CARTESIAN_POINT('Ctrl Pts',(-4.64068786113585,20.1534889936447,0.));
#5264=CARTESIAN_POINT('Ctrl Pts',(-4.62440975618022,20.0637087190012,0.));
#5265=CARTESIAN_POINT('Ctrl Pts',(-4.57901537841088,19.8133405272179,0.));
#5266=CARTESIAN_POINT('Ctrl Pts',(-4.58196881927409,19.5584710928052,0.));
#5267=CARTESIAN_POINT('Ctrl Pts',(-4.58386317699278,19.39499604702,0.));
#5268=CARTESIAN_POINT('',(-4.58386317699278,19.39499604702,-3.));
#5269=CARTESIAN_POINT('Ctrl Pts',(-4.58386317699278,19.39499604702,-3.));
#5270=CARTESIAN_POINT('Ctrl Pts',(-4.58196881927409,19.5584710928052,-3.));
#5271=CARTESIAN_POINT('Ctrl Pts',(-4.57901537841088,19.8133405272179,-3.));
#5272=CARTESIAN_POINT('Ctrl Pts',(-4.62440975618022,20.0637087190012,-3.));
#5273=CARTESIAN_POINT('Ctrl Pts',(-4.64068786113585,20.1534889936447,-3.));
#5274=CARTESIAN_POINT('',(-4.58386317699278,19.39499604702,0.));
#5275=CARTESIAN_POINT('Origin',(-4.58386317699278,13.4999989271164,0.));
#5276=CARTESIAN_POINT('',(-4.58386317699278,13.4999989271164,0.));
#5277=CARTESIAN_POINT('',(-4.58386317699278,23.4999994635582,0.));
#5278=CARTESIAN_POINT('',(-4.58386317699278,13.4999989271164,-3.));
#5279=CARTESIAN_POINT('',(-4.58386317699278,19.39499604702,-3.));
#5280=CARTESIAN_POINT('',(-4.58386317699278,13.4999989271164,0.));
#5281=CARTESIAN_POINT('Origin',(-2.50356570690001,13.4999989271164,0.));
#5282=CARTESIAN_POINT('',(-3.75178285345001,13.4999989271164,0.));
#5283=CARTESIAN_POINT('',(-4.58386317699278,13.4999989271164,-3.));
#5284=CARTESIAN_POINT('Origin',(3.3420197585312,17.4999995827675,-3.));
#5285=CARTESIAN_POINT('Origin',(24.1400419095245,16.6476212739944,0.));
#5286=CARTESIAN_POINT('',(24.1400419095245,14.8687450885773,0.));
#5287=CARTESIAN_POINT('',(24.1400419095245,16.6476212739944,0.));
#5288=CARTESIAN_POINT('',(24.1400419095245,25.0738106369972,0.));
#5289=CARTESIAN_POINT('',(24.1400419095245,14.8687450885773,-3.));
#5290=CARTESIAN_POINT('',(24.1400419095245,14.8687450885773,0.));
#5291=CARTESIAN_POINT('',(24.1400419095245,16.6476212739944,-3.));
#5292=CARTESIAN_POINT('',(24.1400419095245,14.8687450885773,-3.));
#5293=CARTESIAN_POINT('',(24.1400419095245,16.6476212739944,0.));
#5294=CARTESIAN_POINT('Ctrl Pts',(24.3475805142609,16.6426800489426,0.));
#5295=CARTESIAN_POINT('Ctrl Pts',(24.3475805142609,16.6426800489426,-3.));
#5296=CARTESIAN_POINT('Ctrl Pts',(24.3179282917545,16.6429814673213,0.));
#5297=CARTESIAN_POINT('Ctrl Pts',(24.3179282917545,16.6429814673213,-3.));
#5298=CARTESIAN_POINT('Ctrl Pts',(24.2487274619315,16.6436849020107,0.));
#5299=CARTESIAN_POINT('Ctrl Pts',(24.2487274619315,16.6436849020107,-3.));
#5300=CARTESIAN_POINT('Ctrl Pts',(24.1795672840569,16.6461897444718,0.));
#5301=CARTESIAN_POINT('Ctrl Pts',(24.1795672840569,16.6461897444718,-3.));
#5302=CARTESIAN_POINT('Ctrl Pts',(24.1400419095245,16.6476212739944,0.));
#5303=CARTESIAN_POINT('Ctrl Pts',(24.1400419095245,16.6476212739944,-3.));
#5304=CARTESIAN_POINT('',(24.3475805142609,16.6426800489426,0.));
#5305=CARTESIAN_POINT('Ctrl Pts',(24.1400419095245,16.6476212739944,0.));
#5306=CARTESIAN_POINT('Ctrl Pts',(24.1795672840569,16.6461897444718,0.));
#5307=CARTESIAN_POINT('Ctrl Pts',(24.2487274619315,16.6436849020107,0.));
#5308=CARTESIAN_POINT('Ctrl Pts',(24.3179282917545,16.6429814673213,0.));
#5309=CARTESIAN_POINT('Ctrl Pts',(24.3475805142609,16.6426800489426,0.));
#5310=CARTESIAN_POINT('',(24.3475805142609,16.6426800489426,-3.));
#5311=CARTESIAN_POINT('Ctrl Pts',(24.3475805142609,16.6426800489426,-3.));
#5312=CARTESIAN_POINT('Ctrl Pts',(24.3179282917545,16.6429814673213,-3.));
#5313=CARTESIAN_POINT('Ctrl Pts',(24.2487274619315,16.6436849020107,-3.));
#5314=CARTESIAN_POINT('Ctrl Pts',(24.1795672840569,16.6461897444718,-3.));
#5315=CARTESIAN_POINT('Ctrl Pts',(24.1400419095245,16.6476212739944,-3.));
#5316=CARTESIAN_POINT('',(24.3475805142609,16.6426800489426,0.));
#5317=CARTESIAN_POINT('Ctrl Pts',(24.7379480221954,16.491969704628,0.));
#5318=CARTESIAN_POINT('Ctrl Pts',(24.7379480221954,16.491969704628,-3.));
#5319=CARTESIAN_POINT('Ctrl Pts',(24.6940447911063,16.5356142654336,0.));
#5320=CARTESIAN_POINT('Ctrl Pts',(24.6940447911063,16.5356142654336,-3.));
#5321=CARTESIAN_POINT('Ctrl Pts',(24.5881585001326,16.6408766925999,0.));
#5322=CARTESIAN_POINT('Ctrl Pts',(24.5881585001326,16.6408766925999,-3.));
#5323=CARTESIAN_POINT('Ctrl Pts',(24.4364100690841,16.6420141885958,0.));
#5324=CARTESIAN_POINT('Ctrl Pts',(24.4364100690841,16.6420141885958,-3.));
#5325=CARTESIAN_POINT('Ctrl Pts',(24.3475805142609,16.6426800489426,0.));
#5326=CARTESIAN_POINT('Ctrl Pts',(24.3475805142609,16.6426800489426,-3.));
#5327=CARTESIAN_POINT('',(24.7379480221954,16.491969704628,0.));
#5328=CARTESIAN_POINT('Ctrl Pts',(24.3475805142609,16.6426800489426,0.));
#5329=CARTESIAN_POINT('Ctrl Pts',(24.4364100690841,16.6420141885958,0.));
#5330=CARTESIAN_POINT('Ctrl Pts',(24.5881585001326,16.6408766925999,0.));
#5331=CARTESIAN_POINT('Ctrl Pts',(24.6940447911063,16.5356142654336,0.));
#5332=CARTESIAN_POINT('Ctrl Pts',(24.7379480221954,16.491969704628,0.));
#5333=CARTESIAN_POINT('',(24.7379480221954,16.491969704628,-3.));
#5334=CARTESIAN_POINT('Ctrl Pts',(24.7379480221954,16.491969704628,-3.));
#5335=CARTESIAN_POINT('Ctrl Pts',(24.6940447911063,16.5356142654336,-3.));
#5336=CARTESIAN_POINT('Ctrl Pts',(24.5881585001326,16.6408766925999,-3.));
#5337=CARTESIAN_POINT('Ctrl Pts',(24.4364100690841,16.6420141885958,-3.));
#5338=CARTESIAN_POINT('Ctrl Pts',(24.3475805142609,16.6426800489426,-3.));
#5339=CARTESIAN_POINT('',(24.7379480221954,16.491969704628,0.));
#5340=CARTESIAN_POINT('Ctrl Pts',(24.8219476559845,15.629708647728,0.));
#5341=CARTESIAN_POINT('Ctrl Pts',(24.8219476559845,15.629708647728,-3.));
#5342=CARTESIAN_POINT('Ctrl Pts',(24.8259084475503,15.821532691923,0.));
#5343=CARTESIAN_POINT('Ctrl Pts',(24.8259084475503,15.821532691923,-3.));
#5344=CARTESIAN_POINT('Ctrl Pts',(24.8319313889704,16.1132281679325,0.));
#5345=CARTESIAN_POINT('Ctrl Pts',(24.8319313889704,16.1132281679325,-3.));
#5346=CARTESIAN_POINT('Ctrl Pts',(24.7619190300079,16.395369458791,0.));
#5347=CARTESIAN_POINT('Ctrl Pts',(24.7619190300079,16.395369458791,-3.));
#5348=CARTESIAN_POINT('Ctrl Pts',(24.7379480221954,16.491969704628,0.));
#5349=CARTESIAN_POINT('Ctrl Pts',(24.7379480221954,16.491969704628,-3.));
#5350=CARTESIAN_POINT('',(24.8219476559845,15.629708647728,0.));
#5351=CARTESIAN_POINT('Ctrl Pts',(24.7379480221954,16.491969704628,0.));
#5352=CARTESIAN_POINT('Ctrl Pts',(24.7619190300079,16.395369458791,0.));
#5353=CARTESIAN_POINT('Ctrl Pts',(24.8319313889704,16.1132281679325,0.));
#5354=CARTESIAN_POINT('Ctrl Pts',(24.8259084475503,15.821532691923,0.));
#5355=CARTESIAN_POINT('Ctrl Pts',(24.8219476559845,15.629708647728,0.));
#5356=CARTESIAN_POINT('',(24.8219476559845,15.629708647728,-3.));
#5357=CARTESIAN_POINT('Ctrl Pts',(24.8219476559845,15.629708647728,-3.));
#5358=CARTESIAN_POINT('Ctrl Pts',(24.8259084475503,15.821532691923,-3.));
#5359=CARTESIAN_POINT('Ctrl Pts',(24.8319313889704,16.1132281679325,-3.));
#5360=CARTESIAN_POINT('Ctrl Pts',(24.7619190300079,16.395369458791,-3.));
#5361=CARTESIAN_POINT('Ctrl Pts',(24.7379480221954,16.491969704628,-3.));
#5362=CARTESIAN_POINT('',(24.8219476559845,15.629708647728,0.));
#5363=CARTESIAN_POINT('Ctrl Pts',(24.7527681210724,15.1034580469131,0.));
#5364=CARTESIAN_POINT('Ctrl Pts',(24.7527681210724,15.1034580469131,-3.));
#5365=CARTESIAN_POINT('Ctrl Pts',(24.7727538082166,15.1720242667716,0.));
#5366=CARTESIAN_POINT('Ctrl Pts',(24.7727538082166,15.1720242667716,-3.));
#5367=CARTESIAN_POINT('Ctrl Pts',(24.8227007147258,15.3433804252186,0.));
#5368=CARTESIAN_POINT('Ctrl Pts',(24.8227007147258,15.3433804252186,-3.));
#5369=CARTESIAN_POINT('Ctrl Pts',(24.8222300122267,15.5223510718727,0.));
#5370=CARTESIAN_POINT('Ctrl Pts',(24.8222300122267,15.5223510718727,-3.));
#5371=CARTESIAN_POINT('Ctrl Pts',(24.8219476559845,15.629708647728,0.));
#5372=CARTESIAN_POINT('Ctrl Pts',(24.8219476559845,15.629708647728,-3.));
#5373=CARTESIAN_POINT('',(24.7527681210724,15.1034580469131,0.));
#5374=CARTESIAN_POINT('Ctrl Pts',(24.8219476559845,15.629708647728,0.));
#5375=CARTESIAN_POINT('Ctrl Pts',(24.8222300122267,15.5223510718727,0.));
#5376=CARTESIAN_POINT('Ctrl Pts',(24.8227007147258,15.3433804252186,0.));
#5377=CARTESIAN_POINT('Ctrl Pts',(24.7727538082166,15.1720242667716,0.));
#5378=CARTESIAN_POINT('Ctrl Pts',(24.7527681210724,15.1034580469131,0.));
#5379=CARTESIAN_POINT('',(24.7527681210724,15.1034580469131,-3.));
#5380=CARTESIAN_POINT('Ctrl Pts',(24.7527681210724,15.1034580469131,-3.));
#5381=CARTESIAN_POINT('Ctrl Pts',(24.7727538082166,15.1720242667716,-3.));
#5382=CARTESIAN_POINT('Ctrl Pts',(24.8227007147258,15.3433804252186,-3.));
#5383=CARTESIAN_POINT('Ctrl Pts',(24.8222300122267,15.5223510718727,-3.));
#5384=CARTESIAN_POINT('Ctrl Pts',(24.8219476559845,15.629708647728,-3.));
#5385=CARTESIAN_POINT('',(24.7527681210724,15.1034580469131,0.));
#5386=CARTESIAN_POINT('Ctrl Pts',(24.5724092343536,14.9132173061371,0.));
#5387=CARTESIAN_POINT('Ctrl Pts',(24.5724092343536,14.9132173061371,-3.));
#5388=CARTESIAN_POINT('Ctrl Pts',(24.6085939884553,14.933071299968,0.));
#5389=CARTESIAN_POINT('Ctrl Pts',(24.6085939884553,14.933071299968,-3.));
#5390=CARTESIAN_POINT('Ctrl Pts',(24.68854202467,14.9769375043188,0.));
#5391=CARTESIAN_POINT('Ctrl Pts',(24.68854202467,14.9769375043188,-3.));
#5392=CARTESIAN_POINT('Ctrl Pts',(24.730047930116,15.0587009925587,0.));
#5393=CARTESIAN_POINT('Ctrl Pts',(24.730047930116,15.0587009925587,-3.));
#5394=CARTESIAN_POINT('Ctrl Pts',(24.7527681210724,15.1034580469131,0.));
#5395=CARTESIAN_POINT('Ctrl Pts',(24.7527681210724,15.1034580469131,-3.));
#5396=CARTESIAN_POINT('',(24.5724092343536,14.9132173061371,0.));
#5397=CARTESIAN_POINT('Ctrl Pts',(24.7527681210724,15.1034580469131,0.));
#5398=CARTESIAN_POINT('Ctrl Pts',(24.730047930116,15.0587009925587,0.));
#5399=CARTESIAN_POINT('Ctrl Pts',(24.68854202467,14.9769375043188,0.));
#5400=CARTESIAN_POINT('Ctrl Pts',(24.6085939884553,14.933071299968,0.));
#5401=CARTESIAN_POINT('Ctrl Pts',(24.5724092343536,14.9132173061371,0.));
#5402=CARTESIAN_POINT('',(24.5724092343536,14.9132173061371,-3.));
#5403=CARTESIAN_POINT('Ctrl Pts',(24.5724092343536,14.9132173061371,-3.));
#5404=CARTESIAN_POINT('Ctrl Pts',(24.6085939884553,14.933071299968,-3.));
#5405=CARTESIAN_POINT('Ctrl Pts',(24.68854202467,14.9769375043188,-3.));
#5406=CARTESIAN_POINT('Ctrl Pts',(24.730047930116,15.0587009925587,-3.));
#5407=CARTESIAN_POINT('Ctrl Pts',(24.7527681210724,15.1034580469131,-3.));
#5408=CARTESIAN_POINT('',(24.5724092343536,14.9132173061371,0.));
#5409=CARTESIAN_POINT('Ctrl Pts',(24.1400419095245,14.8687450885773,0.));
#5410=CARTESIAN_POINT('Ctrl Pts',(24.1400419095245,14.8687450885773,-3.));
#5411=CARTESIAN_POINT('Ctrl Pts',(24.2300494660473,14.8695388055715,0.));
#5412=CARTESIAN_POINT('Ctrl Pts',(24.2300494660473,14.8695388055715,-3.));
#5413=CARTESIAN_POINT('Ctrl Pts',(24.3757839752209,14.8708239416317,0.));
#5414=CARTESIAN_POINT('Ctrl Pts',(24.3757839752209,14.8708239416317,-3.));
#5415=CARTESIAN_POINT('Ctrl Pts',(24.5180200404779,14.9014907307658,0.));
#5416=CARTESIAN_POINT('Ctrl Pts',(24.5180200404779,14.9014907307658,-3.));
#5417=CARTESIAN_POINT('Ctrl Pts',(24.5724092343536,14.9132173061371,0.));
#5418=CARTESIAN_POINT('Ctrl Pts',(24.5724092343536,14.9132173061371,-3.));
#5419=CARTESIAN_POINT('Ctrl Pts',(24.5724092343536,14.9132173061371,0.));
#5420=CARTESIAN_POINT('Ctrl Pts',(24.5180200404779,14.9014907307658,0.));
#5421=CARTESIAN_POINT('Ctrl Pts',(24.3757839752209,14.8708239416317,0.));
#5422=CARTESIAN_POINT('Ctrl Pts',(24.2300494660473,14.8695388055715,0.));
#5423=CARTESIAN_POINT('Ctrl Pts',(24.1400419095245,14.8687450885773,0.));
#5424=CARTESIAN_POINT('Ctrl Pts',(24.1400419095245,14.8687450885773,-3.));
#5425=CARTESIAN_POINT('Ctrl Pts',(24.2300494660473,14.8695388055715,-3.));
#5426=CARTESIAN_POINT('Ctrl Pts',(24.3757839752209,14.8708239416317,-3.));
#5427=CARTESIAN_POINT('Ctrl Pts',(24.5180200404779,14.9014907307658,-3.));
#5428=CARTESIAN_POINT('Ctrl Pts',(24.5724092343536,14.9132173061371,-3.));
#5429=CARTESIAN_POINT('Origin',(24.1400419095245,20.1312534809113,0.));
#5430=CARTESIAN_POINT('',(24.1400419095245,17.8928344249725,0.));
#5431=CARTESIAN_POINT('',(24.1400419095245,20.1312534809113,0.));
#5432=CARTESIAN_POINT('',(24.1400419095245,26.8156267404556,0.));
#5433=CARTESIAN_POINT('',(24.1400419095245,17.8928344249725,-3.));
#5434=CARTESIAN_POINT('',(24.1400419095245,17.8928344249725,0.));
#5435=CARTESIAN_POINT('',(24.1400419095245,20.1312534809113,-3.));
#5436=CARTESIAN_POINT('',(24.1400419095245,17.8928344249725,-3.));
#5437=CARTESIAN_POINT('',(24.1400419095245,20.1312534809113,0.));
#5438=CARTESIAN_POINT('Ctrl Pts',(24.7008787015167,19.9928961992264,0.));
#5439=CARTESIAN_POINT('Ctrl Pts',(24.7008787015167,19.9928961992264,-3.));
#5440=CARTESIAN_POINT('Ctrl Pts',(24.635261220263,20.0294892832263,0.));
#5441=CARTESIAN_POINT('Ctrl Pts',(24.635261220263,20.0294892832263,-3.));
#5442=CARTESIAN_POINT('Ctrl Pts',(24.462807427834,20.1256620712072,0.));
#5443=CARTESIAN_POINT('Ctrl Pts',(24.462807427834,20.1256620712072,-3.));
#5444=CARTESIAN_POINT('Ctrl Pts',(24.2635087882494,20.129114609611,0.));
#5445=CARTESIAN_POINT('Ctrl Pts',(24.2635087882494,20.129114609611,-3.));
#5446=CARTESIAN_POINT('Ctrl Pts',(24.1400419095245,20.1312534809113,0.));
#5447=CARTESIAN_POINT('Ctrl Pts',(24.1400419095245,20.1312534809113,-3.));
#5448=CARTESIAN_POINT('',(24.7008787015167,19.9928961992264,0.));
#5449=CARTESIAN_POINT('Ctrl Pts',(24.1400419095245,20.1312534809113,0.));
#5450=CARTESIAN_POINT('Ctrl Pts',(24.2635087882494,20.129114609611,0.));
#5451=CARTESIAN_POINT('Ctrl Pts',(24.462807427834,20.1256620712072,0.));
#5452=CARTESIAN_POINT('Ctrl Pts',(24.635261220263,20.0294892832263,0.));
#5453=CARTESIAN_POINT('Ctrl Pts',(24.7008787015167,19.9928961992264,0.));
#5454=CARTESIAN_POINT('',(24.7008787015167,19.9928961992264,-3.));
#5455=CARTESIAN_POINT('Ctrl Pts',(24.7008787015167,19.9928961992264,-3.));
#5456=CARTESIAN_POINT('Ctrl Pts',(24.635261220263,20.0294892832263,-3.));
#5457=CARTESIAN_POINT('Ctrl Pts',(24.462807427834,20.1256620712072,-3.));
#5458=CARTESIAN_POINT('Ctrl Pts',(24.2635087882494,20.129114609611,-3.));
#5459=CARTESIAN_POINT('Ctrl Pts',(24.1400419095245,20.1312534809113,-3.));
#5460=CARTESIAN_POINT('',(24.7008787015167,19.9928961992264,0.));
#5461=CARTESIAN_POINT('Ctrl Pts',(24.8219476559845,19.3851135969162,0.));
#5462=CARTESIAN_POINT('Ctrl Pts',(24.8219476559845,19.3851135969162,-3.));
#5463=CARTESIAN_POINT('Ctrl Pts',(24.8249082617365,19.5196527187442,0.));
#5464=CARTESIAN_POINT('Ctrl Pts',(24.8249082617365,19.5196527187442,-3.));
#5465=CARTESIAN_POINT('Ctrl Pts',(24.8296082635507,19.7332354006843,0.));
#5466=CARTESIAN_POINT('Ctrl Pts',(24.8296082635507,19.7332354006843,-3.));
#5467=CARTESIAN_POINT('Ctrl Pts',(24.7356508490981,19.9227571925728,0.));
#5468=CARTESIAN_POINT('Ctrl Pts',(24.7356508490981,19.9227571925728,-3.));
#5469=CARTESIAN_POINT('Ctrl Pts',(24.7008787015167,19.9928961992264,0.));
#5470=CARTESIAN_POINT('Ctrl Pts',(24.7008787015167,19.9928961992264,-3.));
#5471=CARTESIAN_POINT('',(24.8219476559845,19.3851135969162,0.));
#5472=CARTESIAN_POINT('Ctrl Pts',(24.7008787015167,19.9928961992264,0.));
#5473=CARTESIAN_POINT('Ctrl Pts',(24.7356508490981,19.9227571925728,0.));
#5474=CARTESIAN_POINT('Ctrl Pts',(24.8296082635507,19.7332354006843,0.));
#5475=CARTESIAN_POINT('Ctrl Pts',(24.8249082617365,19.5196527187442,0.));
#5476=CARTESIAN_POINT('Ctrl Pts',(24.8219476559845,19.3851135969162,0.));
#5477=CARTESIAN_POINT('',(24.8219476559845,19.3851135969162,-3.));
#5478=CARTESIAN_POINT('Ctrl Pts',(24.8219476559845,19.3851135969162,-3.));
#5479=CARTESIAN_POINT('Ctrl Pts',(24.8249082617365,19.5196527187442,-3.));
#5480=CARTESIAN_POINT('Ctrl Pts',(24.8296082635507,19.7332354006843,-3.));
#5481=CARTESIAN_POINT('Ctrl Pts',(24.7356508490981,19.9227571925728,-3.));
#5482=CARTESIAN_POINT('Ctrl Pts',(24.7008787015167,19.9928961992264,-3.));
#5483=CARTESIAN_POINT('',(24.8219476559845,19.3851135969162,0.));
#5484=CARTESIAN_POINT('Origin',(24.8219476559845,18.6389743089676,0.));
#5485=CARTESIAN_POINT('',(24.8219476559845,18.6389743089676,0.));
#5486=CARTESIAN_POINT('',(24.8219476559845,26.0694871544838,0.));
#5487=CARTESIAN_POINT('',(24.8219476559845,18.6389743089676,-3.));
#5488=CARTESIAN_POINT('',(24.8219476559845,19.3851135969162,-3.));
#5489=CARTESIAN_POINT('',(24.8219476559845,18.6389743089676,0.));
#5490=CARTESIAN_POINT('Ctrl Pts',(24.7132383206574,18.0163674354553,0.));
#5491=CARTESIAN_POINT('Ctrl Pts',(24.7132383206574,18.0163674354553,-3.));
#5492=CARTESIAN_POINT('Ctrl Pts',(24.7443366772217,18.0855005600126,0.));
#5493=CARTESIAN_POINT('Ctrl Pts',(24.7443366772217,18.0855005600126,-3.));
#5494=CARTESIAN_POINT('Ctrl Pts',(24.832515939022,18.2815272496161,0.));
#5495=CARTESIAN_POINT('Ctrl Pts',(24.832515939022,18.2815272496161,-3.));
#5496=CARTESIAN_POINT('Ctrl Pts',(24.826100529927,18.4985132167218,0.));
#5497=CARTESIAN_POINT('Ctrl Pts',(24.826100529927,18.4985132167218,-3.));
#5498=CARTESIAN_POINT('Ctrl Pts',(24.8219476559845,18.6389743089676,0.));
#5499=CARTESIAN_POINT('Ctrl Pts',(24.8219476559845,18.6389743089676,-3.));
#5500=CARTESIAN_POINT('',(24.7132383206574,18.0163674354553,0.));
#5501=CARTESIAN_POINT('Ctrl Pts',(24.8219476559845,18.6389743089676,0.));
#5502=CARTESIAN_POINT('Ctrl Pts',(24.826100529927,18.4985132167218,0.));
#5503=CARTESIAN_POINT('Ctrl Pts',(24.832515939022,18.2815272496161,0.));
#5504=CARTESIAN_POINT('Ctrl Pts',(24.7443366772217,18.0855005600126,0.));
#5505=CARTESIAN_POINT('Ctrl Pts',(24.7132383206574,18.0163674354553,0.));
#5506=CARTESIAN_POINT('',(24.7132383206574,18.0163674354553,-3.));
#5507=CARTESIAN_POINT('Ctrl Pts',(24.7132383206574,18.0163674354553,-3.));
#5508=CARTESIAN_POINT('Ctrl Pts',(24.7443366772217,18.0855005600126,-3.));
#5509=CARTESIAN_POINT('Ctrl Pts',(24.832515939022,18.2815272496161,-3.));
#5510=CARTESIAN_POINT('Ctrl Pts',(24.826100529927,18.4985132167218,-3.));
#5511=CARTESIAN_POINT('Ctrl Pts',(24.8219476559845,18.6389743089676,-3.));
#5512=CARTESIAN_POINT('',(24.7132383206574,18.0163674354553,0.));
#5513=CARTESIAN_POINT('Ctrl Pts',(24.1400419095245,17.8928344249725,0.));
#5514=CARTESIAN_POINT('Ctrl Pts',(24.1400419095245,17.8928344249725,-3.));
#5515=CARTESIAN_POINT('Ctrl Pts',(24.26829330632,17.8937970470979,0.));
#5516=CARTESIAN_POINT('Ctrl Pts',(24.26829330632,17.8937970470979,-3.));
#5517=CARTESIAN_POINT('Ctrl Pts',(24.4696729049385,17.8953085507701,0.));
#5518=CARTESIAN_POINT('Ctrl Pts',(24.4696729049385,17.8953085507701,-3.));
#5519=CARTESIAN_POINT('Ctrl Pts',(24.6483530939018,17.9841176467881,0.));
#5520=CARTESIAN_POINT('Ctrl Pts',(24.6483530939018,17.9841176467881,-3.));
#5521=CARTESIAN_POINT('Ctrl Pts',(24.7132383206574,18.0163674354553,0.));
#5522=CARTESIAN_POINT('Ctrl Pts',(24.7132383206574,18.0163674354553,-3.));
#5523=CARTESIAN_POINT('Ctrl Pts',(24.7132383206574,18.0163674354553,0.));
#5524=CARTESIAN_POINT('Ctrl Pts',(24.6483530939018,17.9841176467881,0.));
#5525=CARTESIAN_POINT('Ctrl Pts',(24.4696729049385,17.8953085507701,0.));
#5526=CARTESIAN_POINT('Ctrl Pts',(24.26829330632,17.8937970470979,0.));
#5527=CARTESIAN_POINT('Ctrl Pts',(24.1400419095245,17.8928344249725,0.));
#5528=CARTESIAN_POINT('Ctrl Pts',(24.1400419095245,17.8928344249725,-3.));
#5529=CARTESIAN_POINT('Ctrl Pts',(24.26829330632,17.8937970470979,-3.));
#5530=CARTESIAN_POINT('Ctrl Pts',(24.4696729049385,17.8953085507701,-3.));
#5531=CARTESIAN_POINT('Ctrl Pts',(24.6483530939018,17.9841176467881,-3.));
#5532=CARTESIAN_POINT('Ctrl Pts',(24.7132383206574,18.0163674354553,-3.));
#5533=CARTESIAN_POINT('Origin',(24.1351018765656,13.4999989271164,0.));
#5534=CARTESIAN_POINT('',(22.0597444394318,13.4999989271164,0.));
#5535=CARTESIAN_POINT('',(24.1351018765656,13.4999989271164,0.));
#5536=CARTESIAN_POINT('',(9.56755093828278,13.4999989271164,0.));
#5537=CARTESIAN_POINT('',(22.0597444394318,13.4999989271164,-3.));
#5538=CARTESIAN_POINT('',(22.0597444394318,13.4999989271164,0.));
#5539=CARTESIAN_POINT('',(24.1351018765656,13.4999989271164,-3.));
#5540=CARTESIAN_POINT('',(22.0597444394318,13.4999989271164,-3.));
#5541=CARTESIAN_POINT('',(24.1351018765656,13.4999989271164,0.));
#5542=CARTESIAN_POINT('Ctrl Pts',(25.6249128201691,13.653064250946,0.));
#5543=CARTESIAN_POINT('Ctrl Pts',(25.6249128201691,13.653064250946,-3.));
#5544=CARTESIAN_POINT('Ctrl Pts',(25.4170411111483,13.6086773185932,0.));
#5545=CARTESIAN_POINT('Ctrl Pts',(25.4170411111483,13.6086773185932,-3.));
#5546=CARTESIAN_POINT('Ctrl Pts',(24.926525721483,13.5039373637353,0.));
#5547=CARTESIAN_POINT('Ctrl Pts',(24.926525721483,13.5039373637353,-3.));
#5548=CARTESIAN_POINT('Ctrl Pts',(24.4244226089572,13.5014387009801,0.));
#5549=CARTESIAN_POINT('Ctrl Pts',(24.4244226089572,13.5014387009801,-3.));
#5550=CARTESIAN_POINT('Ctrl Pts',(24.1351018765656,13.4999989271164,0.));
#5551=CARTESIAN_POINT('Ctrl Pts',(24.1351018765656,13.4999989271164,-3.));
#5552=CARTESIAN_POINT('',(25.6249128201691,13.653064250946,0.));
#5553=CARTESIAN_POINT('Ctrl Pts',(24.1351018765656,13.4999989271164,0.));
#5554=CARTESIAN_POINT('Ctrl Pts',(24.4244226089572,13.5014387009801,0.));
#5555=CARTESIAN_POINT('Ctrl Pts',(24.926525721483,13.5039373637353,0.));
#5556=CARTESIAN_POINT('Ctrl Pts',(25.4170411111483,13.6086773185932,0.));
#5557=CARTESIAN_POINT('Ctrl Pts',(25.6249128201691,13.653064250946,0.));
#5558=CARTESIAN_POINT('',(25.6249128201691,13.653064250946,-3.));
#5559=CARTESIAN_POINT('Ctrl Pts',(25.6249128201691,13.653064250946,-3.));
#5560=CARTESIAN_POINT('Ctrl Pts',(25.4170411111483,13.6086773185932,-3.));
#5561=CARTESIAN_POINT('Ctrl Pts',(24.926525721483,13.5039373637353,-3.));
#5562=CARTESIAN_POINT('Ctrl Pts',(24.4244226089572,13.5014387009801,-3.));
#5563=CARTESIAN_POINT('Ctrl Pts',(24.1351018765656,13.4999989271164,-3.));
#5564=CARTESIAN_POINT('',(25.6249128201691,13.653064250946,0.));
#5565=CARTESIAN_POINT('Ctrl Pts',(26.4426980832306,14.2727755308151,0.));
#5566=CARTESIAN_POINT('Ctrl Pts',(26.4426980832306,14.2727755308151,-3.));
#5567=CARTESIAN_POINT('Ctrl Pts',(26.3321876308068,14.1307199684975,0.));
#5568=CARTESIAN_POINT('Ctrl Pts',(26.3321876308068,14.1307199684975,-3.));
#5569=CARTESIAN_POINT('Ctrl Pts',(26.1146401813406,13.8510737939785,0.));
#5570=CARTESIAN_POINT('Ctrl Pts',(26.1146401813406,13.8510737939785,-3.));
#5571=CARTESIAN_POINT('Ctrl Pts',(25.7864083775599,13.7183611162146,0.));
#5572=CARTESIAN_POINT('Ctrl Pts',(25.7864083775599,13.7183611162146,-3.));
#5573=CARTESIAN_POINT('Ctrl Pts',(25.6249128201691,13.653064250946,0.));
#5574=CARTESIAN_POINT('Ctrl Pts',(25.6249128201691,13.653064250946,-3.));
#5575=CARTESIAN_POINT('',(26.4426980832306,14.2727755308151,0.));
#5576=CARTESIAN_POINT('Ctrl Pts',(25.6249128201691,13.653064250946,0.));
#5577=CARTESIAN_POINT('Ctrl Pts',(25.7864083775599,13.7183611162146,0.));
#5578=CARTESIAN_POINT('Ctrl Pts',(26.1146401813406,13.8510737939785,0.));
#5579=CARTESIAN_POINT('Ctrl Pts',(26.3321876308068,14.1307199684975,0.));
#5580=CARTESIAN_POINT('Ctrl Pts',(26.4426980832306,14.2727755308151,0.));
#5581=CARTESIAN_POINT('',(26.4426980832306,14.2727755308151,-3.));
#5582=CARTESIAN_POINT('Ctrl Pts',(26.4426980832306,14.2727755308151,-3.));
#5583=CARTESIAN_POINT('Ctrl Pts',(26.3321876308068,14.1307199684975,-3.));
#5584=CARTESIAN_POINT('Ctrl Pts',(26.1146401813406,13.8510737939785,-3.));
#5585=CARTESIAN_POINT('Ctrl Pts',(25.7864083775599,13.7183611162146,-3.));
#5586=CARTESIAN_POINT('Ctrl Pts',(25.6249128201691,13.653064250946,-3.));
#5587=CARTESIAN_POINT('',(26.4426980832306,14.2727755308151,0.));
#5588=CARTESIAN_POINT('Ctrl Pts',(26.7540059903351,15.7764040231705,0.));
#5589=CARTESIAN_POINT('Ctrl Pts',(26.7540059903351,15.7764040231705,-3.));
#5590=CARTESIAN_POINT('Ctrl Pts',(26.7515607688481,15.4728588612005,0.));
#5591=CARTESIAN_POINT('Ctrl Pts',(26.7515607688481,15.4728588612005,-3.));
#5592=CARTESIAN_POINT('Ctrl Pts',(26.7473385473658,14.9487202870226,0.));
#5593=CARTESIAN_POINT('Ctrl Pts',(26.7473385473658,14.9487202870226,-3.));
#5594=CARTESIAN_POINT('Ctrl Pts',(26.5329341422541,14.4729938146564,0.));
#5595=CARTESIAN_POINT('Ctrl Pts',(26.5329341422541,14.4729938146564,-3.));
#5596=CARTESIAN_POINT('Ctrl Pts',(26.4426980832306,14.2727755308151,0.));
#5597=CARTESIAN_POINT('Ctrl Pts',(26.4426980832306,14.2727755308151,-3.));
#5598=CARTESIAN_POINT('',(26.7540059903351,15.7764040231705,0.));
#5599=CARTESIAN_POINT('Ctrl Pts',(26.4426980832306,14.2727755308151,0.));
#5600=CARTESIAN_POINT('Ctrl Pts',(26.5329341422541,14.4729938146564,0.));
#5601=CARTESIAN_POINT('Ctrl Pts',(26.7473385473658,14.9487202870226,0.));
#5602=CARTESIAN_POINT('Ctrl Pts',(26.7515607688481,15.4728588612005,0.));
#5603=CARTESIAN_POINT('Ctrl Pts',(26.7540059903351,15.7764040231705,0.));
#5604=CARTESIAN_POINT('',(26.7540059903351,15.7764040231705,-3.));
#5605=CARTESIAN_POINT('Ctrl Pts',(26.7540059903351,15.7764040231705,-3.));
#5606=CARTESIAN_POINT('Ctrl Pts',(26.7515607688481,15.4728588612005,-3.));
#5607=CARTESIAN_POINT('Ctrl Pts',(26.7473385473658,14.9487202870226,-3.));
#5608=CARTESIAN_POINT('Ctrl Pts',(26.5329341422541,14.4729938146564,-3.));
#5609=CARTESIAN_POINT('Ctrl Pts',(26.4426980832306,14.2727755308151,-3.));
#5610=CARTESIAN_POINT('',(26.7540059903351,15.7764040231705,0.));
#5611=CARTESIAN_POINT('Ctrl Pts',(26.5341173032013,16.7541300058365,0.));
#5612=CARTESIAN_POINT('Ctrl Pts',(26.5341173032013,16.7541300058365,-3.));
#5613=CARTESIAN_POINT('Ctrl Pts',(26.5977581584047,16.6287746569674,0.));
#5614=CARTESIAN_POINT('Ctrl Pts',(26.5977581584047,16.6287746569674,-3.));
#5615=CARTESIAN_POINT('Ctrl Pts',(26.7526596672893,16.3236603931112,0.));
#5616=CARTESIAN_POINT('Ctrl Pts',(26.7526596672893,16.3236603931112,-3.));
#5617=CARTESIAN_POINT('Ctrl Pts',(26.7535068627684,15.9792905006511,0.));
#5618=CARTESIAN_POINT('Ctrl Pts',(26.7535068627684,15.9792905006511,-3.));
#5619=CARTESIAN_POINT('Ctrl Pts',(26.7540059903351,15.7764040231705,0.));
#5620=CARTESIAN_POINT('Ctrl Pts',(26.7540059903351,15.7764040231705,-3.));
#5621=CARTESIAN_POINT('',(26.5341173032013,16.7541300058365,0.));
#5622=CARTESIAN_POINT('Ctrl Pts',(26.7540059903351,15.7764040231705,0.));
#5623=CARTESIAN_POINT('Ctrl Pts',(26.7535068627684,15.9792905006511,0.));
#5624=CARTESIAN_POINT('Ctrl Pts',(26.7526596672893,16.3236603931112,0.));
#5625=CARTESIAN_POINT('Ctrl Pts',(26.5977581584047,16.6287746569674,0.));
#5626=CARTESIAN_POINT('Ctrl Pts',(26.5341173032013,16.7541300058365,0.));
#5627=CARTESIAN_POINT('',(26.5341173032013,16.7541300058365,-3.));
#5628=CARTESIAN_POINT('Ctrl Pts',(26.5341173032013,16.7541300058365,-3.));
#5629=CARTESIAN_POINT('Ctrl Pts',(26.5977581584047,16.6287746569674,-3.));
#5630=CARTESIAN_POINT('Ctrl Pts',(26.7526596672893,16.3236603931112,-3.));
#5631=CARTESIAN_POINT('Ctrl Pts',(26.7535068627684,15.9792905006511,-3.));
#5632=CARTESIAN_POINT('Ctrl Pts',(26.7540059903351,15.7764040231705,-3.));
#5633=CARTESIAN_POINT('',(26.5341173032013,16.7541300058365,0.));
#5634=CARTESIAN_POINT('Ctrl Pts',(25.6669126370636,17.1788130998611,0.));
#5635=CARTESIAN_POINT('Ctrl Pts',(25.6669126370636,17.1788130998611,-3.));
#5636=CARTESIAN_POINT('Ctrl Pts',(25.8552472253097,17.1343660884627,0.));
#5637=CARTESIAN_POINT('Ctrl Pts',(25.8552472253097,17.1343660884627,-3.));
#5638=CARTESIAN_POINT('Ctrl Pts',(26.1784743170101,17.0580844114597,0.));
#5639=CARTESIAN_POINT('Ctrl Pts',(26.1784743170101,17.0580844114597,-3.));
#5640=CARTESIAN_POINT('Ctrl Pts',(26.4293988557682,16.8436288422629,0.));
#5641=CARTESIAN_POINT('Ctrl Pts',(26.4293988557682,16.8436288422629,-3.));
#5642=CARTESIAN_POINT('Ctrl Pts',(26.5341173032013,16.7541300058365,0.));
#5643=CARTESIAN_POINT('Ctrl Pts',(26.5341173032013,16.7541300058365,-3.));
#5644=CARTESIAN_POINT('',(25.6669126370636,17.1788130998611,0.));
#5645=CARTESIAN_POINT('Ctrl Pts',(26.5341173032013,16.7541300058365,0.));
#5646=CARTESIAN_POINT('Ctrl Pts',(26.4293988557682,16.8436288422629,0.));
#5647=CARTESIAN_POINT('Ctrl Pts',(26.1784743170101,17.0580844114597,0.));
#5648=CARTESIAN_POINT('Ctrl Pts',(25.8552472253097,17.1343660884627,0.));
#5649=CARTESIAN_POINT('Ctrl Pts',(25.6669126370636,17.1788130998611,0.));
#5650=CARTESIAN_POINT('',(25.6669126370636,17.1788130998611,-3.));
#5651=CARTESIAN_POINT('Ctrl Pts',(25.6669126370636,17.1788130998611,-3.));
#5652=CARTESIAN_POINT('Ctrl Pts',(25.8552472253097,17.1343660884627,-3.));
#5653=CARTESIAN_POINT('Ctrl Pts',(26.1784743170101,17.0580844114597,-3.));
#5654=CARTESIAN_POINT('Ctrl Pts',(26.4293988557682,16.8436288422629,-3.));
#5655=CARTESIAN_POINT('Ctrl Pts',(26.5341173032013,16.7541300058365,-3.));
#5656=CARTESIAN_POINT('',(25.6669126370636,17.1788130998611,0.));
#5657=CARTESIAN_POINT('Ctrl Pts',(26.6452966550079,17.7201973199844,0.));
#5658=CARTESIAN_POINT('Ctrl Pts',(26.6452966550079,17.7201973199844,-3.));
#5659=CARTESIAN_POINT('Ctrl Pts',(26.5276315160661,17.6006184828213,0.));
#5660=CARTESIAN_POINT('Ctrl Pts',(26.5276315160661,17.6006184828213,-3.));
#5661=CARTESIAN_POINT('Ctrl Pts',(26.2569436690586,17.3255281861504,0.));
#5662=CARTESIAN_POINT('Ctrl Pts',(26.2569436690586,17.3255281861504,-3.));
#5663=CARTESIAN_POINT('Ctrl Pts',(25.8800018444898,17.2317991290012,0.));
#5664=CARTESIAN_POINT('Ctrl Pts',(25.8800018444898,17.2317991290012,-3.));
#5665=CARTESIAN_POINT('Ctrl Pts',(25.6669126370636,17.1788130998611,0.));
#5666=CARTESIAN_POINT('Ctrl Pts',(25.6669126370636,17.1788130998611,-3.));
#5667=CARTESIAN_POINT('',(26.6452966550079,17.7201973199844,0.));
#5668=CARTESIAN_POINT('Ctrl Pts',(25.6669126370636,17.1788130998611,0.));
#5669=CARTESIAN_POINT('Ctrl Pts',(25.8800018444898,17.2317991290012,0.));
#5670=CARTESIAN_POINT('Ctrl Pts',(26.2569436690586,17.3255281861504,0.));
#5671=CARTESIAN_POINT('Ctrl Pts',(26.5276315160661,17.6006184828213,0.));
#5672=CARTESIAN_POINT('Ctrl Pts',(26.6452966550079,17.7201973199844,0.));
#5673=CARTESIAN_POINT('',(26.6452966550079,17.7201973199844,-3.));
#5674=CARTESIAN_POINT('Ctrl Pts',(26.6452966550079,17.7201973199844,-3.));
#5675=CARTESIAN_POINT('Ctrl Pts',(26.5276315160661,17.6006184828213,-3.));
#5676=CARTESIAN_POINT('Ctrl Pts',(26.2569436690586,17.3255281861504,-3.));
#5677=CARTESIAN_POINT('Ctrl Pts',(25.8800018444898,17.2317991290012,-3.));
#5678=CARTESIAN_POINT('Ctrl Pts',(25.6669126370636,17.1788130998611,-3.));
#5679=CARTESIAN_POINT('',(26.6452966550079,17.7201973199844,0.));
#5680=CARTESIAN_POINT('Ctrl Pts',(26.9022451260773,18.8796316385269,0.));
#5681=CARTESIAN_POINT('Ctrl Pts',(26.9022451260773,18.8796316385269,-3.));
#5682=CARTESIAN_POINT('Ctrl Pts',(26.8989545174623,18.6484108492559,0.));
#5683=CARTESIAN_POINT('Ctrl Pts',(26.8989545174623,18.6484108492559,-3.));
#5684=CARTESIAN_POINT('Ctrl Pts',(26.8931782201614,18.2425284799839,0.));
#5685=CARTESIAN_POINT('Ctrl Pts',(26.8931782201614,18.2425284799839,-3.));
#5686=CARTESIAN_POINT('Ctrl Pts',(26.7198739301256,17.8773450877004,0.));
#5687=CARTESIAN_POINT('Ctrl Pts',(26.7198739301256,17.8773450877004,-3.));
#5688=CARTESIAN_POINT('Ctrl Pts',(26.6452966550079,17.7201973199844,0.));
#5689=CARTESIAN_POINT('Ctrl Pts',(26.6452966550079,17.7201973199844,-3.));
#5690=CARTESIAN_POINT('',(26.9022451260773,18.8796316385269,0.));
#5691=CARTESIAN_POINT('Ctrl Pts',(26.6452966550079,17.7201973199844,0.));
#5692=CARTESIAN_POINT('Ctrl Pts',(26.7198739301256,17.8773450877004,0.));
#5693=CARTESIAN_POINT('Ctrl Pts',(26.8931782201614,18.2425284799839,0.));
#5694=CARTESIAN_POINT('Ctrl Pts',(26.8989545174623,18.6484108492559,0.));
#5695=CARTESIAN_POINT('Ctrl Pts',(26.9022451260773,18.8796316385269,0.));
#5696=CARTESIAN_POINT('',(26.9022451260773,18.8796316385269,-3.));
#5697=CARTESIAN_POINT('Ctrl Pts',(26.9022451260773,18.8796316385269,-3.));
#5698=CARTESIAN_POINT('Ctrl Pts',(26.8989545174623,18.6484108492559,-3.));
#5699=CARTESIAN_POINT('Ctrl Pts',(26.8931782201614,18.2425284799839,-3.));
#5700=CARTESIAN_POINT('Ctrl Pts',(26.7198739301256,17.8773450877004,-3.));
#5701=CARTESIAN_POINT('Ctrl Pts',(26.6452966550079,17.7201973199844,-3.));
#5702=CARTESIAN_POINT('',(26.9022451260773,18.8796316385269,0.));
#5703=CARTESIAN_POINT('Origin',(26.9022451260773,19.6212159395218,0.));
#5704=CARTESIAN_POINT('',(26.9022451260773,19.6212159395218,0.));
#5705=CARTESIAN_POINT('',(26.9022451260773,26.5606079697609,0.));
#5706=CARTESIAN_POINT('',(26.9022451260773,19.6212159395218,-3.));
#5707=CARTESIAN_POINT('',(26.9022451260773,18.8796316385269,-3.));
#5708=CARTESIAN_POINT('',(26.9022451260773,19.6212159395218,0.));
#5709=CARTESIAN_POINT('Ctrl Pts',(26.7169462063995,20.8226524591446,0.));
#5710=CARTESIAN_POINT('Ctrl Pts',(26.7169462063995,20.8226524591446,-3.));
#5711=CARTESIAN_POINT('Ctrl Pts',(26.7706628109558,20.6586977934146,0.));
#5712=CARTESIAN_POINT('Ctrl Pts',(26.7706628109558,20.6586977934146,-3.));
#5713=CARTESIAN_POINT('Ctrl Pts',(26.8981859586359,20.2694696353166,0.));
#5714=CARTESIAN_POINT('Ctrl Pts',(26.8981859586359,20.2694696353166,-3.));
#5715=CARTESIAN_POINT('Ctrl Pts',(26.9007570538729,19.8588627772177,0.));
#5716=CARTESIAN_POINT('Ctrl Pts',(26.9007570538729,19.8588627772177,-3.));
#5717=CARTESIAN_POINT('Ctrl Pts',(26.9022451260773,19.6212159395218,0.));
#5718=CARTESIAN_POINT('Ctrl Pts',(26.9022451260773,19.6212159395218,-3.));
#5719=CARTESIAN_POINT('',(26.7169462063995,20.8226524591446,0.));
#5720=CARTESIAN_POINT('Ctrl Pts',(26.9022451260773,19.6212159395218,0.));
#5721=CARTESIAN_POINT('Ctrl Pts',(26.9007570538729,19.8588627772177,0.));
#5722=CARTESIAN_POINT('Ctrl Pts',(26.8981859586359,20.2694696353166,0.));
#5723=CARTESIAN_POINT('Ctrl Pts',(26.7706628109558,20.6586977934146,0.));
#5724=CARTESIAN_POINT('Ctrl Pts',(26.7169462063995,20.8226524591446,0.));
#5725=CARTESIAN_POINT('',(26.7169462063995,20.8226524591446,-3.));
#5726=CARTESIAN_POINT('Ctrl Pts',(26.7169462063995,20.8226524591446,-3.));
#5727=CARTESIAN_POINT('Ctrl Pts',(26.7706628109558,20.6586977934146,-3.));
#5728=CARTESIAN_POINT('Ctrl Pts',(26.8981859586359,20.2694696353166,-3.));
#5729=CARTESIAN_POINT('Ctrl Pts',(26.9007570538729,19.8588627772177,-3.));
#5730=CARTESIAN_POINT('Ctrl Pts',(26.9022451260773,19.6212159395218,-3.));
#5731=CARTESIAN_POINT('',(26.7169462063995,20.8226524591446,0.));
#5732=CARTESIAN_POINT('Ctrl Pts',(26.1264501431671,21.3566242456436,0.));
#5733=CARTESIAN_POINT('Ctrl Pts',(26.1264501431671,21.3566242456436,-3.));
#5734=CARTESIAN_POINT('Ctrl Pts',(26.2524015437552,21.2984249757386,0.));
#5735=CARTESIAN_POINT('Ctrl Pts',(26.2524015437552,21.2984249757386,-3.));
#5736=CARTESIAN_POINT('Ctrl Pts',(26.5047186421264,21.1818349986428,0.));
#5737=CARTESIAN_POINT('Ctrl Pts',(26.5047186421264,21.1818349986428,-3.));
#5738=CARTESIAN_POINT('Ctrl Pts',(26.6461262892538,20.9425109599694,0.));
#5739=CARTESIAN_POINT('Ctrl Pts',(26.6461262892538,20.9425109599694,-3.));
#5740=CARTESIAN_POINT('Ctrl Pts',(26.7169462063995,20.8226524591446,0.));
#5741=CARTESIAN_POINT('Ctrl Pts',(26.7169462063995,20.8226524591446,-3.));
#5742=CARTESIAN_POINT('',(26.1264501431671,21.3566242456436,0.));
#5743=CARTESIAN_POINT('Ctrl Pts',(26.7169462063995,20.8226524591446,0.));
#5744=CARTESIAN_POINT('Ctrl Pts',(26.6461262892538,20.9425109599694,0.));
#5745=CARTESIAN_POINT('Ctrl Pts',(26.5047186421264,21.1818349986428,0.));
#5746=CARTESIAN_POINT('Ctrl Pts',(26.2524015437552,21.2984249757386,0.));
#5747=CARTESIAN_POINT('Ctrl Pts',(26.1264501431671,21.3566242456436,0.));
#5748=CARTESIAN_POINT('',(26.1264501431671,21.3566242456436,-3.));
#5749=CARTESIAN_POINT('Ctrl Pts',(26.1264501431671,21.3566242456436,-3.));
#5750=CARTESIAN_POINT('Ctrl Pts',(26.2524015437552,21.2984249757386,-3.));
#5751=CARTESIAN_POINT('Ctrl Pts',(26.5047186421264,21.1818349986428,-3.));
#5752=CARTESIAN_POINT('Ctrl Pts',(26.6461262892538,20.9425109599694,-3.));
#5753=CARTESIAN_POINT('Ctrl Pts',(26.7169462063995,20.8226524591446,-3.));
#5754=CARTESIAN_POINT('',(26.1264501431671,21.3566242456436,0.));
#5755=CARTESIAN_POINT('Ctrl Pts',(24.466169915506,21.4999996423721,0.));
#5756=CARTESIAN_POINT('Ctrl Pts',(24.466169915506,21.4999996423721,-3.));
#5757=CARTESIAN_POINT('Ctrl Pts',(24.8152530996461,21.5029472065267,0.));
#5758=CARTESIAN_POINT('Ctrl Pts',(24.8152530996461,21.5029472065267,-3.));
#5759=CARTESIAN_POINT('Ctrl Pts',(25.3741270607077,21.5076661873581,0.));
#5760=CARTESIAN_POINT('Ctrl Pts',(25.3741270607077,21.5076661873581,-3.));
#5761=CARTESIAN_POINT('Ctrl Pts',(25.9211194753662,21.3978479479083,0.));
#5762=CARTESIAN_POINT('Ctrl Pts',(25.9211194753662,21.3978479479083,-3.));
#5763=CARTESIAN_POINT('Ctrl Pts',(26.1264501431671,21.3566242456436,0.));
#5764=CARTESIAN_POINT('Ctrl Pts',(26.1264501431671,21.3566242456436,-3.));
#5765=CARTESIAN_POINT('',(24.466169915506,21.4999996423721,0.));
#5766=CARTESIAN_POINT('Ctrl Pts',(26.1264501431671,21.3566242456436,0.));
#5767=CARTESIAN_POINT('Ctrl Pts',(25.9211194753662,21.3978479479083,0.));
#5768=CARTESIAN_POINT('Ctrl Pts',(25.3741270607077,21.5076661873581,0.));
#5769=CARTESIAN_POINT('Ctrl Pts',(24.8152530996461,21.5029472065267,0.));
#5770=CARTESIAN_POINT('Ctrl Pts',(24.466169915506,21.4999996423721,0.));
#5771=CARTESIAN_POINT('',(24.466169915506,21.4999996423721,-3.));
#5772=CARTESIAN_POINT('Ctrl Pts',(24.466169915506,21.4999996423721,-3.));
#5773=CARTESIAN_POINT('Ctrl Pts',(24.8152530996461,21.5029472065267,-3.));
#5774=CARTESIAN_POINT('Ctrl Pts',(25.3741270607077,21.5076661873581,-3.));
#5775=CARTESIAN_POINT('Ctrl Pts',(25.9211194753662,21.3978479479083,-3.));
#5776=CARTESIAN_POINT('Ctrl Pts',(26.1264501431671,21.3566242456436,-3.));
#5777=CARTESIAN_POINT('',(24.466169915506,21.4999996423721,0.));
#5778=CARTESIAN_POINT('Origin',(22.0597444394318,21.4999996423721,0.));
#5779=CARTESIAN_POINT('',(22.0597444394318,21.4999996423721,0.));
#5780=CARTESIAN_POINT('',(8.52987221971589,21.4999996423721,0.));
#5781=CARTESIAN_POINT('',(22.0597444394318,21.4999996423721,-3.));
#5782=CARTESIAN_POINT('',(24.466169915506,21.4999996423721,-3.));
#5783=CARTESIAN_POINT('',(22.0597444394318,21.4999996423721,0.));
#5784=CARTESIAN_POINT('Origin',(22.0597444394318,13.4999989271164,0.));
#5785=CARTESIAN_POINT('',(22.0597444394318,23.4999994635582,0.));
#5786=CARTESIAN_POINT('',(22.0597444394318,21.4999996423721,-3.));
#5787=CARTESIAN_POINT('Origin',(3.3420197585312,17.4999995827675,-3.));
#5788=CARTESIAN_POINT('Origin',(-5.,33.5,0.));
#5789=CARTESIAN_POINT('Origin',(-5.,33.5,0.));
#5790=CARTESIAN_POINT('Origin',(15.6903825619904,21.4999996423721,0.));
#5791=CARTESIAN_POINT('',(15.6903825619904,13.4999989271164,0.));
#5792=CARTESIAN_POINT('',(15.6903825619904,21.4999996423721,0.));
#5793=CARTESIAN_POINT('',(15.6903825619904,27.4999998211861,0.));
#5794=CARTESIAN_POINT('',(15.6903825619904,13.4999989271164,-3.));
#5795=CARTESIAN_POINT('',(15.6903825619904,13.4999989271164,0.));
#5796=CARTESIAN_POINT('',(15.6903825619904,21.4999996423721,-3.));
#5797=CARTESIAN_POINT('',(15.6903825619904,13.4999989271164,-3.));
#5798=CARTESIAN_POINT('',(15.6903825619904,21.4999996423721,0.));
#5799=CARTESIAN_POINT('Origin',(13.6100850918976,21.4999996423721,0.));
#5800=CARTESIAN_POINT('',(13.6100850918976,21.4999996423721,0.));
#5801=CARTESIAN_POINT('',(4.3050425459488,21.4999996423721,0.));
#5802=CARTESIAN_POINT('',(13.6100850918976,21.4999996423721,-3.));
#5803=CARTESIAN_POINT('',(15.6903825619904,21.4999996423721,-3.));
#5804=CARTESIAN_POINT('',(13.6100850918976,21.4999996423721,0.));
#5805=CARTESIAN_POINT('Origin',(13.6100850918976,18.1399004459381,0.));
#5806=CARTESIAN_POINT('',(13.6100850918976,18.1399004459381,0.));
#5807=CARTESIAN_POINT('',(13.6100850918976,25.819950222969,0.));
#5808=CARTESIAN_POINT('',(13.6100850918976,18.1399004459381,-3.));
#5809=CARTESIAN_POINT('',(13.6100850918976,21.4999996423721,-3.));
#5810=CARTESIAN_POINT('',(13.6100850918976,18.1399004459381,0.));
#5811=CARTESIAN_POINT('Origin',(12.9874788144318,18.1399004459381,0.));
#5812=CARTESIAN_POINT('',(12.9874788144318,18.1399004459381,0.));
#5813=CARTESIAN_POINT('',(3.99373940721589,18.1399004459381,0.));
#5814=CARTESIAN_POINT('',(12.9874788144318,18.1399004459381,-3.));
#5815=CARTESIAN_POINT('',(13.6100850918976,18.1399004459381,-3.));
#5816=CARTESIAN_POINT('',(12.9874788144318,18.1399004459381,0.));
#5817=CARTESIAN_POINT('Origin',(12.9874788144318,21.4999996423721,0.));
#5818=CARTESIAN_POINT('',(12.9874788144318,21.4999996423721,0.));
#5819=CARTESIAN_POINT('',(12.9874788144318,27.4999998211861,0.));
#5820=CARTESIAN_POINT('',(12.9874788144318,21.4999996423721,-3.));
#5821=CARTESIAN_POINT('',(12.9874788144318,18.1399004459381,-3.));
#5822=CARTESIAN_POINT('',(12.9874788144318,21.4999996423721,0.));
#5823=CARTESIAN_POINT('Origin',(10.907181344339,21.4999996423721,0.));
#5824=CARTESIAN_POINT('',(10.907181344339,21.4999996423721,0.));
#5825=CARTESIAN_POINT('',(2.9535906721695,21.4999996423721,0.));
#5826=CARTESIAN_POINT('',(10.907181344339,21.4999996423721,-3.));
#5827=CARTESIAN_POINT('',(12.9874788144318,21.4999996423721,-3.));
#5828=CARTESIAN_POINT('',(10.907181344339,21.4999996423721,0.));
#5829=CARTESIAN_POINT('Origin',(10.907181344339,13.4999989271164,0.));
#5830=CARTESIAN_POINT('',(10.907181344339,13.4999989271164,0.));
#5831=CARTESIAN_POINT('',(10.907181344339,23.4999994635582,0.));
#5832=CARTESIAN_POINT('',(10.907181344339,13.4999989271164,-3.));
#5833=CARTESIAN_POINT('',(10.907181344339,21.4999996423721,-3.));
#5834=CARTESIAN_POINT('',(10.907181344339,13.4999989271164,0.));
#5835=CARTESIAN_POINT('Origin',(12.9874788144318,13.4999989271164,0.));
#5836=CARTESIAN_POINT('',(12.9874788144318,13.4999989271164,0.));
#5837=CARTESIAN_POINT('',(3.99373940721589,13.4999989271164,0.));
#5838=CARTESIAN_POINT('',(12.9874788144318,13.4999989271164,-3.));
#5839=CARTESIAN_POINT('',(10.907181344339,13.4999989271164,-3.));
#5840=CARTESIAN_POINT('',(12.9874788144318,13.4999989271164,0.));
#5841=CARTESIAN_POINT('Origin',(12.9874788144318,16.3610242605209,0.));
#5842=CARTESIAN_POINT('',(12.9874788144318,16.3610242605209,0.));
#5843=CARTESIAN_POINT('',(12.9874788144318,24.9305121302605,0.));
#5844=CARTESIAN_POINT('',(12.9874788144318,16.3610242605209,-3.));
#5845=CARTESIAN_POINT('',(12.9874788144318,13.4999989271164,-3.));
#5846=CARTESIAN_POINT('',(12.9874788144318,16.3610242605209,0.));
#5847=CARTESIAN_POINT('Origin',(13.6100850918976,16.3610242605209,0.));
#5848=CARTESIAN_POINT('',(13.6100850918976,16.3610242605209,0.));
#5849=CARTESIAN_POINT('',(4.3050425459488,16.3610242605209,0.));
#5850=CARTESIAN_POINT('',(13.6100850918976,16.3610242605209,-3.));
#5851=CARTESIAN_POINT('',(12.9874788144318,16.3610242605209,-3.));
#5852=CARTESIAN_POINT('',(13.6100850918976,16.3610242605209,0.));
#5853=CARTESIAN_POINT('Origin',(13.6100850918976,13.4999989271164,0.));
#5854=CARTESIAN_POINT('',(13.6100850918976,13.4999989271164,0.));
#5855=CARTESIAN_POINT('',(13.6100850918976,23.4999994635582,0.));
#5856=CARTESIAN_POINT('',(13.6100850918976,13.4999989271164,-3.));
#5857=CARTESIAN_POINT('',(13.6100850918976,16.3610242605209,-3.));
#5858=CARTESIAN_POINT('',(13.6100850918976,13.4999989271164,0.));
#5859=CARTESIAN_POINT('Origin',(15.6903825619904,13.4999989271164,0.));
#5860=CARTESIAN_POINT('',(5.34519128099519,13.4999989271164,0.));
#5861=CARTESIAN_POINT('',(13.6100850918976,13.4999989271164,-3.));
#5862=CARTESIAN_POINT('Origin',(3.3420197585312,17.4999995827675,-3.));
#5863=CARTESIAN_POINT('Origin',(21.2543092587677,18.8465093374252,0.));
#5864=CARTESIAN_POINT('',(21.2543092587677,13.4999989271164,0.));
#5865=CARTESIAN_POINT('',(21.2543092587677,18.8465093374252,0.));
#5866=CARTESIAN_POINT('',(21.2543092587677,26.1732546687126,0.));
#5867=CARTESIAN_POINT('',(21.2543092587677,13.4999989271164,-3.));
#5868=CARTESIAN_POINT('',(21.2543092587677,13.4999989271164,0.));
#5869=CARTESIAN_POINT('',(21.2543092587677,18.8465093374252,-3.));
#5870=CARTESIAN_POINT('',(21.2543092587677,13.4999989271164,-3.));
#5871=CARTESIAN_POINT('',(21.2543092587677,18.8465093374252,0.));
#5872=CARTESIAN_POINT('Ctrl Pts',(21.1950193265167,20.1238416433334,0.));
#5873=CARTESIAN_POINT('Ctrl Pts',(21.1950193265167,20.1238416433334,-3.));
#5874=CARTESIAN_POINT('Ctrl Pts',(21.2121331555927,19.956165604593,0.));
#5875=CARTESIAN_POINT('Ctrl Pts',(21.2121331555927,19.956165604593,-3.));
#5876=CARTESIAN_POINT('Ctrl Pts',(21.255460957409,19.5316531156793,0.));
#5877=CARTESIAN_POINT('Ctrl Pts',(21.255460957409,19.5316531156793,-3.));
#5878=CARTESIAN_POINT('Ctrl Pts',(21.2547433948964,19.1047762631812,0.));
#5879=CARTESIAN_POINT('Ctrl Pts',(21.2547433948964,19.1047762631812,-3.));
#5880=CARTESIAN_POINT('Ctrl Pts',(21.2543092587677,18.8465093374252,0.));
#5881=CARTESIAN_POINT('Ctrl Pts',(21.2543092587677,18.8465093374252,-3.));
#5882=CARTESIAN_POINT('',(21.1950193265167,20.1238416433334,0.));
#5883=CARTESIAN_POINT('Ctrl Pts',(21.2543092587677,18.8465093374252,0.));
#5884=CARTESIAN_POINT('Ctrl Pts',(21.2547433948964,19.1047762631812,0.));
#5885=CARTESIAN_POINT('Ctrl Pts',(21.255460957409,19.5316531156793,0.));
#5886=CARTESIAN_POINT('Ctrl Pts',(21.2121331555927,19.956165604593,0.));
#5887=CARTESIAN_POINT('Ctrl Pts',(21.1950193265167,20.1238416433334,0.));
#5888=CARTESIAN_POINT('',(21.1950193265167,20.1238416433334,-3.));
#5889=CARTESIAN_POINT('Ctrl Pts',(21.1950193265167,20.1238416433334,-3.));
#5890=CARTESIAN_POINT('Ctrl Pts',(21.2121331555927,19.956165604593,-3.));
#5891=CARTESIAN_POINT('Ctrl Pts',(21.255460957409,19.5316531156793,-3.));
#5892=CARTESIAN_POINT('Ctrl Pts',(21.2547433948964,19.1047762631812,-3.));
#5893=CARTESIAN_POINT('Ctrl Pts',(21.2543092587677,18.8465093374252,-3.));
#5894=CARTESIAN_POINT('',(21.1950193265167,20.1238416433334,0.));
#5895=CARTESIAN_POINT('Ctrl Pts',(20.8441816189972,20.8798633813858,0.));
#5896=CARTESIAN_POINT('Ctrl Pts',(20.8441816189972,20.8798633813858,-3.));
#5897=CARTESIAN_POINT('Ctrl Pts',(20.9308121092235,20.7562094819832,0.));
#5898=CARTESIAN_POINT('Ctrl Pts',(20.9308121092235,20.7562094819832,-3.));
#5899=CARTESIAN_POINT('Ctrl Pts',(21.0929823709811,20.5247322598056,0.));
#5900=CARTESIAN_POINT('Ctrl Pts',(21.0929823709811,20.5247322598056,-3.));
#5901=CARTESIAN_POINT('Ctrl Pts',(21.1625939038189,20.2512371308456,0.));
#5902=CARTESIAN_POINT('Ctrl Pts',(21.1625939038189,20.2512371308456,-3.));
#5903=CARTESIAN_POINT('Ctrl Pts',(21.1950193265167,20.1238416433334,0.));
#5904=CARTESIAN_POINT('Ctrl Pts',(21.1950193265167,20.1238416433334,-3.));
#5905=CARTESIAN_POINT('',(20.8441816189972,20.8798633813858,0.));
#5906=CARTESIAN_POINT('Ctrl Pts',(21.1950193265167,20.1238416433334,0.));
#5907=CARTESIAN_POINT('Ctrl Pts',(21.1625939038189,20.2512371308456,0.));
#5908=CARTESIAN_POINT('Ctrl Pts',(21.0929823709811,20.5247322598056,0.));
#5909=CARTESIAN_POINT('Ctrl Pts',(20.9308121092235,20.7562094819832,0.));
#5910=CARTESIAN_POINT('Ctrl Pts',(20.8441816189972,20.8798633813858,0.));
#5911=CARTESIAN_POINT('',(20.8441816189972,20.8798633813858,-3.));
#5912=CARTESIAN_POINT('Ctrl Pts',(20.8441816189972,20.8798633813858,-3.));
#5913=CARTESIAN_POINT('Ctrl Pts',(20.9308121092235,20.7562094819832,-3.));
#5914=CARTESIAN_POINT('Ctrl Pts',(21.0929823709811,20.5247322598056,-3.));
#5915=CARTESIAN_POINT('Ctrl Pts',(21.1625939038189,20.2512371308456,-3.));
#5916=CARTESIAN_POINT('Ctrl Pts',(21.1950193265167,20.1238416433334,-3.));
#5917=CARTESIAN_POINT('',(20.8441816189972,20.8798633813858,0.));
#5918=CARTESIAN_POINT('Ctrl Pts',(20.0758062222687,21.4678810834885,0.));
#5919=CARTESIAN_POINT('Ctrl Pts',(20.0758062222687,21.4678810834885,-3.));
#5920=CARTESIAN_POINT('Ctrl Pts',(20.2261842913117,21.3944659590482,0.));
#5921=CARTESIAN_POINT('Ctrl Pts',(20.2261842913117,21.3944659590482,-3.));
#5922=CARTESIAN_POINT('Ctrl Pts',(20.5219810469899,21.2500568988351,0.));
#5923=CARTESIAN_POINT('Ctrl Pts',(20.5219810469899,21.2500568988351,-3.));
#5924=CARTESIAN_POINT('Ctrl Pts',(20.737988635885,21.0018741950284,0.));
#5925=CARTESIAN_POINT('Ctrl Pts',(20.737988635885,21.0018741950284,-3.));
#5926=CARTESIAN_POINT('Ctrl Pts',(20.8441816189972,20.8798633813858,0.));
#5927=CARTESIAN_POINT('Ctrl Pts',(20.8441816189972,20.8798633813858,-3.));
#5928=CARTESIAN_POINT('',(20.0758062222687,21.4678810834885,0.));
#5929=CARTESIAN_POINT('Ctrl Pts',(20.8441816189972,20.8798633813858,0.));
#5930=CARTESIAN_POINT('Ctrl Pts',(20.737988635885,21.0018741950284,0.));
#5931=CARTESIAN_POINT('Ctrl Pts',(20.5219810469899,21.2500568988351,0.));
#5932=CARTESIAN_POINT('Ctrl Pts',(20.2261842913117,21.3944659590482,0.));
#5933=CARTESIAN_POINT('Ctrl Pts',(20.0758062222687,21.4678810834885,0.));
#5934=CARTESIAN_POINT('',(20.0758062222687,21.4678810834885,-3.));
#5935=CARTESIAN_POINT('Ctrl Pts',(20.0758062222687,21.4678810834885,-3.));
#5936=CARTESIAN_POINT('Ctrl Pts',(20.2261842913117,21.3944659590482,-3.));
#5937=CARTESIAN_POINT('Ctrl Pts',(20.5219810469899,21.2500568988351,-3.));
#5938=CARTESIAN_POINT('Ctrl Pts',(20.737988635885,21.0018741950284,-3.));
#5939=CARTESIAN_POINT('Ctrl Pts',(20.8441816189972,20.8798633813858,-3.));
#5940=CARTESIAN_POINT('',(20.0758062222687,21.4678810834885,0.));
#5941=CARTESIAN_POINT('Ctrl Pts',(18.9516530850617,21.6680048704147,0.));
#5942=CARTESIAN_POINT('Ctrl Pts',(18.9516530850617,21.6680048704147,-3.));
#5943=CARTESIAN_POINT('Ctrl Pts',(19.155137924053,21.6617623893522,0.));
#5944=CARTESIAN_POINT('Ctrl Pts',(19.155137924053,21.6617623893522,-3.));
#5945=CARTESIAN_POINT('Ctrl Pts',(19.5399548995243,21.6499570249142,0.));
#5946=CARTESIAN_POINT('Ctrl Pts',(19.5399548995243,21.6499570249142,-3.));
#5947=CARTESIAN_POINT('Ctrl Pts',(19.9041781773991,21.5261982631208,0.));
#5948=CARTESIAN_POINT('Ctrl Pts',(19.9041781773991,21.5261982631208,-3.));
#5949=CARTESIAN_POINT('Ctrl Pts',(20.0758062222687,21.4678810834885,0.));
#5950=CARTESIAN_POINT('Ctrl Pts',(20.0758062222687,21.4678810834885,-3.));
#5951=CARTESIAN_POINT('',(18.9516530850617,21.6680048704147,0.));
#5952=CARTESIAN_POINT('Ctrl Pts',(20.0758062222687,21.4678810834885,0.));
#5953=CARTESIAN_POINT('Ctrl Pts',(19.9041781773991,21.5261982631208,0.));
#5954=CARTESIAN_POINT('Ctrl Pts',(19.5399548995243,21.6499570249142,0.));
#5955=CARTESIAN_POINT('Ctrl Pts',(19.155137924053,21.6617623893522,0.));
#5956=CARTESIAN_POINT('Ctrl Pts',(18.9516530850617,21.6680048704147,0.));
#5957=CARTESIAN_POINT('',(18.9516530850617,21.6680048704147,-3.));
#5958=CARTESIAN_POINT('Ctrl Pts',(18.9516530850617,21.6680048704147,-3.));
#5959=CARTESIAN_POINT('Ctrl Pts',(19.155137924053,21.6617623893522,-3.));
#5960=CARTESIAN_POINT('Ctrl Pts',(19.5399548995243,21.6499570249142,-3.));
#5961=CARTESIAN_POINT('Ctrl Pts',(19.9041781773991,21.5261982631208,-3.));
#5962=CARTESIAN_POINT('Ctrl Pts',(20.0758062222687,21.4678810834885,-3.));
#5963=CARTESIAN_POINT('',(18.9516530850617,21.6680048704147,0.));
#5964=CARTESIAN_POINT('Ctrl Pts',(17.6866756299225,21.4308212995529,0.));
#5965=CARTESIAN_POINT('Ctrl Pts',(17.6866756299225,21.4308212995529,-3.));
#5966=CARTESIAN_POINT('Ctrl Pts',(17.8816102483614,21.4999586947657,0.));
#5967=CARTESIAN_POINT('Ctrl Pts',(17.8816102483614,21.4999586947657,-3.));
#5968=CARTESIAN_POINT('Ctrl Pts',(18.2905692306285,21.6450040387341,0.));
#5969=CARTESIAN_POINT('Ctrl Pts',(18.2905692306285,21.6450040387341,-3.));
#5970=CARTESIAN_POINT('Ctrl Pts',(18.7245393872896,21.6601029924612,0.));
#5971=CARTESIAN_POINT('Ctrl Pts',(18.7245393872896,21.6601029924612,-3.));
#5972=CARTESIAN_POINT('Ctrl Pts',(18.9516530850617,21.6680048704147,0.));
#5973=CARTESIAN_POINT('Ctrl Pts',(18.9516530850617,21.6680048704147,-3.));
#5974=CARTESIAN_POINT('',(17.6866756299225,21.4308212995529,0.));
#5975=CARTESIAN_POINT('Ctrl Pts',(18.9516530850617,21.6680048704147,0.));
#5976=CARTESIAN_POINT('Ctrl Pts',(18.7245393872896,21.6601029924612,0.));
#5977=CARTESIAN_POINT('Ctrl Pts',(18.2905692306285,21.6450040387341,0.));
#5978=CARTESIAN_POINT('Ctrl Pts',(17.8816102483614,21.4999586947657,0.));
#5979=CARTESIAN_POINT('Ctrl Pts',(17.6866756299225,21.4308212995529,0.));
#5980=CARTESIAN_POINT('',(17.6866756299225,21.4308212995529,-3.));
#5981=CARTESIAN_POINT('Ctrl Pts',(17.6866756299225,21.4308212995529,-3.));
#5982=CARTESIAN_POINT('Ctrl Pts',(17.8816102483614,21.4999586947657,-3.));
#5983=CARTESIAN_POINT('Ctrl Pts',(18.2905692306285,21.6450040387341,-3.));
#5984=CARTESIAN_POINT('Ctrl Pts',(18.7245393872896,21.6601029924612,-3.));
#5985=CARTESIAN_POINT('Ctrl Pts',(18.9516530850617,21.6680048704147,-3.));
#5986=CARTESIAN_POINT('',(17.6866756299225,21.4308212995529,0.));
#5987=CARTESIAN_POINT('Ctrl Pts',(16.8664155820099,20.813156247139,0.));
#5988=CARTESIAN_POINT('Ctrl Pts',(16.8664155820099,20.813156247139,-3.));
#5989=CARTESIAN_POINT('Ctrl Pts',(16.9738052751199,20.9362057537965,0.));
#5990=CARTESIAN_POINT('Ctrl Pts',(16.9738052751199,20.9362057537965,-3.));
#5991=CARTESIAN_POINT('Ctrl Pts',(17.2033811128275,21.1992588713939,0.));
#5992=CARTESIAN_POINT('Ctrl Pts',(17.2033811128275,21.1992588713939,-3.));
#5993=CARTESIAN_POINT('Ctrl Pts',(17.5188010535911,21.3503870236684,0.));
#5994=CARTESIAN_POINT('Ctrl Pts',(17.5188010535911,21.3503870236684,-3.));
#5995=CARTESIAN_POINT('Ctrl Pts',(17.6866756299225,21.4308212995529,0.));
#5996=CARTESIAN_POINT('Ctrl Pts',(17.6866756299225,21.4308212995529,-3.));
#5997=CARTESIAN_POINT('',(16.8664155820099,20.813156247139,0.));
#5998=CARTESIAN_POINT('Ctrl Pts',(17.6866756299225,21.4308212995529,0.));
#5999=CARTESIAN_POINT('Ctrl Pts',(17.5188010535911,21.3503870236684,0.));
#6000=CARTESIAN_POINT('Ctrl Pts',(17.2033811128275,21.1992588713939,0.));
#6001=CARTESIAN_POINT('Ctrl Pts',(16.9738052751199,20.9362057537965,0.));
#6002=CARTESIAN_POINT('Ctrl Pts',(16.8664155820099,20.813156247139,0.));
#6003=CARTESIAN_POINT('',(16.8664155820099,20.813156247139,-3.));
#6004=CARTESIAN_POINT('Ctrl Pts',(16.8664155820099,20.813156247139,-3.));
#6005=CARTESIAN_POINT('Ctrl Pts',(16.9738052751199,20.9362057537965,-3.));
#6006=CARTESIAN_POINT('Ctrl Pts',(17.2033811128275,21.1992588713939,-3.));
#6007=CARTESIAN_POINT('Ctrl Pts',(17.5188010535911,21.3503870236684,-3.));
#6008=CARTESIAN_POINT('Ctrl Pts',(17.6866756299225,21.4308212995529,-3.));
#6009=CARTESIAN_POINT('',(16.8664155820099,20.813156247139,0.));
#6010=CARTESIAN_POINT('Ctrl Pts',(16.5452276089874,20.0101910829544,0.));
#6011=CARTESIAN_POINT('Ctrl Pts',(16.5452276089874,20.0101910829544,-3.));
#6012=CARTESIAN_POINT('Ctrl Pts',(16.5720459283541,20.1507625069306,0.));
#6013=CARTESIAN_POINT('Ctrl Pts',(16.5720459283541,20.1507625069306,-3.));
#6014=CARTESIAN_POINT('Ctrl Pts',(16.6270457760128,20.4390507772788,0.));
#6015=CARTESIAN_POINT('Ctrl Pts',(16.6270457760128,20.4390507772788,-3.));
#6016=CARTESIAN_POINT('Ctrl Pts',(16.7853180180076,20.6864107615952,0.));
#6017=CARTESIAN_POINT('Ctrl Pts',(16.7853180180076,20.6864107615952,-3.));
#6018=CARTESIAN_POINT('Ctrl Pts',(16.8664155820099,20.813156247139,0.));
#6019=CARTESIAN_POINT('Ctrl Pts',(16.8664155820099,20.813156247139,-3.));
#6020=CARTESIAN_POINT('',(16.5452276089874,20.0101910829544,0.));
#6021=CARTESIAN_POINT('Ctrl Pts',(16.8664155820099,20.813156247139,0.));
#6022=CARTESIAN_POINT('Ctrl Pts',(16.7853180180076,20.6864107615952,0.));
#6023=CARTESIAN_POINT('Ctrl Pts',(16.6270457760128,20.4390507772788,0.));
#6024=CARTESIAN_POINT('Ctrl Pts',(16.5720459283541,20.1507625069306,0.));
#6025=CARTESIAN_POINT('Ctrl Pts',(16.5452276089874,20.0101910829544,0.));
#6026=CARTESIAN_POINT('',(16.5452276089874,20.0101910829544,-3.));
#6027=CARTESIAN_POINT('Ctrl Pts',(16.5452276089874,20.0101910829544,-3.));
#6028=CARTESIAN_POINT('Ctrl Pts',(16.5720459283541,20.1507625069306,-3.));
#6029=CARTESIAN_POINT('Ctrl Pts',(16.6270457760128,20.4390507772788,-3.));
#6030=CARTESIAN_POINT('Ctrl Pts',(16.7853180180076,20.6864107615952,-3.));
#6031=CARTESIAN_POINT('Ctrl Pts',(16.8664155820099,20.813156247139,-3.));
#6032=CARTESIAN_POINT('',(16.5452276089874,20.0101910829544,0.));
#6033=CARTESIAN_POINT('Ctrl Pts',(16.4958177426544,18.2337855100632,0.));
#6034=CARTESIAN_POINT('Ctrl Pts',(16.4958177426544,18.2337855100632,-3.));
#6035=CARTESIAN_POINT('Ctrl Pts',(16.4945786325752,18.6076536998873,0.));
#6036=CARTESIAN_POINT('Ctrl Pts',(16.4945786325752,18.6076536998873,-3.));
#6037=CARTESIAN_POINT('Ctrl Pts',(16.4926140579047,19.2004113476249,0.));
#6038=CARTESIAN_POINT('Ctrl Pts',(16.4926140579047,19.2004113476249,-3.));
#6039=CARTESIAN_POINT('Ctrl Pts',(16.5310384970012,19.7918052277453,0.));
#6040=CARTESIAN_POINT('Ctrl Pts',(16.5310384970012,19.7918052277453,-3.));
#6041=CARTESIAN_POINT('Ctrl Pts',(16.5452276089874,20.0101910829544,0.));
#6042=CARTESIAN_POINT('Ctrl Pts',(16.5452276089874,20.0101910829544,-3.));
#6043=CARTESIAN_POINT('',(16.4958177426544,18.2337855100632,0.));
#6044=CARTESIAN_POINT('Ctrl Pts',(16.5452276089874,20.0101910829544,0.));
#6045=CARTESIAN_POINT('Ctrl Pts',(16.5310384970012,19.7918052277453,0.));
#6046=CARTESIAN_POINT('Ctrl Pts',(16.4926140579047,19.2004113476249,0.));
#6047=CARTESIAN_POINT('Ctrl Pts',(16.4945786325752,18.6076536998873,0.));
#6048=CARTESIAN_POINT('Ctrl Pts',(16.4958177426544,18.2337855100632,0.));
#6049=CARTESIAN_POINT('',(16.4958177426544,18.2337855100632,-3.));
#6050=CARTESIAN_POINT('Ctrl Pts',(16.4958177426544,18.2337855100632,-3.));
#6051=CARTESIAN_POINT('Ctrl Pts',(16.4945786325752,18.6076536998873,-3.));
#6052=CARTESIAN_POINT('Ctrl Pts',(16.4926140579047,19.2004113476249,-3.));
#6053=CARTESIAN_POINT('Ctrl Pts',(16.5310384970012,19.7918052277453,-3.));
#6054=CARTESIAN_POINT('Ctrl Pts',(16.5452276089874,20.0101910829544,-3.));
#6055=CARTESIAN_POINT('',(16.4958177426544,18.2337855100632,0.));
#6056=CARTESIAN_POINT('Origin',(16.4958177426544,13.4999989271164,0.));
#6057=CARTESIAN_POINT('',(16.4958177426544,13.4999989271164,0.));
#6058=CARTESIAN_POINT('',(16.4958177426544,23.4999994635582,0.));
#6059=CARTESIAN_POINT('',(16.4958177426544,13.4999989271164,-3.));
#6060=CARTESIAN_POINT('',(16.4958177426544,18.2337855100632,-3.));
#6061=CARTESIAN_POINT('',(16.4958177426544,13.4999989271164,0.));
#6062=CARTESIAN_POINT('Origin',(18.5761152127472,13.4999989271164,0.));
#6063=CARTESIAN_POINT('',(18.5761152127472,13.4999989271164,0.));
#6064=CARTESIAN_POINT('',(6.7880576063736,13.4999989271164,0.));
#6065=CARTESIAN_POINT('',(18.5761152127472,13.4999989271164,-3.));
#6066=CARTESIAN_POINT('',(16.4958177426544,13.4999989271164,-3.));
#6067=CARTESIAN_POINT('',(18.5761152127472,13.4999989271164,0.));
#6068=CARTESIAN_POINT('Origin',(18.5761152127472,19.4987641572952,0.));
#6069=CARTESIAN_POINT('',(18.5761152127472,19.4987641572952,0.));
#6070=CARTESIAN_POINT('',(18.5761152127472,26.4993820786476,0.));
#6071=CARTESIAN_POINT('',(18.5761152127472,19.4987641572952,-3.));
#6072=CARTESIAN_POINT('',(18.5761152127472,13.4999989271164,-3.));
#6073=CARTESIAN_POINT('',(18.5761152127472,19.4987641572952,0.));
#6074=CARTESIAN_POINT('Ctrl Pts',(18.6329398968903,20.1683132648468,0.));
#6075=CARTESIAN_POINT('Ctrl Pts',(18.6329398968903,20.1683132648468,-3.));
#6076=CARTESIAN_POINT('Ctrl Pts',(18.6166471194199,20.0884411218989,0.));
#6077=CARTESIAN_POINT('Ctrl Pts',(18.6166471194199,20.0884411218989,-3.));
#6078=CARTESIAN_POINT('Ctrl Pts',(18.5716768511199,19.867983210128,0.));
#6079=CARTESIAN_POINT('Ctrl Pts',(18.5716768511199,19.867983210128,-3.));
#6080=CARTESIAN_POINT('Ctrl Pts',(18.5743869717746,19.6425333109921,0.));
#6081=CARTESIAN_POINT('Ctrl Pts',(18.5743869717746,19.6425333109921,-3.));
#6082=CARTESIAN_POINT('Ctrl Pts',(18.5761152127472,19.4987641572952,0.));
#6083=CARTESIAN_POINT('Ctrl Pts',(18.5761152127472,19.4987641572952,-3.));
#6084=CARTESIAN_POINT('',(18.6329398968903,20.1683132648468,0.));
#6085=CARTESIAN_POINT('Ctrl Pts',(18.5761152127472,19.4987641572952,0.));
#6086=CARTESIAN_POINT('Ctrl Pts',(18.5743869717746,19.6425333109921,0.));
#6087=CARTESIAN_POINT('Ctrl Pts',(18.5716768511199,19.867983210128,0.));
#6088=CARTESIAN_POINT('Ctrl Pts',(18.6166471194199,20.0884411218989,0.));
#6089=CARTESIAN_POINT('Ctrl Pts',(18.6329398968903,20.1683132648468,0.));
#6090=CARTESIAN_POINT('',(18.6329398968903,20.1683132648468,-3.));
#6091=CARTESIAN_POINT('Ctrl Pts',(18.6329398968903,20.1683132648468,-3.));
#6092=CARTESIAN_POINT('Ctrl Pts',(18.6166471194199,20.0884411218989,-3.));
#6093=CARTESIAN_POINT('Ctrl Pts',(18.5716768511199,19.867983210128,-3.));
#6094=CARTESIAN_POINT('Ctrl Pts',(18.5743869717746,19.6425333109921,-3.));
#6095=CARTESIAN_POINT('Ctrl Pts',(18.5761152127472,19.4987641572952,-3.));
#6096=CARTESIAN_POINT('',(18.6329398968903,20.1683132648468,0.));
#6097=CARTESIAN_POINT('Ctrl Pts',(18.8627134183136,20.3140823841095,0.));
#6098=CARTESIAN_POINT('Ctrl Pts',(18.8627134183136,20.3140823841095,-3.));
#6099=CARTESIAN_POINT('Ctrl Pts',(18.8102451201086,20.3088482854997,0.));
#6100=CARTESIAN_POINT('Ctrl Pts',(18.8102451201086,20.3088482854997,-3.));
#6101=CARTESIAN_POINT('Ctrl Pts',(18.7086492348811,20.2987133487889,0.));
#6102=CARTESIAN_POINT('Ctrl Pts',(18.7086492348811,20.2987133487889,-3.));
#6103=CARTESIAN_POINT('Ctrl Pts',(18.657616989549,20.2108165417152,0.));
#6104=CARTESIAN_POINT('Ctrl Pts',(18.657616989549,20.2108165417152,-3.));
#6105=CARTESIAN_POINT('Ctrl Pts',(18.6329398968903,20.1683132648468,0.));
#6106=CARTESIAN_POINT('Ctrl Pts',(18.6329398968903,20.1683132648468,-3.));
#6107=CARTESIAN_POINT('',(18.8627134183136,20.3140823841095,0.));
#6108=CARTESIAN_POINT('Ctrl Pts',(18.6329398968903,20.1683132648468,0.));
#6109=CARTESIAN_POINT('Ctrl Pts',(18.657616989549,20.2108165417152,0.));
#6110=CARTESIAN_POINT('Ctrl Pts',(18.7086492348811,20.2987133487889,0.));
#6111=CARTESIAN_POINT('Ctrl Pts',(18.8102451201086,20.3088482854997,0.));
#6112=CARTESIAN_POINT('Ctrl Pts',(18.8627134183136,20.3140823841095,0.));
#6113=CARTESIAN_POINT('',(18.8627134183136,20.3140823841095,-3.));
#6114=CARTESIAN_POINT('Ctrl Pts',(18.8627134183136,20.3140823841095,-3.));
#6115=CARTESIAN_POINT('Ctrl Pts',(18.8102451201086,20.3088482854997,-3.));
#6116=CARTESIAN_POINT('Ctrl Pts',(18.7086492348811,20.2987133487889,-3.));
#6117=CARTESIAN_POINT('Ctrl Pts',(18.657616989549,20.2108165417152,-3.));
#6118=CARTESIAN_POINT('Ctrl Pts',(18.6329398968903,20.1683132648468,-3.));
#6119=CARTESIAN_POINT('',(18.8627134183136,20.3140823841095,0.));
#6120=CARTESIAN_POINT('Ctrl Pts',(19.1171918729035,20.1534889936447,0.));
#6121=CARTESIAN_POINT('Ctrl Pts',(19.1171918729035,20.1534889936447,-3.));
#6122=CARTESIAN_POINT('Ctrl Pts',(19.0908803470459,20.2002978494479,0.));
#6123=CARTESIAN_POINT('Ctrl Pts',(19.0908803470459,20.2002978494479,-3.));
#6124=CARTESIAN_POINT('Ctrl Pts',(19.0355236568543,20.298778771571,0.));
#6125=CARTESIAN_POINT('Ctrl Pts',(19.0355236568543,20.298778771571,-3.));
#6126=CARTESIAN_POINT('Ctrl Pts',(18.9221825117977,20.3088159602426,0.));
#6127=CARTESIAN_POINT('Ctrl Pts',(18.9221825117977,20.3088159602426,-3.));
#6128=CARTESIAN_POINT('Ctrl Pts',(18.8627134183136,20.3140823841095,0.));
#6129=CARTESIAN_POINT('Ctrl Pts',(18.8627134183136,20.3140823841095,-3.));
#6130=CARTESIAN_POINT('',(19.1171918729035,20.1534889936447,0.));
#6131=CARTESIAN_POINT('Ctrl Pts',(18.8627134183136,20.3140823841095,0.));
#6132=CARTESIAN_POINT('Ctrl Pts',(18.9221825117977,20.3088159602426,0.));
#6133=CARTESIAN_POINT('Ctrl Pts',(19.0355236568543,20.298778771571,0.));
#6134=CARTESIAN_POINT('Ctrl Pts',(19.0908803470459,20.2002978494479,0.));
#6135=CARTESIAN_POINT('Ctrl Pts',(19.1171918729035,20.1534889936447,0.));
#6136=CARTESIAN_POINT('',(19.1171918729035,20.1534889936447,-3.));
#6137=CARTESIAN_POINT('Ctrl Pts',(19.1171918729035,20.1534889936447,-3.));
#6138=CARTESIAN_POINT('Ctrl Pts',(19.0908803470459,20.2002978494479,-3.));
#6139=CARTESIAN_POINT('Ctrl Pts',(19.0355236568543,20.298778771571,-3.));
#6140=CARTESIAN_POINT('Ctrl Pts',(18.9221825117977,20.3088159602426,-3.));
#6141=CARTESIAN_POINT('Ctrl Pts',(18.8627134183136,20.3140823841095,-3.));
#6142=CARTESIAN_POINT('',(19.1171918729035,20.1534889936447,0.));
#6143=CARTESIAN_POINT('Ctrl Pts',(19.1740117886749,19.39499604702,0.));
#6144=CARTESIAN_POINT('Ctrl Pts',(19.1740117886749,19.39499604702,-3.));
#6145=CARTESIAN_POINT('Ctrl Pts',(19.1759067529403,19.5584710301656,0.));
#6146=CARTESIAN_POINT('Ctrl Pts',(19.1759067529403,19.5584710301656,-3.));
#6147=CARTESIAN_POINT('Ctrl Pts',(19.1788611381625,19.8133402555185,0.));
#6148=CARTESIAN_POINT('Ctrl Pts',(19.1788611381625,19.8133402555185,-3.));
#6149=CARTESIAN_POINT('Ctrl Pts',(19.1334691192602,20.0637086989522,0.));
#6150=CARTESIAN_POINT('Ctrl Pts',(19.1334691192602,20.0637086989522,-3.));
#6151=CARTESIAN_POINT('Ctrl Pts',(19.1171918729035,20.1534889936447,0.));
#6152=CARTESIAN_POINT('Ctrl Pts',(19.1171918729035,20.1534889936447,-3.));
#6153=CARTESIAN_POINT('',(19.1740117886749,19.39499604702,0.));
#6154=CARTESIAN_POINT('Ctrl Pts',(19.1171918729035,20.1534889936447,0.));
#6155=CARTESIAN_POINT('Ctrl Pts',(19.1334691192602,20.0637086989522,0.));
#6156=CARTESIAN_POINT('Ctrl Pts',(19.1788611381625,19.8133402555185,0.));
#6157=CARTESIAN_POINT('Ctrl Pts',(19.1759067529403,19.5584710301656,0.));
#6158=CARTESIAN_POINT('Ctrl Pts',(19.1740117886749,19.39499604702,0.));
#6159=CARTESIAN_POINT('',(19.1740117886749,19.39499604702,-3.));
#6160=CARTESIAN_POINT('Ctrl Pts',(19.1740117886749,19.39499604702,-3.));
#6161=CARTESIAN_POINT('Ctrl Pts',(19.1759067529403,19.5584710301656,-3.));
#6162=CARTESIAN_POINT('Ctrl Pts',(19.1788611381625,19.8133402555185,-3.));
#6163=CARTESIAN_POINT('Ctrl Pts',(19.1334691192602,20.0637086989522,-3.));
#6164=CARTESIAN_POINT('Ctrl Pts',(19.1171918729035,20.1534889936447,-3.));
#6165=CARTESIAN_POINT('',(19.1740117886749,19.39499604702,0.));
#6166=CARTESIAN_POINT('Origin',(19.1740117886749,13.4999989271164,0.));
#6167=CARTESIAN_POINT('',(19.1740117886749,13.4999989271164,0.));
#6168=CARTESIAN_POINT('',(19.1740117886749,23.4999994635582,0.));
#6169=CARTESIAN_POINT('',(19.1740117886749,13.4999989271164,-3.));
#6170=CARTESIAN_POINT('',(19.1740117886749,19.39499604702,-3.));
#6171=CARTESIAN_POINT('',(19.1740117886749,13.4999989271164,0.));
#6172=CARTESIAN_POINT('Origin',(21.2543092587677,13.4999989271164,0.));
#6173=CARTESIAN_POINT('',(8.12715462938386,13.4999989271164,0.));
#6174=CARTESIAN_POINT('',(19.1740117886749,13.4999989271164,-3.));
#6175=CARTESIAN_POINT('Origin',(3.3420197585312,17.4999995827675,-3.));
#6176=CARTESIAN_POINT('Origin',(5.61502798587953,16.6476212739944,0.));
#6177=CARTESIAN_POINT('',(5.61502798587953,14.8687450885773,0.));
#6178=CARTESIAN_POINT('',(5.61502798587953,16.6476212739944,0.));
#6179=CARTESIAN_POINT('',(5.61502798587953,25.0738106369972,0.));
#6180=CARTESIAN_POINT('',(5.61502798587953,14.8687450885773,-3.));
#6181=CARTESIAN_POINT('',(5.61502798587953,14.8687450885773,0.));
#6182=CARTESIAN_POINT('',(5.61502798587953,16.6476212739944,-3.));
#6183=CARTESIAN_POINT('',(5.61502798587953,14.8687450885773,-3.));
#6184=CARTESIAN_POINT('',(5.61502798587953,16.6476212739944,0.));
#6185=CARTESIAN_POINT('Ctrl Pts',(5.82256182224428,16.6426800489426,0.));
#6186=CARTESIAN_POINT('Ctrl Pts',(5.82256182224428,16.6426800489426,-3.));
#6187=CARTESIAN_POINT('Ctrl Pts',(5.79291118947026,16.6429814813346,0.));
#6188=CARTESIAN_POINT('Ctrl Pts',(5.79291118947026,16.6429814813346,-3.));
#6189=CARTESIAN_POINT('Ctrl Pts',(5.72371194997755,16.6436849702768,0.));
#6190=CARTESIAN_POINT('Ctrl Pts',(5.72371194997755,16.6436849702768,-3.));
#6191=CARTESIAN_POINT('Ctrl Pts',(5.65455336042704,16.6461897483774,0.));
#6192=CARTESIAN_POINT('Ctrl Pts',(5.65455336042704,16.6461897483774,-3.));
#6193=CARTESIAN_POINT('Ctrl Pts',(5.61502798587953,16.6476212739944,0.));
#6194=CARTESIAN_POINT('Ctrl Pts',(5.61502798587953,16.6476212739944,-3.));
#6195=CARTESIAN_POINT('',(5.82256182224428,16.6426800489426,0.));
#6196=CARTESIAN_POINT('Ctrl Pts',(5.61502798587953,16.6476212739944,0.));
#6197=CARTESIAN_POINT('Ctrl Pts',(5.65455336042704,16.6461897483774,0.));
#6198=CARTESIAN_POINT('Ctrl Pts',(5.72371194997755,16.6436849702768,0.));
#6199=CARTESIAN_POINT('Ctrl Pts',(5.79291118947026,16.6429814813346,0.));
#6200=CARTESIAN_POINT('Ctrl Pts',(5.82256182224428,16.6426800489426,0.));
#6201=CARTESIAN_POINT('',(5.82256182224428,16.6426800489426,-3.));
#6202=CARTESIAN_POINT('Ctrl Pts',(5.82256182224428,16.6426800489426,-3.));
#6203=CARTESIAN_POINT('Ctrl Pts',(5.79291118947026,16.6429814813346,-3.));
#6204=CARTESIAN_POINT('Ctrl Pts',(5.72371194997755,16.6436849702768,-3.));
#6205=CARTESIAN_POINT('Ctrl Pts',(5.65455336042704,16.6461897483774,-3.));
#6206=CARTESIAN_POINT('Ctrl Pts',(5.61502798587953,16.6476212739944,-3.));
#6207=CARTESIAN_POINT('',(5.82256182224428,16.6426800489426,0.));
#6208=CARTESIAN_POINT('Ctrl Pts',(6.21292694599306,16.491969704628,0.));
#6209=CARTESIAN_POINT('Ctrl Pts',(6.21292694599306,16.491969704628,-3.));
#6210=CARTESIAN_POINT('Ctrl Pts',(6.16902453189701,16.5356142484262,0.));
#6211=CARTESIAN_POINT('Ctrl Pts',(6.16902453189701,16.5356142484262,-3.));
#6212=CARTESIAN_POINT('Ctrl Pts',(6.06313957195908,16.6408772702154,0.));
#6213=CARTESIAN_POINT('Ctrl Pts',(6.06313957195908,16.6408772702154,-3.));
#6214=CARTESIAN_POINT('Ctrl Pts',(5.91139152952422,16.6420144000751,0.));
#6215=CARTESIAN_POINT('Ctrl Pts',(5.91139152952422,16.6420144000751,-3.));
#6216=CARTESIAN_POINT('Ctrl Pts',(5.82256182224428,16.6426800489426,0.));
#6217=CARTESIAN_POINT('Ctrl Pts',(5.82256182224428,16.6426800489426,-3.));
#6218=CARTESIAN_POINT('',(6.21292694599306,16.491969704628,0.));
#6219=CARTESIAN_POINT('Ctrl Pts',(5.82256182224428,16.6426800489426,0.));
#6220=CARTESIAN_POINT('Ctrl Pts',(5.91139152952422,16.6420144000751,0.));
#6221=CARTESIAN_POINT('Ctrl Pts',(6.06313957195908,16.6408772702154,0.));
#6222=CARTESIAN_POINT('Ctrl Pts',(6.16902453189701,16.5356142484262,0.));
#6223=CARTESIAN_POINT('Ctrl Pts',(6.21292694599306,16.491969704628,0.));
#6224=CARTESIAN_POINT('',(6.21292694599306,16.491969704628,-3.));
#6225=CARTESIAN_POINT('Ctrl Pts',(6.21292694599306,16.491969704628,-3.));
#6226=CARTESIAN_POINT('Ctrl Pts',(6.16902453189701,16.5356142484262,-3.));
#6227=CARTESIAN_POINT('Ctrl Pts',(6.06313957195908,16.6408772702154,-3.));
#6228=CARTESIAN_POINT('Ctrl Pts',(5.91139152952422,16.6420144000751,-3.));
#6229=CARTESIAN_POINT('Ctrl Pts',(5.82256182224428,16.6426800489426,-3.));
#6230=CARTESIAN_POINT('',(6.21292694599306,16.491969704628,0.));
#6231=CARTESIAN_POINT('Ctrl Pts',(6.29692896396791,15.629708647728,0.));
#6232=CARTESIAN_POINT('Ctrl Pts',(6.29692896396791,15.629708647728,-3.));
#6233=CARTESIAN_POINT('Ctrl Pts',(6.30089022859541,15.8215327949461,0.));
#6234=CARTESIAN_POINT('Ctrl Pts',(6.30089022859541,15.8215327949461,-3.));
#6235=CARTESIAN_POINT('Ctrl Pts',(6.30691389286876,16.1132285969241,0.));
#6236=CARTESIAN_POINT('Ctrl Pts',(6.30691389286876,16.1132285969241,-3.));
#6237=CARTESIAN_POINT('Ctrl Pts',(6.23689888683948,16.3953694879831,0.));
#6238=CARTESIAN_POINT('Ctrl Pts',(6.23689888683948,16.3953694879831,-3.));
#6239=CARTESIAN_POINT('Ctrl Pts',(6.21292694599306,16.491969704628,0.));
#6240=CARTESIAN_POINT('Ctrl Pts',(6.21292694599306,16.491969704628,-3.));
#6241=CARTESIAN_POINT('',(6.29692896396791,15.629708647728,0.));
#6242=CARTESIAN_POINT('Ctrl Pts',(6.21292694599306,16.491969704628,0.));
#6243=CARTESIAN_POINT('Ctrl Pts',(6.23689888683948,16.3953694879831,0.));
#6244=CARTESIAN_POINT('Ctrl Pts',(6.30691389286876,16.1132285969241,0.));
#6245=CARTESIAN_POINT('Ctrl Pts',(6.30089022859541,15.8215327949461,0.));
#6246=CARTESIAN_POINT('Ctrl Pts',(6.29692896396791,15.629708647728,0.));
#6247=CARTESIAN_POINT('',(6.29692896396791,15.629708647728,-3.));
#6248=CARTESIAN_POINT('Ctrl Pts',(6.29692896396791,15.629708647728,-3.));
#6249=CARTESIAN_POINT('Ctrl Pts',(6.30089022859541,15.8215327949461,-3.));
#6250=CARTESIAN_POINT('Ctrl Pts',(6.30691389286876,16.1132285969241,-3.));
#6251=CARTESIAN_POINT('Ctrl Pts',(6.23689888683948,16.3953694879831,-3.));
#6252=CARTESIAN_POINT('Ctrl Pts',(6.21292694599306,16.491969704628,-3.));
#6253=CARTESIAN_POINT('',(6.29692896396791,15.629708647728,0.));
#6254=CARTESIAN_POINT('Ctrl Pts',(6.22775181324159,15.1034580469131,0.));
#6255=CARTESIAN_POINT('Ctrl Pts',(6.22775181324159,15.1034580469131,-3.));
#6256=CARTESIAN_POINT('Ctrl Pts',(6.24773654436046,15.172024306049,0.));
#6257=CARTESIAN_POINT('Ctrl Pts',(6.24773654436046,15.172024306049,-3.));
#6258=CARTESIAN_POINT('Ctrl Pts',(6.29768114307311,15.3433808420663,0.));
#6259=CARTESIAN_POINT('Ctrl Pts',(6.29768114307311,15.3433808420663,-3.));
#6260=CARTESIAN_POINT('Ctrl Pts',(6.29721099058595,15.52235115518,0.));
#6261=CARTESIAN_POINT('Ctrl Pts',(6.29721099058595,15.52235115518,-3.));
#6262=CARTESIAN_POINT('Ctrl Pts',(6.29692896396791,15.629708647728,0.));
#6263=CARTESIAN_POINT('Ctrl Pts',(6.29692896396791,15.629708647728,-3.));
#6264=CARTESIAN_POINT('',(6.22775181324159,15.1034580469131,0.));
#6265=CARTESIAN_POINT('Ctrl Pts',(6.29692896396791,15.629708647728,0.));
#6266=CARTESIAN_POINT('Ctrl Pts',(6.29721099058595,15.52235115518,0.));
#6267=CARTESIAN_POINT('Ctrl Pts',(6.29768114307311,15.3433808420663,0.));
#6268=CARTESIAN_POINT('Ctrl Pts',(6.24773654436046,15.172024306049,0.));
#6269=CARTESIAN_POINT('Ctrl Pts',(6.22775181324159,15.1034580469131,0.));
#6270=CARTESIAN_POINT('',(6.22775181324159,15.1034580469131,-3.));
#6271=CARTESIAN_POINT('Ctrl Pts',(6.22775181324159,15.1034580469131,-3.));
#6272=CARTESIAN_POINT('Ctrl Pts',(6.24773654436046,15.172024306049,-3.));
#6273=CARTESIAN_POINT('Ctrl Pts',(6.29768114307311,15.3433808420663,-3.));
#6274=CARTESIAN_POINT('Ctrl Pts',(6.29721099058595,15.52235115518,-3.));
#6275=CARTESIAN_POINT('Ctrl Pts',(6.29692896396791,15.629708647728,-3.));
#6276=CARTESIAN_POINT('',(6.22775181324159,15.1034580469131,0.));
#6277=CARTESIAN_POINT('Ctrl Pts',(6.04739292652284,14.9132173061371,0.));
#6278=CARTESIAN_POINT('Ctrl Pts',(6.04739292652284,14.9132173061371,-3.));
#6279=CARTESIAN_POINT('Ctrl Pts',(6.08357768062446,14.933071299968,0.));
#6280=CARTESIAN_POINT('Ctrl Pts',(6.08357768062446,14.933071299968,-3.));
#6281=CARTESIAN_POINT('Ctrl Pts',(6.16352571683919,14.9769375043188,0.));
#6282=CARTESIAN_POINT('Ctrl Pts',(6.16352571683919,14.9769375043188,-3.));
#6283=CARTESIAN_POINT('Ctrl Pts',(6.20503162228514,15.0587009925587,0.));
#6284=CARTESIAN_POINT('Ctrl Pts',(6.20503162228514,15.0587009925587,-3.));
#6285=CARTESIAN_POINT('Ctrl Pts',(6.22775181324159,15.1034580469131,0.));
#6286=CARTESIAN_POINT('Ctrl Pts',(6.22775181324159,15.1034580469131,-3.));
#6287=CARTESIAN_POINT('',(6.04739292652284,14.9132173061371,0.));
#6288=CARTESIAN_POINT('Ctrl Pts',(6.22775181324159,15.1034580469131,0.));
#6289=CARTESIAN_POINT('Ctrl Pts',(6.20503162228514,15.0587009925587,0.));
#6290=CARTESIAN_POINT('Ctrl Pts',(6.16352571683919,14.9769375043188,0.));
#6291=CARTESIAN_POINT('Ctrl Pts',(6.08357768062446,14.933071299968,0.));
#6292=CARTESIAN_POINT('Ctrl Pts',(6.04739292652284,14.9132173061371,0.));
#6293=CARTESIAN_POINT('',(6.04739292652284,14.9132173061371,-3.));
#6294=CARTESIAN_POINT('Ctrl Pts',(6.04739292652284,14.9132173061371,-3.));
#6295=CARTESIAN_POINT('Ctrl Pts',(6.08357768062446,14.933071299968,-3.));
#6296=CARTESIAN_POINT('Ctrl Pts',(6.16352571683919,14.9769375043188,-3.));
#6297=CARTESIAN_POINT('Ctrl Pts',(6.20503162228514,15.0587009925587,-3.));
#6298=CARTESIAN_POINT('Ctrl Pts',(6.22775181324159,15.1034580469131,-3.));
#6299=CARTESIAN_POINT('',(6.04739292652284,14.9132173061371,0.));
#6300=CARTESIAN_POINT('Ctrl Pts',(5.61502798587953,14.8687450885773,0.));
#6301=CARTESIAN_POINT('Ctrl Pts',(5.61502798587953,14.8687450885773,-3.));
#6302=CARTESIAN_POINT('Ctrl Pts',(5.7050339247893,14.8695390140588,0.));
#6303=CARTESIAN_POINT('Ctrl Pts',(5.7050339247893,14.8695390140588,-3.));
#6304=CARTESIAN_POINT('Ctrl Pts',(5.85076758510753,14.8708245033037,0.));
#6305=CARTESIAN_POINT('Ctrl Pts',(5.85076758510753,14.8708245033037,-3.));
#6306=CARTESIAN_POINT('Ctrl Pts',(5.99300293795867,14.9014907197026,0.));
#6307=CARTESIAN_POINT('Ctrl Pts',(5.99300293795867,14.9014907197026,-3.));
#6308=CARTESIAN_POINT('Ctrl Pts',(6.04739292652284,14.9132173061371,0.));
#6309=CARTESIAN_POINT('Ctrl Pts',(6.04739292652284,14.9132173061371,-3.));
#6310=CARTESIAN_POINT('Ctrl Pts',(6.04739292652284,14.9132173061371,0.));
#6311=CARTESIAN_POINT('Ctrl Pts',(5.99300293795867,14.9014907197026,0.));
#6312=CARTESIAN_POINT('Ctrl Pts',(5.85076758510753,14.8708245033037,0.));
#6313=CARTESIAN_POINT('Ctrl Pts',(5.7050339247893,14.8695390140588,0.));
#6314=CARTESIAN_POINT('Ctrl Pts',(5.61502798587953,14.8687450885773,0.));
#6315=CARTESIAN_POINT('Ctrl Pts',(5.61502798587953,14.8687450885773,-3.));
#6316=CARTESIAN_POINT('Ctrl Pts',(5.7050339247893,14.8695390140588,-3.));
#6317=CARTESIAN_POINT('Ctrl Pts',(5.85076758510753,14.8708245033037,-3.));
#6318=CARTESIAN_POINT('Ctrl Pts',(5.99300293795867,14.9014907197026,-3.));
#6319=CARTESIAN_POINT('Ctrl Pts',(6.04739292652284,14.9132173061371,-3.));
#6320=CARTESIAN_POINT('Origin',(5.61502798587953,20.1312534809113,0.));
#6321=CARTESIAN_POINT('',(5.61502798587953,17.8928344249725,0.));
#6322=CARTESIAN_POINT('',(5.61502798587953,20.1312534809113,0.));
#6323=CARTESIAN_POINT('',(5.61502798587953,26.8156267404556,0.));
#6324=CARTESIAN_POINT('',(5.61502798587953,17.8928344249725,-3.));
#6325=CARTESIAN_POINT('',(5.61502798587953,17.8928344249725,0.));
#6326=CARTESIAN_POINT('',(5.61502798587953,20.1312534809113,-3.));
#6327=CARTESIAN_POINT('',(5.61502798587953,17.8928344249725,-3.));
#6328=CARTESIAN_POINT('',(5.61502798587953,20.1312534809113,0.));
#6329=CARTESIAN_POINT('Ctrl Pts',(6.17586716205751,19.9928961992264,0.));
#6330=CARTESIAN_POINT('Ctrl Pts',(6.17586716205751,19.9928961992264,-3.));
#6331=CARTESIAN_POINT('Ctrl Pts',(6.11024967680776,20.0294892758053,0.));
#6332=CARTESIAN_POINT('Ctrl Pts',(6.11024967680776,20.0294892758053,-3.));
#6333=CARTESIAN_POINT('Ctrl Pts',(5.93779517601417,20.1256624334614,0.));
#6334=CARTESIAN_POINT('Ctrl Pts',(5.93779517601417,20.1256624334614,-3.));
#6335=CARTESIAN_POINT('Ctrl Pts',(5.73849569360537,20.1291147449011,0.));
#6336=CARTESIAN_POINT('Ctrl Pts',(5.73849569360537,20.1291147449011,-3.));
#6337=CARTESIAN_POINT('Ctrl Pts',(5.61502798587953,20.1312534809113,0.));
#6338=CARTESIAN_POINT('Ctrl Pts',(5.61502798587953,20.1312534809113,-3.));
#6339=CARTESIAN_POINT('',(6.17586716205751,19.9928961992264,0.));
#6340=CARTESIAN_POINT('Ctrl Pts',(5.61502798587953,20.1312534809113,0.));
#6341=CARTESIAN_POINT('Ctrl Pts',(5.73849569360537,20.1291147449011,0.));
#6342=CARTESIAN_POINT('Ctrl Pts',(5.93779517601417,20.1256624334614,0.));
#6343=CARTESIAN_POINT('Ctrl Pts',(6.11024967680776,20.0294892758053,0.));
#6344=CARTESIAN_POINT('Ctrl Pts',(6.17586716205751,19.9928961992264,0.));
#6345=CARTESIAN_POINT('',(6.17586716205751,19.9928961992264,-3.));
#6346=CARTESIAN_POINT('Ctrl Pts',(6.17586716205751,19.9928961992264,-3.));
#6347=CARTESIAN_POINT('Ctrl Pts',(6.11024967680776,20.0294892758053,-3.));
#6348=CARTESIAN_POINT('Ctrl Pts',(5.93779517601417,20.1256624334614,-3.));
#6349=CARTESIAN_POINT('Ctrl Pts',(5.73849569360537,20.1291147449011,-3.));
#6350=CARTESIAN_POINT('Ctrl Pts',(5.61502798587953,20.1312534809113,-3.));
#6351=CARTESIAN_POINT('',(6.17586716205751,19.9928961992264,0.));
#6352=CARTESIAN_POINT('Ctrl Pts',(6.29692896396791,19.3851135969162,0.));
#6353=CARTESIAN_POINT('Ctrl Pts',(6.29692896396791,19.3851135969162,-3.));
#6354=CARTESIAN_POINT('Ctrl Pts',(6.29988854519115,19.5196522729223,0.));
#6355=CARTESIAN_POINT('Ctrl Pts',(6.29988854519115,19.5196522729223,-3.));
#6356=CARTESIAN_POINT('Ctrl Pts',(6.30458689960789,19.7332332950187,0.));
#6357=CARTESIAN_POINT('Ctrl Pts',(6.30458689960789,19.7332332950187,-3.));
#6358=CARTESIAN_POINT('Ctrl Pts',(6.2106364633172,19.9227570122285,0.));
#6359=CARTESIAN_POINT('Ctrl Pts',(6.2106364633172,19.9227570122285,-3.));
#6360=CARTESIAN_POINT('Ctrl Pts',(6.17586716205751,19.9928961992264,0.));
#6361=CARTESIAN_POINT('Ctrl Pts',(6.17586716205751,19.9928961992264,-3.));
#6362=CARTESIAN_POINT('',(6.29692896396791,19.3851135969162,0.));
#6363=CARTESIAN_POINT('Ctrl Pts',(6.17586716205751,19.9928961992264,0.));
#6364=CARTESIAN_POINT('Ctrl Pts',(6.2106364633172,19.9227570122285,0.));
#6365=CARTESIAN_POINT('Ctrl Pts',(6.30458689960789,19.7332332950187,0.));
#6366=CARTESIAN_POINT('Ctrl Pts',(6.29988854519115,19.5196522729223,0.));
#6367=CARTESIAN_POINT('Ctrl Pts',(6.29692896396791,19.3851135969162,0.));
#6368=CARTESIAN_POINT('',(6.29692896396791,19.3851135969162,-3.));
#6369=CARTESIAN_POINT('Ctrl Pts',(6.29692896396791,19.3851135969162,-3.));
#6370=CARTESIAN_POINT('Ctrl Pts',(6.29988854519115,19.5196522729223,-3.));
#6371=CARTESIAN_POINT('Ctrl Pts',(6.30458689960789,19.7332332950187,-3.));
#6372=CARTESIAN_POINT('Ctrl Pts',(6.2106364633172,19.9227570122285,-3.));
#6373=CARTESIAN_POINT('Ctrl Pts',(6.17586716205751,19.9928961992264,-3.));
#6374=CARTESIAN_POINT('',(6.29692896396791,19.3851135969162,0.));
#6375=CARTESIAN_POINT('Origin',(6.29692896396791,18.6389743089676,0.));
#6376=CARTESIAN_POINT('',(6.29692896396791,18.6389743089676,0.));
#6377=CARTESIAN_POINT('',(6.29692896396791,26.0694871544838,0.));
#6378=CARTESIAN_POINT('',(6.29692896396791,18.6389743089676,-3.));
#6379=CARTESIAN_POINT('',(6.29692896396791,19.3851135969162,-3.));
#6380=CARTESIAN_POINT('',(6.29692896396791,18.6389743089676,0.));
#6381=CARTESIAN_POINT('Ctrl Pts',(6.18821962864076,18.0163674354553,0.));
#6382=CARTESIAN_POINT('Ctrl Pts',(6.18821962864076,18.0163674354553,-3.));
#6383=CARTESIAN_POINT('Ctrl Pts',(6.2193190034457,18.0855005020287,0.));
#6384=CARTESIAN_POINT('Ctrl Pts',(6.2193190034457,18.0855005020287,-3.));
#6385=CARTESIAN_POINT('Ctrl Pts',(6.30750091218889,18.2815264930958,0.));
#6386=CARTESIAN_POINT('Ctrl Pts',(6.30750091218889,18.2815264930958,-3.));
#6387=CARTESIAN_POINT('Ctrl Pts',(6.30108327442391,18.4985130460184,0.));
#6388=CARTESIAN_POINT('Ctrl Pts',(6.30108327442391,18.4985130460184,-3.));
#6389=CARTESIAN_POINT('Ctrl Pts',(6.29692896396791,18.6389743089676,0.));
#6390=CARTESIAN_POINT('Ctrl Pts',(6.29692896396791,18.6389743089676,-3.));
#6391=CARTESIAN_POINT('',(6.18821962864076,18.0163674354553,0.));
#6392=CARTESIAN_POINT('Ctrl Pts',(6.29692896396791,18.6389743089676,0.));
#6393=CARTESIAN_POINT('Ctrl Pts',(6.30108327442391,18.4985130460184,0.));
#6394=CARTESIAN_POINT('Ctrl Pts',(6.30750091218889,18.2815264930958,0.));
#6395=CARTESIAN_POINT('Ctrl Pts',(6.2193190034457,18.0855005020287,0.));
#6396=CARTESIAN_POINT('Ctrl Pts',(6.18821962864076,18.0163674354553,0.));
#6397=CARTESIAN_POINT('',(6.18821962864076,18.0163674354553,-3.));
#6398=CARTESIAN_POINT('Ctrl Pts',(6.18821962864076,18.0163674354553,-3.));
#6399=CARTESIAN_POINT('Ctrl Pts',(6.2193190034457,18.0855005020287,-3.));
#6400=CARTESIAN_POINT('Ctrl Pts',(6.30750091218889,18.2815264930958,-3.));
#6401=CARTESIAN_POINT('Ctrl Pts',(6.30108327442391,18.4985130460184,-3.));
#6402=CARTESIAN_POINT('Ctrl Pts',(6.29692896396791,18.6389743089676,-3.));
#6403=CARTESIAN_POINT('',(6.18821962864076,18.0163674354553,0.));
#6404=CARTESIAN_POINT('Ctrl Pts',(5.61502798587953,17.8928344249725,0.));
#6405=CARTESIAN_POINT('Ctrl Pts',(5.61502798587953,17.8928344249725,-3.));
#6406=CARTESIAN_POINT('Ctrl Pts',(5.74327592634424,17.8937979635439,0.));
#6407=CARTESIAN_POINT('Ctrl Pts',(5.74327592634424,17.8937979635439,-3.));
#6408=CARTESIAN_POINT('Ctrl Pts',(5.94465342335833,17.8953109311992,0.));
#6409=CARTESIAN_POINT('Ctrl Pts',(5.94465342335833,17.8953109311992,-3.));
#6410=CARTESIAN_POINT('Ctrl Pts',(6.12333281297793,17.9841175957563,0.));
#6411=CARTESIAN_POINT('Ctrl Pts',(6.12333281297793,17.9841175957563,-3.));
#6412=CARTESIAN_POINT('Ctrl Pts',(6.18821962864076,18.0163674354553,0.));
#6413=CARTESIAN_POINT('Ctrl Pts',(6.18821962864076,18.0163674354553,-3.));
#6414=CARTESIAN_POINT('Ctrl Pts',(6.18821962864076,18.0163674354553,0.));
#6415=CARTESIAN_POINT('Ctrl Pts',(6.12333281297793,17.9841175957563,0.));
#6416=CARTESIAN_POINT('Ctrl Pts',(5.94465342335833,17.8953109311992,0.));
#6417=CARTESIAN_POINT('Ctrl Pts',(5.74327592634424,17.8937979635439,0.));
#6418=CARTESIAN_POINT('Ctrl Pts',(5.61502798587953,17.8928344249725,0.));
#6419=CARTESIAN_POINT('Ctrl Pts',(5.61502798587953,17.8928344249725,-3.));
#6420=CARTESIAN_POINT('Ctrl Pts',(5.74327592634424,17.8937979635439,-3.));
#6421=CARTESIAN_POINT('Ctrl Pts',(5.94465342335833,17.8953109311992,-3.));
#6422=CARTESIAN_POINT('Ctrl Pts',(6.12333281297793,17.9841175957563,-3.));
#6423=CARTESIAN_POINT('Ctrl Pts',(6.18821962864076,18.0163674354553,-3.));
#6424=CARTESIAN_POINT('Origin',(5.61008556873476,13.4999989271164,0.));
#6425=CARTESIAN_POINT('',(3.53473051578676,13.4999989271164,0.));
#6426=CARTESIAN_POINT('',(5.61008556873476,13.4999989271164,0.));
#6427=CARTESIAN_POINT('',(0.305042784367378,13.4999989271164,0.));
#6428=CARTESIAN_POINT('',(3.53473051578676,13.4999989271164,-3.));
#6429=CARTESIAN_POINT('',(3.53473051578676,13.4999989271164,0.));
#6430=CARTESIAN_POINT('',(5.61008556873476,13.4999989271164,-3.));
#6431=CARTESIAN_POINT('',(3.53473051578676,13.4999989271164,-3.));
#6432=CARTESIAN_POINT('',(5.61008556873476,13.4999989271164,0.));
#6433=CARTESIAN_POINT('Ctrl Pts',(7.09989412815248,13.653064250946,0.));
#6434=CARTESIAN_POINT('Ctrl Pts',(7.09989412815248,13.653064250946,-3.));
#6435=CARTESIAN_POINT('Ctrl Pts',(6.8920232153137,13.6086773242666,0.));
#6436=CARTESIAN_POINT('Ctrl Pts',(6.8920232153137,13.6086773242666,-3.));
#6437=CARTESIAN_POINT('Ctrl Pts',(6.40150866247506,13.5039371603125,0.));
#6438=CARTESIAN_POINT('Ctrl Pts',(6.40150866247506,13.5039371603125,-3.));
#6439=CARTESIAN_POINT('Ctrl Pts',(5.89940631326891,13.5014386280418,0.));
#6440=CARTESIAN_POINT('Ctrl Pts',(5.89940631326891,13.5014386280418,-3.));
#6441=CARTESIAN_POINT('Ctrl Pts',(5.61008556873476,13.4999989271164,0.));
#6442=CARTESIAN_POINT('Ctrl Pts',(5.61008556873476,13.4999989271164,-3.));
#6443=CARTESIAN_POINT('',(7.09989412815248,13.653064250946,0.));
#6444=CARTESIAN_POINT('Ctrl Pts',(5.61008556873476,13.4999989271164,0.));
#6445=CARTESIAN_POINT('Ctrl Pts',(5.89940631326891,13.5014386280418,0.));
#6446=CARTESIAN_POINT('Ctrl Pts',(6.40150866247506,13.5039371603125,0.));
#6447=CARTESIAN_POINT('Ctrl Pts',(6.8920232153137,13.6086773242666,0.));
#6448=CARTESIAN_POINT('Ctrl Pts',(7.09989412815248,13.653064250946,0.));
#6449=CARTESIAN_POINT('',(7.09989412815248,13.653064250946,-3.));
#6450=CARTESIAN_POINT('Ctrl Pts',(7.09989412815248,13.653064250946,-3.));
#6451=CARTESIAN_POINT('Ctrl Pts',(6.8920232153137,13.6086773242666,-3.));
#6452=CARTESIAN_POINT('Ctrl Pts',(6.40150866247506,13.5039371603125,-3.));
#6453=CARTESIAN_POINT('Ctrl Pts',(5.89940631326891,13.5014386280418,-3.));
#6454=CARTESIAN_POINT('Ctrl Pts',(5.61008556873476,13.4999989271164,-3.));
#6455=CARTESIAN_POINT('',(7.09989412815248,13.653064250946,0.));
#6456=CARTESIAN_POINT('Ctrl Pts',(7.91768415958559,14.2727755308151,0.));
#6457=CARTESIAN_POINT('Ctrl Pts',(7.91768415958559,14.2727755308151,-3.));
#6458=CARTESIAN_POINT('Ctrl Pts',(7.80717198766498,14.1307200543118,0.));
#6459=CARTESIAN_POINT('Ctrl Pts',(7.80717198766498,14.1307200543118,-3.));
#6460=CARTESIAN_POINT('Ctrl Pts',(7.5896218086974,13.8510748912539,0.));
#6461=CARTESIAN_POINT('Ctrl Pts',(7.5896218086974,13.8510748912539,-3.));
#6462=CARTESIAN_POINT('Ctrl Pts',(7.26138945416818,13.7183613419243,0.));
#6463=CARTESIAN_POINT('Ctrl Pts',(7.26138945416818,13.7183613419243,-3.));
#6464=CARTESIAN_POINT('Ctrl Pts',(7.09989412815248,13.653064250946,0.));
#6465=CARTESIAN_POINT('Ctrl Pts',(7.09989412815248,13.653064250946,-3.));
#6466=CARTESIAN_POINT('',(7.91768415958559,14.2727755308151,0.));
#6467=CARTESIAN_POINT('Ctrl Pts',(7.09989412815248,13.653064250946,0.));
#6468=CARTESIAN_POINT('Ctrl Pts',(7.26138945416818,13.7183613419243,0.));
#6469=CARTESIAN_POINT('Ctrl Pts',(7.5896218086974,13.8510748912539,0.));
#6470=CARTESIAN_POINT('Ctrl Pts',(7.80717198766498,14.1307200543118,0.));
#6471=CARTESIAN_POINT('Ctrl Pts',(7.91768415958559,14.2727755308151,0.));
#6472=CARTESIAN_POINT('',(7.91768415958559,14.2727755308151,-3.));
#6473=CARTESIAN_POINT('Ctrl Pts',(7.91768415958559,14.2727755308151,-3.));
#6474=CARTESIAN_POINT('Ctrl Pts',(7.80717198766498,14.1307200543118,-3.));
#6475=CARTESIAN_POINT('Ctrl Pts',(7.5896218086974,13.8510748912539,-3.));
#6476=CARTESIAN_POINT('Ctrl Pts',(7.26138945416818,13.7183613419243,-3.));
#6477=CARTESIAN_POINT('Ctrl Pts',(7.09989412815248,13.653064250946,-3.));
#6478=CARTESIAN_POINT('',(7.91768415958559,14.2727755308151,0.));
#6479=CARTESIAN_POINT('Ctrl Pts',(8.2289872983185,15.7764040231705,0.));
#6480=CARTESIAN_POINT('Ctrl Pts',(8.2289872983185,15.7764040231705,-3.));
#6481=CARTESIAN_POINT('Ctrl Pts',(8.22654410770964,15.472858824993,0.));
#6482=CARTESIAN_POINT('Ctrl Pts',(8.22654410770964,15.472858824993,-3.));
#6483=CARTESIAN_POINT('Ctrl Pts',(8.22232539217485,14.9487200867271,0.));
#6484=CARTESIAN_POINT('Ctrl Pts',(8.22232539217485,14.9487200867271,-3.));
#6485=CARTESIAN_POINT('Ctrl Pts',(8.00792046316336,14.472993792902,0.));
#6486=CARTESIAN_POINT('Ctrl Pts',(8.00792046316336,14.472993792902,-3.));
#6487=CARTESIAN_POINT('Ctrl Pts',(7.91768415958559,14.2727755308151,0.));
#6488=CARTESIAN_POINT('Ctrl Pts',(7.91768415958559,14.2727755308151,-3.));
#6489=CARTESIAN_POINT('',(8.2289872983185,15.7764040231705,0.));
#6490=CARTESIAN_POINT('Ctrl Pts',(7.91768415958559,14.2727755308151,0.));
#6491=CARTESIAN_POINT('Ctrl Pts',(8.00792046316336,14.472993792902,0.));
#6492=CARTESIAN_POINT('Ctrl Pts',(8.22232539217485,14.9487200867271,0.));
#6493=CARTESIAN_POINT('Ctrl Pts',(8.22654410770964,15.472858824993,0.));
#6494=CARTESIAN_POINT('Ctrl Pts',(8.2289872983185,15.7764040231705,0.));
#6495=CARTESIAN_POINT('',(8.2289872983185,15.7764040231705,-3.));
#6496=CARTESIAN_POINT('Ctrl Pts',(8.2289872983185,15.7764040231705,-3.));
#6497=CARTESIAN_POINT('Ctrl Pts',(8.22654410770964,15.472858824993,-3.));
#6498=CARTESIAN_POINT('Ctrl Pts',(8.22232539217485,14.9487200867271,-3.));
#6499=CARTESIAN_POINT('Ctrl Pts',(8.00792046316336,14.472993792902,-3.));
#6500=CARTESIAN_POINT('Ctrl Pts',(7.91768415958559,14.2727755308151,-3.));
#6501=CARTESIAN_POINT('',(8.2289872983185,15.7764040231705,0.));
#6502=CARTESIAN_POINT('Ctrl Pts',(8.00909861118471,16.7541300058365,0.));
#6503=CARTESIAN_POINT('Ctrl Pts',(8.00909861118471,16.7541300058365,-3.));
#6504=CARTESIAN_POINT('Ctrl Pts',(8.07273838802669,16.6287745787792,0.));
#6505=CARTESIAN_POINT('Ctrl Pts',(8.07273838802669,16.6287745787792,-3.));
#6506=CARTESIAN_POINT('Ctrl Pts',(8.2276375123161,16.3236596516119,0.));
#6507=CARTESIAN_POINT('Ctrl Pts',(8.2276375123161,16.3236596516119,-3.));
#6508=CARTESIAN_POINT('Ctrl Pts',(8.228486886576,15.9792903637709,0.));
#6509=CARTESIAN_POINT('Ctrl Pts',(8.228486886576,15.9792903637709,-3.));
#6510=CARTESIAN_POINT('Ctrl Pts',(8.2289872983185,15.7764040231705,0.));
#6511=CARTESIAN_POINT('Ctrl Pts',(8.2289872983185,15.7764040231705,-3.));
#6512=CARTESIAN_POINT('',(8.00909861118471,16.7541300058365,0.));
#6513=CARTESIAN_POINT('Ctrl Pts',(8.2289872983185,15.7764040231705,0.));
#6514=CARTESIAN_POINT('Ctrl Pts',(8.228486886576,15.9792903637709,0.));
#6515=CARTESIAN_POINT('Ctrl Pts',(8.2276375123161,16.3236596516119,0.));
#6516=CARTESIAN_POINT('Ctrl Pts',(8.07273838802669,16.6287745787792,0.));
#6517=CARTESIAN_POINT('Ctrl Pts',(8.00909861118471,16.7541300058365,0.));
#6518=CARTESIAN_POINT('',(8.00909861118471,16.7541300058365,-3.));
#6519=CARTESIAN_POINT('Ctrl Pts',(8.00909861118471,16.7541300058365,-3.));
#6520=CARTESIAN_POINT('Ctrl Pts',(8.07273838802669,16.6287745787792,-3.));
#6521=CARTESIAN_POINT('Ctrl Pts',(8.2276375123161,16.3236596516119,-3.));
#6522=CARTESIAN_POINT('Ctrl Pts',(8.228486886576,15.9792903637709,-3.));
#6523=CARTESIAN_POINT('Ctrl Pts',(8.2289872983185,15.7764040231705,-3.));
#6524=CARTESIAN_POINT('',(8.00909861118471,16.7541300058365,0.));
#6525=CARTESIAN_POINT('Ctrl Pts',(7.1418963292328,17.1788130998611,0.));
#6526=CARTESIAN_POINT('Ctrl Pts',(7.1418963292328,17.1788130998611,-3.));
#6527=CARTESIAN_POINT('Ctrl Pts',(7.3302310494471,17.1343662740476,0.));
#6528=CARTESIAN_POINT('Ctrl Pts',(7.3302310494471,17.1343662740476,-3.));
#6529=CARTESIAN_POINT('Ctrl Pts',(7.65345773653715,17.0580850644915,0.));
#6530=CARTESIAN_POINT('Ctrl Pts',(7.65345773653715,17.0580850644915,-3.));
#6531=CARTESIAN_POINT('Ctrl Pts',(7.90438098690258,16.8436288624075,0.));
#6532=CARTESIAN_POINT('Ctrl Pts',(7.90438098690258,16.8436288624075,-3.));
#6533=CARTESIAN_POINT('Ctrl Pts',(8.00909861118471,16.7541300058365,0.));
#6534=CARTESIAN_POINT('Ctrl Pts',(8.00909861118471,16.7541300058365,-3.));
#6535=CARTESIAN_POINT('',(7.1418963292328,17.1788130998611,0.));
#6536=CARTESIAN_POINT('Ctrl Pts',(8.00909861118471,16.7541300058365,0.));
#6537=CARTESIAN_POINT('Ctrl Pts',(7.90438098690258,16.8436288624075,0.));
#6538=CARTESIAN_POINT('Ctrl Pts',(7.65345773653715,17.0580850644915,0.));
#6539=CARTESIAN_POINT('Ctrl Pts',(7.3302310494471,17.1343662740476,0.));
#6540=CARTESIAN_POINT('Ctrl Pts',(7.1418963292328,17.1788130998611,0.));
#6541=CARTESIAN_POINT('',(7.1418963292328,17.1788130998611,-3.));
#6542=CARTESIAN_POINT('Ctrl Pts',(7.1418963292328,17.1788130998611,-3.));
#6543=CARTESIAN_POINT('Ctrl Pts',(7.3302310494471,17.1343662740476,-3.));
#6544=CARTESIAN_POINT('Ctrl Pts',(7.65345773653715,17.0580850644915,-3.));
#6545=CARTESIAN_POINT('Ctrl Pts',(7.90438098690258,16.8436288624075,-3.));
#6546=CARTESIAN_POINT('Ctrl Pts',(8.00909861118471,16.7541300058365,-3.));
#6547=CARTESIAN_POINT('',(7.1418963292328,17.1788130998611,0.));
#6548=CARTESIAN_POINT('Ctrl Pts',(8.12027796299135,17.7201973199844,0.));
#6549=CARTESIAN_POINT('Ctrl Pts',(8.12027796299135,17.7201973199844,-3.));
#6550=CARTESIAN_POINT('Ctrl Pts',(8.00261365504962,17.6006184623495,0.));
#6551=CARTESIAN_POINT('Ctrl Pts',(8.00261365504962,17.6006184623495,-3.));
#6552=CARTESIAN_POINT('Ctrl Pts',(7.73192716298283,17.3255275527544,0.));
#6553=CARTESIAN_POINT('Ctrl Pts',(7.73192716298283,17.3255275527544,-3.));
#6554=CARTESIAN_POINT('Ctrl Pts',(7.35498568037151,17.2317989537885,0.));
#6555=CARTESIAN_POINT('Ctrl Pts',(7.35498568037151,17.2317989537885,-3.));
#6556=CARTESIAN_POINT('Ctrl Pts',(7.1418963292328,17.1788130998611,0.));
#6557=CARTESIAN_POINT('Ctrl Pts',(7.1418963292328,17.1788130998611,-3.));
#6558=CARTESIAN_POINT('',(8.12027796299135,17.7201973199844,0.));
#6559=CARTESIAN_POINT('Ctrl Pts',(7.1418963292328,17.1788130998611,0.));
#6560=CARTESIAN_POINT('Ctrl Pts',(7.35498568037151,17.2317989537885,0.));
#6561=CARTESIAN_POINT('Ctrl Pts',(7.73192716298283,17.3255275527544,0.));
#6562=CARTESIAN_POINT('Ctrl Pts',(8.00261365504962,17.6006184623495,0.));
#6563=CARTESIAN_POINT('Ctrl Pts',(8.12027796299135,17.7201973199844,0.));
#6564=CARTESIAN_POINT('',(8.12027796299135,17.7201973199844,-3.));
#6565=CARTESIAN_POINT('Ctrl Pts',(8.12027796299135,17.7201973199844,-3.));
#6566=CARTESIAN_POINT('Ctrl Pts',(8.00261365504962,17.6006184623495,-3.));
#6567=CARTESIAN_POINT('Ctrl Pts',(7.73192716298283,17.3255275527544,-3.));
#6568=CARTESIAN_POINT('Ctrl Pts',(7.35498568037151,17.2317989537885,-3.));
#6569=CARTESIAN_POINT('Ctrl Pts',(7.1418963292328,17.1788130998611,-3.));
#6570=CARTESIAN_POINT('',(8.12027796299135,17.7201973199844,0.));
#6571=CARTESIAN_POINT('Ctrl Pts',(8.37722643406068,18.8796316385269,0.));
#6572=CARTESIAN_POINT('Ctrl Pts',(8.37722643406068,18.8796316385269,-3.));
#6573=CARTESIAN_POINT('Ctrl Pts',(8.37393708052243,18.6484107296343,0.));
#6574=CARTESIAN_POINT('Ctrl Pts',(8.37393708052243,18.6484107296343,-3.));
#6575=CARTESIAN_POINT('Ctrl Pts',(8.36816298127152,18.2425277920587,0.));
#6576=CARTESIAN_POINT('Ctrl Pts',(8.36816298127152,18.2425277920587,-3.));
#6577=CARTESIAN_POINT('Ctrl Pts',(8.1948563379482,17.8773450091349,0.));
#6578=CARTESIAN_POINT('Ctrl Pts',(8.1948563379482,17.8773450091349,-3.));
#6579=CARTESIAN_POINT('Ctrl Pts',(8.12027796299135,17.7201973199844,0.));
#6580=CARTESIAN_POINT('Ctrl Pts',(8.12027796299135,17.7201973199844,-3.));
#6581=CARTESIAN_POINT('',(8.37722643406068,18.8796316385269,0.));
#6582=CARTESIAN_POINT('Ctrl Pts',(8.12027796299135,17.7201973199844,0.));
#6583=CARTESIAN_POINT('Ctrl Pts',(8.1948563379482,17.8773450091349,0.));
#6584=CARTESIAN_POINT('Ctrl Pts',(8.36816298127152,18.2425277920587,0.));
#6585=CARTESIAN_POINT('Ctrl Pts',(8.37393708052243,18.6484107296343,0.));
#6586=CARTESIAN_POINT('Ctrl Pts',(8.37722643406068,18.8796316385269,0.));
#6587=CARTESIAN_POINT('',(8.37722643406068,18.8796316385269,-3.));
#6588=CARTESIAN_POINT('Ctrl Pts',(8.37722643406068,18.8796316385269,-3.));
#6589=CARTESIAN_POINT('Ctrl Pts',(8.37393708052243,18.6484107296343,-3.));
#6590=CARTESIAN_POINT('Ctrl Pts',(8.36816298127152,18.2425277920587,-3.));
#6591=CARTESIAN_POINT('Ctrl Pts',(8.1948563379482,17.8773450091349,-3.));
#6592=CARTESIAN_POINT('Ctrl Pts',(8.12027796299135,17.7201973199844,-3.));
#6593=CARTESIAN_POINT('',(8.37722643406068,18.8796316385269,0.));
#6594=CARTESIAN_POINT('Origin',(8.37722643406068,19.6212159395218,0.));
#6595=CARTESIAN_POINT('',(8.37722643406068,19.6212159395218,0.));
#6596=CARTESIAN_POINT('',(8.37722643406068,26.5606079697609,0.));
#6597=CARTESIAN_POINT('',(8.37722643406068,19.6212159395218,-3.));
#6598=CARTESIAN_POINT('',(8.37722643406068,18.8796316385269,-3.));
#6599=CARTESIAN_POINT('',(8.37722643406068,19.6212159395218,0.));
#6600=CARTESIAN_POINT('Ctrl Pts',(8.19192751438295,20.8226524591446,0.));
#6601=CARTESIAN_POINT('Ctrl Pts',(8.19192751438295,20.8226524591446,-3.));
#6602=CARTESIAN_POINT('Ctrl Pts',(8.24564194545663,20.6586976851548,0.));
#6603=CARTESIAN_POINT('Ctrl Pts',(8.24564194545663,20.6586976851548,-3.));
#6604=CARTESIAN_POINT('Ctrl Pts',(8.37316015044725,20.269468607216,0.));
#6605=CARTESIAN_POINT('Ctrl Pts',(8.37316015044725,20.269468607216,-3.));
#6606=CARTESIAN_POINT('Ctrl Pts',(8.37573575192991,19.8588625868832,0.));
#6607=CARTESIAN_POINT('Ctrl Pts',(8.37573575192991,19.8588625868832,-3.));
#6608=CARTESIAN_POINT('Ctrl Pts',(8.37722643406068,19.6212159395218,0.));
#6609=CARTESIAN_POINT('Ctrl Pts',(8.37722643406068,19.6212159395218,-3.));
#6610=CARTESIAN_POINT('',(8.19192751438295,20.8226524591446,0.));
#6611=CARTESIAN_POINT('Ctrl Pts',(8.37722643406068,19.6212159395218,0.));
#6612=CARTESIAN_POINT('Ctrl Pts',(8.37573575192991,19.8588625868832,0.));
#6613=CARTESIAN_POINT('Ctrl Pts',(8.37316015044725,20.269468607216,0.));
#6614=CARTESIAN_POINT('Ctrl Pts',(8.24564194545663,20.6586976851548,0.));
#6615=CARTESIAN_POINT('Ctrl Pts',(8.19192751438295,20.8226524591446,0.));
#6616=CARTESIAN_POINT('',(8.19192751438295,20.8226524591446,-3.));
#6617=CARTESIAN_POINT('Ctrl Pts',(8.19192751438295,20.8226524591446,-3.));
#6618=CARTESIAN_POINT('Ctrl Pts',(8.24564194545663,20.6586976851548,-3.));
#6619=CARTESIAN_POINT('Ctrl Pts',(8.37316015044725,20.269468607216,-3.));
#6620=CARTESIAN_POINT('Ctrl Pts',(8.37573575192991,19.8588625868832,-3.));
#6621=CARTESIAN_POINT('Ctrl Pts',(8.37722643406068,19.6212159395218,-3.));
#6622=CARTESIAN_POINT('',(8.19192751438295,20.8226524591446,0.));
#6623=CARTESIAN_POINT('Ctrl Pts',(7.6014386037079,21.3566242456436,0.));
#6624=CARTESIAN_POINT('Ctrl Pts',(7.6014386037079,21.3566242456436,-3.));
#6625=CARTESIAN_POINT('Ctrl Pts',(7.72739043874821,21.2984253111977,0.));
#6626=CARTESIAN_POINT('Ctrl Pts',(7.72739043874821,21.2984253111977,-3.));
#6627=CARTESIAN_POINT('Ctrl Pts',(7.97970709790858,21.1818366112285,0.));
#6628=CARTESIAN_POINT('Ctrl Pts',(7.97970709790858,21.1818366112285,-3.));
#6629=CARTESIAN_POINT('Ctrl Pts',(8.12111022653945,20.9425110849523,0.));
#6630=CARTESIAN_POINT('Ctrl Pts',(8.12111022653945,20.9425110849523,-3.));
#6631=CARTESIAN_POINT('Ctrl Pts',(8.19192751438295,20.8226524591446,0.));
#6632=CARTESIAN_POINT('Ctrl Pts',(8.19192751438295,20.8226524591446,-3.));
#6633=CARTESIAN_POINT('',(7.6014386037079,21.3566242456436,0.));
#6634=CARTESIAN_POINT('Ctrl Pts',(8.19192751438295,20.8226524591446,0.));
#6635=CARTESIAN_POINT('Ctrl Pts',(8.12111022653945,20.9425110849523,0.));
#6636=CARTESIAN_POINT('Ctrl Pts',(7.97970709790858,21.1818366112285,0.));
#6637=CARTESIAN_POINT('Ctrl Pts',(7.72739043874821,21.2984253111977,0.));
#6638=CARTESIAN_POINT('Ctrl Pts',(7.6014386037079,21.3566242456436,0.));
#6639=CARTESIAN_POINT('',(7.6014386037079,21.3566242456436,-3.));
#6640=CARTESIAN_POINT('Ctrl Pts',(7.6014386037079,21.3566242456436,-3.));
#6641=CARTESIAN_POINT('Ctrl Pts',(7.72739043874821,21.2984253111977,-3.));
#6642=CARTESIAN_POINT('Ctrl Pts',(7.97970709790858,21.1818366112285,-3.));
#6643=CARTESIAN_POINT('Ctrl Pts',(8.12111022653945,20.9425110849523,-3.));
#6644=CARTESIAN_POINT('Ctrl Pts',(8.19192751438295,20.8226524591446,-3.));
#6645=CARTESIAN_POINT('',(7.6014386037079,21.3566242456436,0.));
#6646=CARTESIAN_POINT('Ctrl Pts',(5.94115360767518,21.4999996423721,0.));
#6647=CARTESIAN_POINT('Ctrl Pts',(5.94115360767518,21.4999996423721,-3.));
#6648=CARTESIAN_POINT('Ctrl Pts',(6.29023839156672,21.5029473171586,0.));
#6649=CARTESIAN_POINT('Ctrl Pts',(6.29023839156672,21.5029473171586,-3.));
#6650=CARTESIAN_POINT('Ctrl Pts',(6.84911395545192,21.5076664670169,0.));
#6651=CARTESIAN_POINT('Ctrl Pts',(6.84911395545192,21.5076664670169,-3.));
#6652=CARTESIAN_POINT('Ctrl Pts',(7.39610793452622,21.3978479387144,0.));
#6653=CARTESIAN_POINT('Ctrl Pts',(7.39610793452622,21.3978479387144,-3.));
#6654=CARTESIAN_POINT('Ctrl Pts',(7.6014386037079,21.3566242456436,0.));
#6655=CARTESIAN_POINT('Ctrl Pts',(7.6014386037079,21.3566242456436,-3.));
#6656=CARTESIAN_POINT('',(5.94115360767518,21.4999996423721,0.));
#6657=CARTESIAN_POINT('Ctrl Pts',(7.6014386037079,21.3566242456436,0.));
#6658=CARTESIAN_POINT('Ctrl Pts',(7.39610793452622,21.3978479387144,0.));
#6659=CARTESIAN_POINT('Ctrl Pts',(6.84911395545192,21.5076664670169,0.));
#6660=CARTESIAN_POINT('Ctrl Pts',(6.29023839156672,21.5029473171586,0.));
#6661=CARTESIAN_POINT('Ctrl Pts',(5.94115360767518,21.4999996423721,0.));
#6662=CARTESIAN_POINT('',(5.94115360767518,21.4999996423721,-3.));
#6663=CARTESIAN_POINT('Ctrl Pts',(5.94115360767518,21.4999996423721,-3.));
#6664=CARTESIAN_POINT('Ctrl Pts',(6.29023839156672,21.5029473171586,-3.));
#6665=CARTESIAN_POINT('Ctrl Pts',(6.84911395545192,21.5076664670169,-3.));
#6666=CARTESIAN_POINT('Ctrl Pts',(7.39610793452622,21.3978479387144,-3.));
#6667=CARTESIAN_POINT('Ctrl Pts',(7.6014386037079,21.3566242456436,-3.));
#6668=CARTESIAN_POINT('',(5.94115360767518,21.4999996423721,0.));
#6669=CARTESIAN_POINT('Origin',(3.53473051578676,21.4999996423721,0.));
#6670=CARTESIAN_POINT('',(3.53473051578676,21.4999996423721,0.));
#6671=CARTESIAN_POINT('',(-0.732634742106621,21.4999996423721,0.));
#6672=CARTESIAN_POINT('',(3.53473051578676,21.4999996423721,-3.));
#6673=CARTESIAN_POINT('',(5.94115360767518,21.4999996423721,-3.));
#6674=CARTESIAN_POINT('',(3.53473051578676,21.4999996423721,0.));
#6675=CARTESIAN_POINT('Origin',(3.53473051578676,13.4999989271164,0.));
#6676=CARTESIAN_POINT('',(3.53473051578676,23.4999994635582,0.));
#6677=CARTESIAN_POINT('',(3.53473051578676,21.4999996423721,-3.));
#6678=CARTESIAN_POINT('Origin',(3.3420197585312,17.4999995827675,-3.));
#6679=CARTESIAN_POINT('Origin',(-5.,33.5,0.));
#6680=CARTESIAN_POINT('Origin',(-5.,33.5,0.));
#6681=CARTESIAN_POINT('Origin',(0.777472100564589,15.9212468862534,0.));
#6682=CARTESIAN_POINT('',(2.70953043491517,15.9212468862534,0.));
#6683=CARTESIAN_POINT('',(0.777472100564589,15.9212468862534,0.));
#6684=CARTESIAN_POINT('',(-2.11126394971771,15.9212468862534,0.));
#6685=CARTESIAN_POINT('',(2.70953043491517,15.9212468862534,-3.));
#6686=CARTESIAN_POINT('',(2.70953043491517,15.9212468862534,0.));
#6687=CARTESIAN_POINT('',(0.777472100564589,15.9212468862534,-3.));
#6688=CARTESIAN_POINT('',(2.70953043491517,15.9212468862534,-3.));
#6689=CARTESIAN_POINT('',(0.777472100564589,15.9212468862534,0.));
#6690=CARTESIAN_POINT('Origin',(0.777472100564589,15.3282885551453,0.));
#6691=CARTESIAN_POINT('',(0.777472100564589,15.3282885551453,0.));
#6692=CARTESIAN_POINT('',(0.777472100564589,24.4141442775726,0.));
#6693=CARTESIAN_POINT('',(0.777472100564589,15.3282885551453,-3.));
#6694=CARTESIAN_POINT('',(0.777472100564589,15.9212468862534,-3.));
#6695=CARTESIAN_POINT('',(0.777472100564589,15.3282885551453,0.));
#6696=CARTESIAN_POINT('Ctrl Pts',(0.703352532693495,14.7995667457581,0.));
#6697=CARTESIAN_POINT('Ctrl Pts',(0.703352532693495,14.7995667457581,-3.));
#6698=CARTESIAN_POINT('Ctrl Pts',(0.724624206834035,14.8620972467698,0.));
#6699=CARTESIAN_POINT('Ctrl Pts',(0.724624206834035,14.8620972467698,-3.));
#6700=CARTESIAN_POINT('Ctrl Pts',(0.782630212272251,15.0326124849113,0.));
#6701=CARTESIAN_POINT('Ctrl Pts',(0.782630212272251,15.0326124849113,-3.));
#6702=CARTESIAN_POINT('Ctrl Pts',(0.779472091179652,15.2136440109629,0.));
#6703=CARTESIAN_POINT('Ctrl Pts',(0.779472091179652,15.2136440109629,-3.));
#6704=CARTESIAN_POINT('Ctrl Pts',(0.777472100564589,15.3282885551453,0.));
#6705=CARTESIAN_POINT('Ctrl Pts',(0.777472100564589,15.3282885551453,-3.));
#6706=CARTESIAN_POINT('',(0.703352532693495,14.7995667457581,0.));
#6707=CARTESIAN_POINT('Ctrl Pts',(0.777472100564589,15.3282885551453,0.));
#6708=CARTESIAN_POINT('Ctrl Pts',(0.779472091179652,15.2136440109629,0.));
#6709=CARTESIAN_POINT('Ctrl Pts',(0.782630212272251,15.0326124849113,0.));
#6710=CARTESIAN_POINT('Ctrl Pts',(0.724624206834035,14.8620972467698,0.));
#6711=CARTESIAN_POINT('Ctrl Pts',(0.703352532693495,14.7995667457581,0.));
#6712=CARTESIAN_POINT('',(0.703352532693495,14.7995667457581,-3.));
#6713=CARTESIAN_POINT('Ctrl Pts',(0.703352532693495,14.7995667457581,-3.));
#6714=CARTESIAN_POINT('Ctrl Pts',(0.724624206834035,14.8620972467698,-3.));
#6715=CARTESIAN_POINT('Ctrl Pts',(0.782630212272251,15.0326124849113,-3.));
#6716=CARTESIAN_POINT('Ctrl Pts',(0.779472091179652,15.2136440109629,-3.));
#6717=CARTESIAN_POINT('Ctrl Pts',(0.777472100564589,15.3282885551453,-3.));
#6718=CARTESIAN_POINT('',(0.703352532693495,14.7995667457581,0.));
#6719=CARTESIAN_POINT('Ctrl Pts',(0.456286511727919,14.6859167814255,0.));
#6720=CARTESIAN_POINT('Ctrl Pts',(0.456286511727919,14.6859167814255,-3.));
#6721=CARTESIAN_POINT('Ctrl Pts',(0.508733331076416,14.6891158592717,0.));
#6722=CARTESIAN_POINT('Ctrl Pts',(0.508733331076416,14.6891158592717,-3.));
#6723=CARTESIAN_POINT('Ctrl Pts',(0.606528020028696,14.6950810031411,0.));
#6724=CARTESIAN_POINT('Ctrl Pts',(0.606528020028696,14.6950810031411,-3.));
#6725=CARTESIAN_POINT('Ctrl Pts',(0.672678319384299,14.766465438366,0.));
#6726=CARTESIAN_POINT('Ctrl Pts',(0.672678319384299,14.766465438366,-3.));
#6727=CARTESIAN_POINT('Ctrl Pts',(0.703352532693495,14.7995667457581,0.));
#6728=CARTESIAN_POINT('Ctrl Pts',(0.703352532693495,14.7995667457581,-3.));
#6729=CARTESIAN_POINT('',(0.456286511727919,14.6859167814255,0.));
#6730=CARTESIAN_POINT('Ctrl Pts',(0.703352532693495,14.7995667457581,0.));
#6731=CARTESIAN_POINT('Ctrl Pts',(0.672678319384299,14.766465438366,0.));
#6732=CARTESIAN_POINT('Ctrl Pts',(0.606528020028696,14.6950810031411,0.));
#6733=CARTESIAN_POINT('Ctrl Pts',(0.508733331076416,14.6891158592717,0.));
#6734=CARTESIAN_POINT('Ctrl Pts',(0.456286511727919,14.6859167814255,0.));
#6735=CARTESIAN_POINT('',(0.456286511727919,14.6859167814255,-3.));
#6736=CARTESIAN_POINT('Ctrl Pts',(0.456286511727919,14.6859167814255,-3.));
#6737=CARTESIAN_POINT('Ctrl Pts',(0.508733331076416,14.6891158592717,-3.));
#6738=CARTESIAN_POINT('Ctrl Pts',(0.606528020028696,14.6950810031411,-3.));
#6739=CARTESIAN_POINT('Ctrl Pts',(0.672678319384299,14.766465438366,-3.));
#6740=CARTESIAN_POINT('Ctrl Pts',(0.703352532693495,14.7995667457581,-3.));
#6741=CARTESIAN_POINT('',(0.456286511727919,14.6859167814255,0.));
#6742=CARTESIAN_POINT('Ctrl Pts',(0.172160706826796,14.8392133712769,0.));
#6743=CARTESIAN_POINT('Ctrl Pts',(0.172160706826796,14.8392133712769,-3.));
#6744=CARTESIAN_POINT('Ctrl Pts',(0.208426585873038,14.7945033274694,0.));
#6745=CARTESIAN_POINT('Ctrl Pts',(0.208426585873038,14.7945033274694,-3.));
#6746=CARTESIAN_POINT('Ctrl Pts',(0.281766837663966,14.7040864960935,0.));
#6747=CARTESIAN_POINT('Ctrl Pts',(0.281766837663966,14.7040864960935,-3.));
#6748=CARTESIAN_POINT('Ctrl Pts',(0.397687322764138,14.6920177012728,0.));
#6749=CARTESIAN_POINT('Ctrl Pts',(0.397687322764138,14.6920177012728,-3.));
#6750=CARTESIAN_POINT('Ctrl Pts',(0.456286511727919,14.6859167814255,0.));
#6751=CARTESIAN_POINT('Ctrl Pts',(0.456286511727919,14.6859167814255,-3.));
#6752=CARTESIAN_POINT('',(0.172160706826796,14.8392133712769,0.));
#6753=CARTESIAN_POINT('Ctrl Pts',(0.456286511727919,14.6859167814255,0.));
#6754=CARTESIAN_POINT('Ctrl Pts',(0.397687322764138,14.6920177012728,0.));
#6755=CARTESIAN_POINT('Ctrl Pts',(0.281766837663966,14.7040864960935,0.));
#6756=CARTESIAN_POINT('Ctrl Pts',(0.208426585873038,14.7945033274694,0.));
#6757=CARTESIAN_POINT('Ctrl Pts',(0.172160706826796,14.8392133712769,0.));
#6758=CARTESIAN_POINT('',(0.172160706826796,14.8392133712769,-3.));
#6759=CARTESIAN_POINT('Ctrl Pts',(0.172160706826796,14.8392133712769,-3.));
#6760=CARTESIAN_POINT('Ctrl Pts',(0.208426585873038,14.7945033274694,-3.));
#6761=CARTESIAN_POINT('Ctrl Pts',(0.281766837663966,14.7040864960935,-3.));
#6762=CARTESIAN_POINT('Ctrl Pts',(0.397687322764138,14.6920177012728,-3.));
#6763=CARTESIAN_POINT('Ctrl Pts',(0.456286511727919,14.6859167814255,-3.));
#6764=CARTESIAN_POINT('',(0.172160706826796,14.8392133712769,0.));
#6765=CARTESIAN_POINT('Ctrl Pts',(0.0758062222686906,15.3040449619293,0.));
#6766=CARTESIAN_POINT('Ctrl Pts',(0.0758062222686906,15.3040449619293,-3.));
#6767=CARTESIAN_POINT('Ctrl Pts',(0.0770215468260282,15.211838237059,0.));
#6768=CARTESIAN_POINT('Ctrl Pts',(0.0770215468260282,15.211838237059,-3.));
#6769=CARTESIAN_POINT('Ctrl Pts',(0.0791535795673193,15.0500808240257,0.));
#6770=CARTESIAN_POINT('Ctrl Pts',(0.0791535795673193,15.0500808240257,-3.));
#6771=CARTESIAN_POINT('Ctrl Pts',(0.144194934458652,14.9026178796966,0.));
#6772=CARTESIAN_POINT('Ctrl Pts',(0.144194934458652,14.9026178796966,-3.));
#6773=CARTESIAN_POINT('Ctrl Pts',(0.172160706826796,14.8392133712769,0.));
#6774=CARTESIAN_POINT('Ctrl Pts',(0.172160706826796,14.8392133712769,-3.));
#6775=CARTESIAN_POINT('',(0.0758062222686906,15.3040449619293,0.));
#6776=CARTESIAN_POINT('Ctrl Pts',(0.172160706826796,14.8392133712769,0.));
#6777=CARTESIAN_POINT('Ctrl Pts',(0.144194934458652,14.9026178796966,0.));
#6778=CARTESIAN_POINT('Ctrl Pts',(0.0791535795673193,15.0500808240257,0.));
#6779=CARTESIAN_POINT('Ctrl Pts',(0.0770215468260282,15.211838237059,0.));
#6780=CARTESIAN_POINT('Ctrl Pts',(0.0758062222686906,15.3040449619293,0.));
#6781=CARTESIAN_POINT('',(0.0758062222686906,15.3040449619293,-3.));
#6782=CARTESIAN_POINT('Ctrl Pts',(0.0758062222686906,15.3040449619293,-3.));
#6783=CARTESIAN_POINT('Ctrl Pts',(0.0770215468260282,15.211838237059,-3.));
#6784=CARTESIAN_POINT('Ctrl Pts',(0.0791535795673193,15.0500808240257,-3.));
#6785=CARTESIAN_POINT('Ctrl Pts',(0.144194934458652,14.9026178796966,-3.));
#6786=CARTESIAN_POINT('Ctrl Pts',(0.172160706826796,14.8392133712769,-3.));
#6787=CARTESIAN_POINT('',(0.0758062222686906,15.3040449619293,0.));
#6788=CARTESIAN_POINT('Ctrl Pts',(0.184129319497695,15.9072725772858,0.));
#6789=CARTESIAN_POINT('Ctrl Pts',(0.184129319497695,15.9072725772858,-3.));
#6790=CARTESIAN_POINT('Ctrl Pts',(0.152692305742308,15.8240694162378,0.));
#6791=CARTESIAN_POINT('Ctrl Pts',(0.152692305742308,15.8240694162378,-3.));
#6792=CARTESIAN_POINT('Ctrl Pts',(0.0794782090330592,15.6302964221843,0.));
#6793=CARTESIAN_POINT('Ctrl Pts',(0.0794782090330592,15.6302964221843,-3.));
#6794=CARTESIAN_POINT('Ctrl Pts',(0.0771402802034871,15.4225743513905,0.));
#6795=CARTESIAN_POINT('Ctrl Pts',(0.0771402802034871,15.4225743513905,-3.));
#6796=CARTESIAN_POINT('Ctrl Pts',(0.0758062222686906,15.3040449619293,0.));
#6797=CARTESIAN_POINT('Ctrl Pts',(0.0758062222686906,15.3040449619293,-3.));
#6798=CARTESIAN_POINT('',(0.184129319497695,15.9072725772858,0.));
#6799=CARTESIAN_POINT('Ctrl Pts',(0.0758062222686906,15.3040449619293,0.));
#6800=CARTESIAN_POINT('Ctrl Pts',(0.0771402802034871,15.4225743513905,0.));
#6801=CARTESIAN_POINT('Ctrl Pts',(0.0794782090330592,15.6302964221843,0.));
#6802=CARTESIAN_POINT('Ctrl Pts',(0.152692305742308,15.8240694162378,0.));
#6803=CARTESIAN_POINT('Ctrl Pts',(0.184129319497695,15.9072725772858,0.));
#6804=CARTESIAN_POINT('',(0.184129319497695,15.9072725772858,-3.));
#6805=CARTESIAN_POINT('Ctrl Pts',(0.184129319497695,15.9072725772858,-3.));
#6806=CARTESIAN_POINT('Ctrl Pts',(0.152692305742308,15.8240694162378,-3.));
#6807=CARTESIAN_POINT('Ctrl Pts',(0.0794782090330592,15.6302964221843,-3.));
#6808=CARTESIAN_POINT('Ctrl Pts',(0.0771402802034871,15.4225743513905,-3.));
#6809=CARTESIAN_POINT('Ctrl Pts',(0.0758062222686906,15.3040449619293,-3.));
#6810=CARTESIAN_POINT('',(0.184129319497695,15.9072725772858,0.));
#6811=CARTESIAN_POINT('Ctrl Pts',(0.771990857431044,16.3963859081268,0.));
#6812=CARTESIAN_POINT('Ctrl Pts',(0.771990857431044,16.3963859081268,-3.));
#6813=CARTESIAN_POINT('Ctrl Pts',(0.63449143264616,16.316738249674,0.));
#6814=CARTESIAN_POINT('Ctrl Pts',(0.63449143264616,16.316738249674,-3.));
#6815=CARTESIAN_POINT('Ctrl Pts',(0.409672576036715,16.1865101012073,0.));
#6816=CARTESIAN_POINT('Ctrl Pts',(0.409672576036715,16.1865101012073,-3.));
#6817=CARTESIAN_POINT('Ctrl Pts',(0.247224139142075,15.9853881524536,0.));
#6818=CARTESIAN_POINT('Ctrl Pts',(0.247224139142075,15.9853881524536,-3.));
#6819=CARTESIAN_POINT('Ctrl Pts',(0.184129319497695,15.9072725772858,0.));
#6820=CARTESIAN_POINT('Ctrl Pts',(0.184129319497695,15.9072725772858,-3.));
#6821=CARTESIAN_POINT('',(0.771990857431044,16.3963859081268,0.));
#6822=CARTESIAN_POINT('Ctrl Pts',(0.184129319497695,15.9072725772858,0.));
#6823=CARTESIAN_POINT('Ctrl Pts',(0.247224139142075,15.9853881524536,0.));
#6824=CARTESIAN_POINT('Ctrl Pts',(0.409672576036715,16.1865101012073,0.));
#6825=CARTESIAN_POINT('Ctrl Pts',(0.63449143264616,16.316738249674,0.));
#6826=CARTESIAN_POINT('Ctrl Pts',(0.771990857431044,16.3963859081268,0.));
#6827=CARTESIAN_POINT('',(0.771990857431044,16.3963859081268,-3.));
#6828=CARTESIAN_POINT('Ctrl Pts',(0.771990857431044,16.3963859081268,-3.));
#6829=CARTESIAN_POINT('Ctrl Pts',(0.63449143264616,16.316738249674,-3.));
#6830=CARTESIAN_POINT('Ctrl Pts',(0.409672576036715,16.1865101012073,-3.));
#6831=CARTESIAN_POINT('Ctrl Pts',(0.247224139142075,15.9853881524536,-3.));
#6832=CARTESIAN_POINT('Ctrl Pts',(0.184129319497695,15.9072725772858,-3.));
#6833=CARTESIAN_POINT('',(0.771990857431044,16.3963859081268,0.));
#6834=CARTESIAN_POINT('Ctrl Pts',(2.52175911457216,17.7495359182358,0.));
#6835=CARTESIAN_POINT('Ctrl Pts',(2.52175911457216,17.7495359182358,-3.));
#6836=CARTESIAN_POINT('Ctrl Pts',(2.32239995067776,17.5405106559792,0.));
#6837=CARTESIAN_POINT('Ctrl Pts',(2.32239995067776,17.5405106559792,-3.));
#6838=CARTESIAN_POINT('Ctrl Pts',(1.80931500745351,17.0025483535581,0.));
#6839=CARTESIAN_POINT('Ctrl Pts',(1.80931500745351,17.0025483535581,-3.));
#6840=CARTESIAN_POINT('Ctrl Pts',(1.16559403468324,16.626388713371,0.));
#6841=CARTESIAN_POINT('Ctrl Pts',(1.16559403468324,16.626388713371,-3.));
#6842=CARTESIAN_POINT('Ctrl Pts',(0.771990857431044,16.3963859081268,0.));
#6843=CARTESIAN_POINT('Ctrl Pts',(0.771990857431044,16.3963859081268,-3.));
#6844=CARTESIAN_POINT('',(2.52175911457216,17.7495359182358,0.));
#6845=CARTESIAN_POINT('Ctrl Pts',(0.771990857431044,16.3963859081268,0.));
#6846=CARTESIAN_POINT('Ctrl Pts',(1.16559403468324,16.626388713371,0.));
#6847=CARTESIAN_POINT('Ctrl Pts',(1.80931500745351,17.0025483535581,0.));
#6848=CARTESIAN_POINT('Ctrl Pts',(2.32239995067776,17.5405106559792,0.));
#6849=CARTESIAN_POINT('Ctrl Pts',(2.52175911457216,17.7495359182358,0.));
#6850=CARTESIAN_POINT('',(2.52175911457216,17.7495359182358,-3.));
#6851=CARTESIAN_POINT('Ctrl Pts',(2.52175911457216,17.7495359182358,-3.));
#6852=CARTESIAN_POINT('Ctrl Pts',(2.32239995067776,17.5405106559792,-3.));
#6853=CARTESIAN_POINT('Ctrl Pts',(1.80931500745351,17.0025483535581,-3.));
#6854=CARTESIAN_POINT('Ctrl Pts',(1.16559403468324,16.626388713371,-3.));
#6855=CARTESIAN_POINT('Ctrl Pts',(0.771990857431044,16.3963859081268,-3.));
#6856=CARTESIAN_POINT('',(2.52175911457216,17.7495359182358,0.));
#6857=CARTESIAN_POINT('Ctrl Pts',(2.88247688800966,19.4542919397354,0.));
#6858=CARTESIAN_POINT('Ctrl Pts',(2.88247688800966,19.4542919397354,-3.));
#6859=CARTESIAN_POINT('Ctrl Pts',(2.87953667254275,19.1098435523456,0.));
#6860=CARTESIAN_POINT('Ctrl Pts',(2.87953667254275,19.1098435523456,-3.));
#6861=CARTESIAN_POINT('Ctrl Pts',(2.87445483045035,18.5145020430582,0.));
#6862=CARTESIAN_POINT('Ctrl Pts',(2.87445483045035,18.5145020430582,-3.));
#6863=CARTESIAN_POINT('Ctrl Pts',(2.62632695660515,17.976334411384,0.));
#6864=CARTESIAN_POINT('Ctrl Pts',(2.62632695660515,17.976334411384,-3.));
#6865=CARTESIAN_POINT('Ctrl Pts',(2.52175911457216,17.7495359182358,0.));
#6866=CARTESIAN_POINT('Ctrl Pts',(2.52175911457216,17.7495359182358,-3.));
#6867=CARTESIAN_POINT('',(2.88247688800966,19.4542919397354,0.));
#6868=CARTESIAN_POINT('Ctrl Pts',(2.52175911457216,17.7495359182358,0.));
#6869=CARTESIAN_POINT('Ctrl Pts',(2.62632695660515,17.976334411384,0.));
#6870=CARTESIAN_POINT('Ctrl Pts',(2.87445483045035,18.5145020430582,0.));
#6871=CARTESIAN_POINT('Ctrl Pts',(2.87953667254275,19.1098435523456,0.));
#6872=CARTESIAN_POINT('Ctrl Pts',(2.88247688800966,19.4542919397354,0.));
#6873=CARTESIAN_POINT('',(2.88247688800966,19.4542919397354,-3.));
#6874=CARTESIAN_POINT('Ctrl Pts',(2.88247688800966,19.4542919397354,-3.));
#6875=CARTESIAN_POINT('Ctrl Pts',(2.87953667254275,19.1098435523456,-3.));
#6876=CARTESIAN_POINT('Ctrl Pts',(2.87445483045035,18.5145020430582,-3.));
#6877=CARTESIAN_POINT('Ctrl Pts',(2.62632695660515,17.976334411384,-3.));
#6878=CARTESIAN_POINT('Ctrl Pts',(2.52175911457216,17.7495359182358,-3.));
#6879=CARTESIAN_POINT('',(2.88247688800966,19.4542919397354,0.));
#6880=CARTESIAN_POINT('Ctrl Pts',(2.68235310108339,20.7143293619156,0.));
#6881=CARTESIAN_POINT('Ctrl Pts',(2.68235310108339,20.7143293619156,-3.));
#6882=CARTESIAN_POINT('Ctrl Pts',(2.74035426816031,20.5432022824166,0.));
#6883=CARTESIAN_POINT('Ctrl Pts',(2.74035426816031,20.5432022824166,-3.));
#6884=CARTESIAN_POINT('Ctrl Pts',(2.87844022297986,20.1357924429428,0.));
#6885=CARTESIAN_POINT('Ctrl Pts',(2.87844022297986,20.1357924429428,-3.));
#6886=CARTESIAN_POINT('Ctrl Pts',(2.88099513358969,19.7044529948105,0.));
#6887=CARTESIAN_POINT('Ctrl Pts',(2.88099513358969,19.7044529948105,-3.));
#6888=CARTESIAN_POINT('Ctrl Pts',(2.88247688800966,19.4542919397354,0.));
#6889=CARTESIAN_POINT('Ctrl Pts',(2.88247688800966,19.4542919397354,-3.));
#6890=CARTESIAN_POINT('',(2.68235310108339,20.7143293619156,0.));
#6891=CARTESIAN_POINT('Ctrl Pts',(2.88247688800966,19.4542919397354,0.));
#6892=CARTESIAN_POINT('Ctrl Pts',(2.88099513358969,19.7044529948105,0.));
#6893=CARTESIAN_POINT('Ctrl Pts',(2.87844022297986,20.1357924429428,0.));
#6894=CARTESIAN_POINT('Ctrl Pts',(2.74035426816031,20.5432022824166,0.));
#6895=CARTESIAN_POINT('Ctrl Pts',(2.68235310108339,20.7143293619156,0.));
#6896=CARTESIAN_POINT('',(2.68235310108339,20.7143293619156,-3.));
#6897=CARTESIAN_POINT('Ctrl Pts',(2.68235310108339,20.7143293619156,-3.));
#6898=CARTESIAN_POINT('Ctrl Pts',(2.74035426816031,20.5432022824166,-3.));
#6899=CARTESIAN_POINT('Ctrl Pts',(2.87844022297986,20.1357924429428,-3.));
#6900=CARTESIAN_POINT('Ctrl Pts',(2.88099513358969,19.7044529948105,-3.));
#6901=CARTESIAN_POINT('Ctrl Pts',(2.88247688800966,19.4542919397354,-3.));
#6902=CARTESIAN_POINT('',(2.68235310108339,20.7143293619156,0.));
#6903=CARTESIAN_POINT('Ctrl Pts',(1.9090352872101,21.3937615156174,0.));
#6904=CARTESIAN_POINT('Ctrl Pts',(1.9090352872101,21.3937615156174,-3.));
#6905=CARTESIAN_POINT('Ctrl Pts',(2.08059912396294,21.304220352164,0.));
#6906=CARTESIAN_POINT('Ctrl Pts',(2.08059912396294,21.304220352164,-3.));
#6907=CARTESIAN_POINT('Ctrl Pts',(2.39494426992183,21.1401599614207,0.));
#6908=CARTESIAN_POINT('Ctrl Pts',(2.39494426992183,21.1401599614207,-3.));
#6909=CARTESIAN_POINT('Ctrl Pts',(2.5925822975629,20.8473355570512,0.));
#6910=CARTESIAN_POINT('Ctrl Pts',(2.5925822975629,20.8473355570512,-3.));
#6911=CARTESIAN_POINT('Ctrl Pts',(2.68235310108339,20.7143293619156,0.));
#6912=CARTESIAN_POINT('Ctrl Pts',(2.68235310108339,20.7143293619156,-3.));
#6913=CARTESIAN_POINT('',(1.9090352872101,21.3937615156174,0.));
#6914=CARTESIAN_POINT('Ctrl Pts',(2.68235310108339,20.7143293619156,0.));
#6915=CARTESIAN_POINT('Ctrl Pts',(2.5925822975629,20.8473355570512,0.));
#6916=CARTESIAN_POINT('Ctrl Pts',(2.39494426992183,21.1401599614207,0.));
#6917=CARTESIAN_POINT('Ctrl Pts',(2.08059912396294,21.304220352164,0.));
#6918=CARTESIAN_POINT('Ctrl Pts',(1.9090352872101,21.3937615156174,0.));
#6919=CARTESIAN_POINT('',(1.9090352872101,21.3937615156174,-3.));
#6920=CARTESIAN_POINT('Ctrl Pts',(1.9090352872101,21.3937615156174,-3.));
#6921=CARTESIAN_POINT('Ctrl Pts',(2.08059912396294,21.304220352164,-3.));
#6922=CARTESIAN_POINT('Ctrl Pts',(2.39494426992183,21.1401599614207,-3.));
#6923=CARTESIAN_POINT('Ctrl Pts',(2.5925822975629,20.8473355570512,-3.));
#6924=CARTESIAN_POINT('Ctrl Pts',(2.68235310108339,20.7143293619156,-3.));
#6925=CARTESIAN_POINT('',(1.9090352872101,21.3937615156174,0.));
#6926=CARTESIAN_POINT('Ctrl Pts',(0.574878297158827,21.6680048704147,0.));
#6927=CARTESIAN_POINT('Ctrl Pts',(0.574878297158827,21.6680048704147,-3.));
#6928=CARTESIAN_POINT('Ctrl Pts',(0.815779845044111,21.658867091027,0.));
#6929=CARTESIAN_POINT('Ctrl Pts',(0.815779845044111,21.658867091027,-3.));
#6930=CARTESIAN_POINT('Ctrl Pts',(1.27610625884045,21.6414061770041,0.));
#6931=CARTESIAN_POINT('Ctrl Pts',(1.27610625884045,21.6414061770041,-3.));
#6932=CARTESIAN_POINT('Ctrl Pts',(1.70472472343888,21.473701632305,0.));
#6933=CARTESIAN_POINT('Ctrl Pts',(1.70472472343888,21.473701632305,-3.));
#6934=CARTESIAN_POINT('Ctrl Pts',(1.9090352872101,21.3937615156174,0.));
#6935=CARTESIAN_POINT('Ctrl Pts',(1.9090352872101,21.3937615156174,-3.));
#6936=CARTESIAN_POINT('',(0.574878297158827,21.6680048704147,0.));
#6937=CARTESIAN_POINT('Ctrl Pts',(1.9090352872101,21.3937615156174,0.));
#6938=CARTESIAN_POINT('Ctrl Pts',(1.70472472343888,21.473701632305,0.));
#6939=CARTESIAN_POINT('Ctrl Pts',(1.27610625884045,21.6414061770041,0.));
#6940=CARTESIAN_POINT('Ctrl Pts',(0.815779845044111,21.658867091027,0.));
#6941=CARTESIAN_POINT('Ctrl Pts',(0.574878297158827,21.6680048704147,0.));
#6942=CARTESIAN_POINT('',(0.574878297158827,21.6680048704147,-3.));
#6943=CARTESIAN_POINT('Ctrl Pts',(0.574878297158827,21.6680048704147,-3.));
#6944=CARTESIAN_POINT('Ctrl Pts',(0.815779845044111,21.658867091027,-3.));
#6945=CARTESIAN_POINT('Ctrl Pts',(1.27610625884045,21.6414061770041,-3.));
#6946=CARTESIAN_POINT('Ctrl Pts',(1.70472472343888,21.473701632305,-3.));
#6947=CARTESIAN_POINT('Ctrl Pts',(1.9090352872101,21.3937615156174,-3.));
#6948=CARTESIAN_POINT('',(0.574878297158827,21.6680048704147,0.));
#6949=CARTESIAN_POINT('Ctrl Pts',(-0.850693144491563,21.3517605066299,0.));
#6950=CARTESIAN_POINT('Ctrl Pts',(-0.850693144491563,21.3517605066299,-3.));
#6951=CARTESIAN_POINT('Ctrl Pts',(-0.63648419973465,21.4439163904143,0.));
#6952=CARTESIAN_POINT('Ctrl Pts',(-0.63648419973465,21.4439163904143,-3.));
#6953=CARTESIAN_POINT('Ctrl Pts',(-0.181963154114042,21.639458125169,0.));
#6954=CARTESIAN_POINT('Ctrl Pts',(-0.181963154114042,21.639458125169,-3.));
#6955=CARTESIAN_POINT('Ctrl Pts',(0.313120262015607,21.6581318118862,0.));
#6956=CARTESIAN_POINT('Ctrl Pts',(0.313120262015607,21.6581318118862,-3.));
#6957=CARTESIAN_POINT('Ctrl Pts',(0.574878297158827,21.6680048704147,0.));
#6958=CARTESIAN_POINT('Ctrl Pts',(0.574878297158827,21.6680048704147,-3.));
#6959=CARTESIAN_POINT('',(-0.850693144491563,21.3517605066299,0.));
#6960=CARTESIAN_POINT('Ctrl Pts',(0.574878297158827,21.6680048704147,0.));
#6961=CARTESIAN_POINT('Ctrl Pts',(0.313120262015607,21.6581318118862,0.));
#6962=CARTESIAN_POINT('Ctrl Pts',(-0.181963154114042,21.639458125169,0.));
#6963=CARTESIAN_POINT('Ctrl Pts',(-0.63648419973465,21.4439163904143,0.));
#6964=CARTESIAN_POINT('Ctrl Pts',(-0.850693144491563,21.3517605066299,0.));
#6965=CARTESIAN_POINT('',(-0.850693144491563,21.3517605066299,-3.));
#6966=CARTESIAN_POINT('Ctrl Pts',(-0.850693144491563,21.3517605066299,-3.));
#6967=CARTESIAN_POINT('Ctrl Pts',(-0.63648419973465,21.4439163904143,-3.));
#6968=CARTESIAN_POINT('Ctrl Pts',(-0.181963154114042,21.639458125169,-3.));
#6969=CARTESIAN_POINT('Ctrl Pts',(0.313120262015607,21.6581318118862,-3.));
#6970=CARTESIAN_POINT('Ctrl Pts',(0.574878297158827,21.6680048704147,-3.));
#6971=CARTESIAN_POINT('',(-0.850693144491563,21.3517605066299,0.));
#6972=CARTESIAN_POINT('Ctrl Pts',(-1.62400857417906,20.546324133873,0.));
#6973=CARTESIAN_POINT('Ctrl Pts',(-1.62400857417906,20.546324133873,-3.));
#6974=CARTESIAN_POINT('Ctrl Pts',(-1.54007633742896,20.7052551121388,0.));
#6975=CARTESIAN_POINT('Ctrl Pts',(-1.54007633742896,20.7052551121388,-3.));
#6976=CARTESIAN_POINT('Ctrl Pts',(-1.3599236127557,21.0463856464629,0.));
#6977=CARTESIAN_POINT('Ctrl Pts',(-1.3599236127557,21.0463856464629,-3.));
#6978=CARTESIAN_POINT('Ctrl Pts',(-1.02798385823835,21.2454429740128,0.));
#6979=CARTESIAN_POINT('Ctrl Pts',(-1.02798385823835,21.2454429740128,-3.));
#6980=CARTESIAN_POINT('Ctrl Pts',(-0.850693144491563,21.3517605066299,0.));
#6981=CARTESIAN_POINT('Ctrl Pts',(-0.850693144491563,21.3517605066299,-3.));
#6982=CARTESIAN_POINT('',(-1.62400857417906,20.546324133873,0.));
#6983=CARTESIAN_POINT('Ctrl Pts',(-0.850693144491563,21.3517605066299,0.));
#6984=CARTESIAN_POINT('Ctrl Pts',(-1.02798385823835,21.2454429740128,0.));
#6985=CARTESIAN_POINT('Ctrl Pts',(-1.3599236127557,21.0463856464629,0.));
#6986=CARTESIAN_POINT('Ctrl Pts',(-1.54007633742896,20.7052551121388,0.));
#6987=CARTESIAN_POINT('Ctrl Pts',(-1.62400857417906,20.546324133873,0.));
#6988=CARTESIAN_POINT('',(-1.62400857417906,20.546324133873,-3.));
#6989=CARTESIAN_POINT('Ctrl Pts',(-1.62400857417906,20.546324133873,-3.));
#6990=CARTESIAN_POINT('Ctrl Pts',(-1.54007633742896,20.7052551121388,-3.));
#6991=CARTESIAN_POINT('Ctrl Pts',(-1.3599236127557,21.0463856464629,-3.));
#6992=CARTESIAN_POINT('Ctrl Pts',(-1.02798385823835,21.2454429740128,-3.));
#6993=CARTESIAN_POINT('Ctrl Pts',(-0.850693144491563,21.3517605066299,-3.));
#6994=CARTESIAN_POINT('',(-1.62400857417906,20.546324133873,0.));
#6995=CARTESIAN_POINT('Ctrl Pts',(-1.80683747737731,19.1578124761581,0.));
#6996=CARTESIAN_POINT('Ctrl Pts',(-1.80683747737731,19.1578124761581,-3.));
#6997=CARTESIAN_POINT('Ctrl Pts',(-1.80432611914777,19.4252345919815,0.));
#6998=CARTESIAN_POINT('Ctrl Pts',(-1.80432611914777,19.4252345919815,-3.));
#6999=CARTESIAN_POINT('Ctrl Pts',(-1.79990346334996,19.896181331915,0.));
#7000=CARTESIAN_POINT('Ctrl Pts',(-1.79990346334996,19.896181331915,-3.));
#7001=CARTESIAN_POINT('Ctrl Pts',(-1.67708561066995,20.3501407576165,0.));
#7002=CARTESIAN_POINT('Ctrl Pts',(-1.67708561066995,20.3501407576165,-3.));
#7003=CARTESIAN_POINT('Ctrl Pts',(-1.62400857417906,20.546324133873,0.));
#7004=CARTESIAN_POINT('Ctrl Pts',(-1.62400857417906,20.546324133873,-3.));
#7005=CARTESIAN_POINT('',(-1.80683747737731,19.1578124761581,0.));
#7006=CARTESIAN_POINT('Ctrl Pts',(-1.62400857417906,20.546324133873,0.));
#7007=CARTESIAN_POINT('Ctrl Pts',(-1.67708561066995,20.3501407576165,0.));
#7008=CARTESIAN_POINT('Ctrl Pts',(-1.79990346334996,19.896181331915,0.));
#7009=CARTESIAN_POINT('Ctrl Pts',(-1.80432611914777,19.4252345919815,0.));
#7010=CARTESIAN_POINT('Ctrl Pts',(-1.80683747737731,19.1578124761581,0.));
#7011=CARTESIAN_POINT('',(-1.80683747737731,19.1578124761581,-3.));
#7012=CARTESIAN_POINT('Ctrl Pts',(-1.80683747737731,19.1578124761581,-3.));
#7013=CARTESIAN_POINT('Ctrl Pts',(-1.80432611914777,19.4252345919815,-3.));
#7014=CARTESIAN_POINT('Ctrl Pts',(-1.79990346334996,19.896181331915,-3.));
#7015=CARTESIAN_POINT('Ctrl Pts',(-1.67708561066995,20.3501407576165,-3.));
#7016=CARTESIAN_POINT('Ctrl Pts',(-1.62400857417906,20.546324133873,-3.));
#7017=CARTESIAN_POINT('',(-1.80683747737731,19.1578124761581,0.));
#7018=CARTESIAN_POINT('Origin',(-1.80683747737731,18.6340330839157,0.));
#7019=CARTESIAN_POINT('',(-1.80683747737731,18.6340330839157,0.));
#7020=CARTESIAN_POINT('',(-1.80683747737731,26.0670165419578,0.));
#7021=CARTESIAN_POINT('',(-1.80683747737731,18.6340330839157,-3.));
#7022=CARTESIAN_POINT('',(-1.80683747737731,19.1578124761581,-3.));
#7023=CARTESIAN_POINT('',(-1.80683747737731,18.6340330839157,0.));
#7024=CARTESIAN_POINT('Origin',(0.125218472787489,18.6340330839157,0.));
#7025=CARTESIAN_POINT('',(0.125218472787489,18.6340330839157,0.));
#7026=CARTESIAN_POINT('',(-2.43739076360626,18.6340330839157,0.));
#7027=CARTESIAN_POINT('',(0.125218472787489,18.6340330839157,-3.));
#7028=CARTESIAN_POINT('',(-1.80683747737731,18.6340330839157,-3.));
#7029=CARTESIAN_POINT('',(0.125218472787489,18.6340330839157,0.));
#7030=CARTESIAN_POINT('Origin',(0.125218472787489,19.6074734926224,0.));
#7031=CARTESIAN_POINT('',(0.125218472787489,19.6074734926224,0.));
#7032=CARTESIAN_POINT('',(0.125218472787489,26.5537367463112,0.));
#7033=CARTESIAN_POINT('',(0.125218472787489,19.6074734926224,-3.));
#7034=CARTESIAN_POINT('',(0.125218472787489,18.6340330839157,-3.));
#7035=CARTESIAN_POINT('',(0.125218472787489,19.6074734926224,0.));
#7036=CARTESIAN_POINT('Ctrl Pts',(0.206750474282851,20.1856075525284,0.));
#7037=CARTESIAN_POINT('Ctrl Pts',(0.206750474282851,20.1856075525284,-3.));
#7038=CARTESIAN_POINT('Ctrl Pts',(0.183333040548415,20.1165382823679,0.));
#7039=CARTESIAN_POINT('Ctrl Pts',(0.183333040548415,20.1165382823679,-3.));
#7040=CARTESIAN_POINT('Ctrl Pts',(0.120094746866632,19.9300181520952,0.));
#7041=CARTESIAN_POINT('Ctrl Pts',(0.120094746866632,19.9300181520952,-3.));
#7042=CARTESIAN_POINT('Ctrl Pts',(0.123238724602897,19.73210100274,0.));
#7043=CARTESIAN_POINT('Ctrl Pts',(0.123238724602897,19.73210100274,-3.));
#7044=CARTESIAN_POINT('Ctrl Pts',(0.125218472787489,19.6074734926224,0.));
#7045=CARTESIAN_POINT('Ctrl Pts',(0.125218472787489,19.6074734926224,-3.));
#7046=CARTESIAN_POINT('',(0.206750474282851,20.1856075525284,0.));
#7047=CARTESIAN_POINT('Ctrl Pts',(0.125218472787489,19.6074734926224,0.));
#7048=CARTESIAN_POINT('Ctrl Pts',(0.123238724602897,19.73210100274,0.));
#7049=CARTESIAN_POINT('Ctrl Pts',(0.120094746866632,19.9300181520952,0.));
#7050=CARTESIAN_POINT('Ctrl Pts',(0.183333040548415,20.1165382823679,0.));
#7051=CARTESIAN_POINT('Ctrl Pts',(0.206750474282851,20.1856075525284,0.));
#7052=CARTESIAN_POINT('',(0.206750474282851,20.1856075525284,-3.));
#7053=CARTESIAN_POINT('Ctrl Pts',(0.206750474282851,20.1856075525284,-3.));
#7054=CARTESIAN_POINT('Ctrl Pts',(0.183333040548415,20.1165382823679,-3.));
#7055=CARTESIAN_POINT('Ctrl Pts',(0.120094746866632,19.9300181520952,-3.));
#7056=CARTESIAN_POINT('Ctrl Pts',(0.123238724602897,19.73210100274,-3.));
#7057=CARTESIAN_POINT('Ctrl Pts',(0.125218472787489,19.6074734926224,-3.));
#7058=CARTESIAN_POINT('',(0.206750474282851,20.1856075525284,0.));
#7059=CARTESIAN_POINT('Ctrl Pts',(0.495816312142958,20.3140823841095,0.));
#7060=CARTESIAN_POINT('Ctrl Pts',(0.495816312142958,20.3140823841095,-3.));
#7061=CARTESIAN_POINT('Ctrl Pts',(0.433508338644848,20.3110229870741,0.));
#7062=CARTESIAN_POINT('Ctrl Pts',(0.433508338644848,20.3110229870741,-3.));
#7063=CARTESIAN_POINT('Ctrl Pts',(0.31948203194232,20.3054241571796,0.));
#7064=CARTESIAN_POINT('Ctrl Pts',(0.31948203194232,20.3054241571796,-3.));
#7065=CARTESIAN_POINT('Ctrl Pts',(0.241926804962138,20.2229946745871,0.));
#7066=CARTESIAN_POINT('Ctrl Pts',(0.241926804962138,20.2229946745871,-3.));
#7067=CARTESIAN_POINT('Ctrl Pts',(0.206750474282851,20.1856075525284,0.));
#7068=CARTESIAN_POINT('Ctrl Pts',(0.206750474282851,20.1856075525284,-3.));
#7069=CARTESIAN_POINT('',(0.495816312142958,20.3140823841095,0.));
#7070=CARTESIAN_POINT('Ctrl Pts',(0.206750474282851,20.1856075525284,0.));
#7071=CARTESIAN_POINT('Ctrl Pts',(0.241926804962138,20.2229946745871,0.));
#7072=CARTESIAN_POINT('Ctrl Pts',(0.31948203194232,20.3054241571796,0.));
#7073=CARTESIAN_POINT('Ctrl Pts',(0.433508338644848,20.3110229870741,0.));
#7074=CARTESIAN_POINT('Ctrl Pts',(0.495816312142958,20.3140823841095,0.));
#7075=CARTESIAN_POINT('',(0.495816312142958,20.3140823841095,-3.));
#7076=CARTESIAN_POINT('Ctrl Pts',(0.495816312142958,20.3140823841095,-3.));
#7077=CARTESIAN_POINT('Ctrl Pts',(0.433508338644848,20.3110229870741,-3.));
#7078=CARTESIAN_POINT('Ctrl Pts',(0.31948203194232,20.3054241571796,-3.));
#7079=CARTESIAN_POINT('Ctrl Pts',(0.241926804962138,20.2229946745871,-3.));
#7080=CARTESIAN_POINT('Ctrl Pts',(0.206750474282851,20.1856075525284,-3.));
#7081=CARTESIAN_POINT('',(0.495816312142958,20.3140823841095,0.));
#7082=CARTESIAN_POINT('Ctrl Pts',(0.804649434396376,20.1510189771652,0.));
#7083=CARTESIAN_POINT('Ctrl Pts',(0.804649434396376,20.1510189771652,-3.));
#7084=CARTESIAN_POINT('Ctrl Pts',(0.7656712645813,20.1985719167599,0.));
#7085=CARTESIAN_POINT('Ctrl Pts',(0.7656712645813,20.1985719167599,-3.));
#7086=CARTESIAN_POINT('Ctrl Pts',(0.685824489718989,20.2959841061949,0.));
#7087=CARTESIAN_POINT('Ctrl Pts',(0.685824489718989,20.2959841061949,-3.));
#7088=CARTESIAN_POINT('Ctrl Pts',(0.560144231012281,20.3079551501756,0.));
#7089=CARTESIAN_POINT('Ctrl Pts',(0.560144231012281,20.3079551501756,-3.));
#7090=CARTESIAN_POINT('Ctrl Pts',(0.495816312142958,20.3140823841095,0.));
#7091=CARTESIAN_POINT('Ctrl Pts',(0.495816312142958,20.3140823841095,-3.));
#7092=CARTESIAN_POINT('',(0.804649434396376,20.1510189771652,0.));
#7093=CARTESIAN_POINT('Ctrl Pts',(0.495816312142958,20.3140823841095,0.));
#7094=CARTESIAN_POINT('Ctrl Pts',(0.560144231012281,20.3079551501756,0.));
#7095=CARTESIAN_POINT('Ctrl Pts',(0.685824489718989,20.2959841061949,0.));
#7096=CARTESIAN_POINT('Ctrl Pts',(0.7656712645813,20.1985719167599,0.));
#7097=CARTESIAN_POINT('Ctrl Pts',(0.804649434396376,20.1510189771652,0.));
#7098=CARTESIAN_POINT('',(0.804649434396376,20.1510189771652,-3.));
#7099=CARTESIAN_POINT('Ctrl Pts',(0.804649434396376,20.1510189771652,-3.));
#7100=CARTESIAN_POINT('Ctrl Pts',(0.7656712645813,20.1985719167599,-3.));
#7101=CARTESIAN_POINT('Ctrl Pts',(0.685824489718989,20.2959841061949,-3.));
#7102=CARTESIAN_POINT('Ctrl Pts',(0.560144231012281,20.3079551501756,-3.));
#7103=CARTESIAN_POINT('Ctrl Pts',(0.495816312142958,20.3140823841095,-3.));
#7104=CARTESIAN_POINT('',(0.804649434396376,20.1510189771652,0.));
#7105=CARTESIAN_POINT('Ctrl Pts',(0.905946336099257,19.6667693853378,0.));
#7106=CARTESIAN_POINT('Ctrl Pts',(0.905946336099257,19.6667693853378,-3.));
#7107=CARTESIAN_POINT('Ctrl Pts',(0.904489086029985,19.7622474671123,0.));
#7108=CARTESIAN_POINT('Ctrl Pts',(0.904489086029985,19.7622474671123,-3.));
#7109=CARTESIAN_POINT('Ctrl Pts',(0.901916863587133,19.9307778174759,0.));
#7110=CARTESIAN_POINT('Ctrl Pts',(0.901916863587133,19.9307778174759,-3.));
#7111=CARTESIAN_POINT('Ctrl Pts',(0.834062172750718,20.084420161316,0.));
#7112=CARTESIAN_POINT('Ctrl Pts',(0.834062172750718,20.084420161316,-3.));
#7113=CARTESIAN_POINT('Ctrl Pts',(0.804649434396376,20.1510189771652,0.));
#7114=CARTESIAN_POINT('Ctrl Pts',(0.804649434396376,20.1510189771652,-3.));
#7115=CARTESIAN_POINT('',(0.905946336099257,19.6667693853378,0.));
#7116=CARTESIAN_POINT('Ctrl Pts',(0.804649434396376,20.1510189771652,0.));
#7117=CARTESIAN_POINT('Ctrl Pts',(0.834062172750718,20.084420161316,0.));
#7118=CARTESIAN_POINT('Ctrl Pts',(0.901916863587133,19.9307778174759,0.));
#7119=CARTESIAN_POINT('Ctrl Pts',(0.904489086029985,19.7622474671123,0.));
#7120=CARTESIAN_POINT('Ctrl Pts',(0.905946336099257,19.6667693853378,0.));
#7121=CARTESIAN_POINT('',(0.905946336099257,19.6667693853378,-3.));
#7122=CARTESIAN_POINT('Ctrl Pts',(0.905946336099257,19.6667693853378,-3.));
#7123=CARTESIAN_POINT('Ctrl Pts',(0.904489086029985,19.7622474671123,-3.));
#7124=CARTESIAN_POINT('Ctrl Pts',(0.901916863587133,19.9307778174759,-3.));
#7125=CARTESIAN_POINT('Ctrl Pts',(0.834062172750718,20.084420161316,-3.));
#7126=CARTESIAN_POINT('Ctrl Pts',(0.804649434396376,20.1510189771652,-3.));
#7127=CARTESIAN_POINT('',(0.905946336099257,19.6667693853378,0.));
#7128=CARTESIAN_POINT('Ctrl Pts',(0.713234982797255,18.7427418231964,0.));
#7129=CARTESIAN_POINT('Ctrl Pts',(0.713234982797255,18.7427418231964,-3.));
#7130=CARTESIAN_POINT('Ctrl Pts',(0.768766024895604,18.854163293888,0.));
#7131=CARTESIAN_POINT('Ctrl Pts',(0.768766024895604,18.854163293888,-3.));
#7132=CARTESIAN_POINT('Ctrl Pts',(0.912485041026914,19.1425314486822,0.));
#7133=CARTESIAN_POINT('Ctrl Pts',(0.912485041026914,19.1425314486822,-3.));
#7134=CARTESIAN_POINT('Ctrl Pts',(0.908432829240153,19.4674158362614,0.));
#7135=CARTESIAN_POINT('Ctrl Pts',(0.908432829240153,19.4674158362614,-3.));
#7136=CARTESIAN_POINT('Ctrl Pts',(0.905946336099257,19.6667693853378,0.));
#7137=CARTESIAN_POINT('Ctrl Pts',(0.905946336099257,19.6667693853378,-3.));
#7138=CARTESIAN_POINT('',(0.713234982797255,18.7427418231964,0.));
#7139=CARTESIAN_POINT('Ctrl Pts',(0.905946336099257,19.6667693853378,0.));
#7140=CARTESIAN_POINT('Ctrl Pts',(0.908432829240153,19.4674158362614,0.));
#7141=CARTESIAN_POINT('Ctrl Pts',(0.912485041026914,19.1425314486822,0.));
#7142=CARTESIAN_POINT('Ctrl Pts',(0.768766024895604,18.854163293888,0.));
#7143=CARTESIAN_POINT('Ctrl Pts',(0.713234982797255,18.7427418231964,0.));
#7144=CARTESIAN_POINT('',(0.713234982797255,18.7427418231964,-3.));
#7145=CARTESIAN_POINT('Ctrl Pts',(0.713234982797255,18.7427418231964,-3.));
#7146=CARTESIAN_POINT('Ctrl Pts',(0.768766024895604,18.854163293888,-3.));
#7147=CARTESIAN_POINT('Ctrl Pts',(0.912485041026914,19.1425314486822,-3.));
#7148=CARTESIAN_POINT('Ctrl Pts',(0.908432829240153,19.4674158362614,-3.));
#7149=CARTESIAN_POINT('Ctrl Pts',(0.905946336099257,19.6667693853378,-3.));
#7150=CARTESIAN_POINT('',(0.713234982797255,18.7427418231964,0.));
#7151=CARTESIAN_POINT('Ctrl Pts',(-0.260204233816514,18.0163674354553,0.));
#7152=CARTESIAN_POINT('Ctrl Pts',(-0.260204233816514,18.0163674354553,-3.));
#7153=CARTESIAN_POINT('Ctrl Pts',(-0.0449275031712304,18.1553865171116,
0.));
#7154=CARTESIAN_POINT('Ctrl Pts',(-0.0449275031712304,18.1553865171116,
-3.));
#7155=CARTESIAN_POINT('Ctrl Pts',(0.296260876942709,18.3757154636404,0.));
#7156=CARTESIAN_POINT('Ctrl Pts',(0.296260876942709,18.3757154636404,-3.));
#7157=CARTESIAN_POINT('Ctrl Pts',(0.60083529508844,18.6438060676764,0.));
#7158=CARTESIAN_POINT('Ctrl Pts',(0.60083529508844,18.6438060676764,-3.));
#7159=CARTESIAN_POINT('Ctrl Pts',(0.713234982797255,18.7427418231964,0.));
#7160=CARTESIAN_POINT('Ctrl Pts',(0.713234982797255,18.7427418231964,-3.));
#7161=CARTESIAN_POINT('',(-0.260204233816514,18.0163674354553,0.));
#7162=CARTESIAN_POINT('Ctrl Pts',(0.713234982797255,18.7427418231964,0.));
#7163=CARTESIAN_POINT('Ctrl Pts',(0.60083529508844,18.6438060676764,0.));
#7164=CARTESIAN_POINT('Ctrl Pts',(0.296260876942709,18.3757154636404,0.));
#7165=CARTESIAN_POINT('Ctrl Pts',(-0.0449275031712304,18.1553865171116,
0.));
#7166=CARTESIAN_POINT('Ctrl Pts',(-0.260204233816514,18.0163674354553,0.));
#7167=CARTESIAN_POINT('',(-0.260204233816514,18.0163674354553,-3.));
#7168=CARTESIAN_POINT('Ctrl Pts',(-0.260204233816514,18.0163674354553,-3.));
#7169=CARTESIAN_POINT('Ctrl Pts',(-0.0449275031712304,18.1553865171116,
-3.));
#7170=CARTESIAN_POINT('Ctrl Pts',(0.296260876942709,18.3757154636404,-3.));
#7171=CARTESIAN_POINT('Ctrl Pts',(0.60083529508844,18.6438060676764,-3.));
#7172=CARTESIAN_POINT('Ctrl Pts',(0.713234982797255,18.7427418231964,-3.));
#7173=CARTESIAN_POINT('',(-0.260204233816514,18.0163674354553,0.));
#7174=CARTESIAN_POINT('Ctrl Pts',(-1.28800050227965,17.2702275514603,0.));
#7175=CARTESIAN_POINT('Ctrl Pts',(-1.28800050227965,17.2702275514603,-3.));
#7176=CARTESIAN_POINT('Ctrl Pts',(-1.16158054567865,17.3727814328462,0.));
#7177=CARTESIAN_POINT('Ctrl Pts',(-1.16158054567865,17.3727814328462,-3.));
#7178=CARTESIAN_POINT('Ctrl Pts',(-0.832462672648058,17.6397670909674,0.));
#7179=CARTESIAN_POINT('Ctrl Pts',(-0.832462672648058,17.6397670909674,-3.));
#7180=CARTESIAN_POINT('Ctrl Pts',(-0.478316586832861,17.8728288142499,0.));
#7181=CARTESIAN_POINT('Ctrl Pts',(-0.478316586832861,17.8728288142499,-3.));
#7182=CARTESIAN_POINT('Ctrl Pts',(-0.260204233816514,18.0163674354553,0.));
#7183=CARTESIAN_POINT('Ctrl Pts',(-0.260204233816514,18.0163674354553,-3.));
#7184=CARTESIAN_POINT('',(-1.28800050227965,17.2702275514603,0.));
#7185=CARTESIAN_POINT('Ctrl Pts',(-0.260204233816514,18.0163674354553,0.));
#7186=CARTESIAN_POINT('Ctrl Pts',(-0.478316586832861,17.8728288142499,0.));
#7187=CARTESIAN_POINT('Ctrl Pts',(-0.832462672648058,17.6397670909674,0.));
#7188=CARTESIAN_POINT('Ctrl Pts',(-1.16158054567865,17.3727814328462,0.));
#7189=CARTESIAN_POINT('Ctrl Pts',(-1.28800050227965,17.2702275514603,0.));
#7190=CARTESIAN_POINT('',(-1.28800050227965,17.2702275514603,-3.));
#7191=CARTESIAN_POINT('Ctrl Pts',(-1.28800050227965,17.2702275514603,-3.));
#7192=CARTESIAN_POINT('Ctrl Pts',(-1.16158054567865,17.3727814328462,-3.));
#7193=CARTESIAN_POINT('Ctrl Pts',(-0.832462672648058,17.6397670909674,-3.));
#7194=CARTESIAN_POINT('Ctrl Pts',(-0.478316586832861,17.8728288142499,-3.));
#7195=CARTESIAN_POINT('Ctrl Pts',(-0.260204233816514,18.0163674354553,-3.));
#7196=CARTESIAN_POINT('',(-1.28800050227965,17.2702275514603,0.));
#7197=CARTESIAN_POINT('Ctrl Pts',(-1.70554295986022,16.6278563737869,0.));
#7198=CARTESIAN_POINT('Ctrl Pts',(-1.70554295986022,16.6278563737869,-3.));
#7199=CARTESIAN_POINT('Ctrl Pts',(-1.64988050857384,16.7541811881029,0.));
#7200=CARTESIAN_POINT('Ctrl Pts',(-1.64988050857384,16.7541811881029,-3.));
#7201=CARTESIAN_POINT('Ctrl Pts',(-1.54542563090526,16.9912394333101,0.));
#7202=CARTESIAN_POINT('Ctrl Pts',(-1.54542563090526,16.9912394333101,-3.));
#7203=CARTESIAN_POINT('Ctrl Pts',(-1.36996211795172,17.1814004931269,0.));
#7204=CARTESIAN_POINT('Ctrl Pts',(-1.36996211795172,17.1814004931269,-3.));
#7205=CARTESIAN_POINT('Ctrl Pts',(-1.28800050227965,17.2702275514603,0.));
#7206=CARTESIAN_POINT('Ctrl Pts',(-1.28800050227965,17.2702275514603,-3.));
#7207=CARTESIAN_POINT('',(-1.70554295986022,16.6278563737869,0.));
#7208=CARTESIAN_POINT('Ctrl Pts',(-1.28800050227965,17.2702275514603,0.));
#7209=CARTESIAN_POINT('Ctrl Pts',(-1.36996211795172,17.1814004931269,0.));
#7210=CARTESIAN_POINT('Ctrl Pts',(-1.54542563090526,16.9912394333101,0.));
#7211=CARTESIAN_POINT('Ctrl Pts',(-1.64988050857384,16.7541811881029,0.));
#7212=CARTESIAN_POINT('Ctrl Pts',(-1.70554295986022,16.6278563737869,0.));
#7213=CARTESIAN_POINT('',(-1.70554295986022,16.6278563737869,-3.));
#7214=CARTESIAN_POINT('Ctrl Pts',(-1.70554295986022,16.6278563737869,-3.));
#7215=CARTESIAN_POINT('Ctrl Pts',(-1.64988050857384,16.7541811881029,-3.));
#7216=CARTESIAN_POINT('Ctrl Pts',(-1.54542563090526,16.9912394333101,-3.));
#7217=CARTESIAN_POINT('Ctrl Pts',(-1.36996211795172,17.1814004931269,-3.));
#7218=CARTESIAN_POINT('Ctrl Pts',(-1.28800050227965,17.2702275514603,-3.));
#7219=CARTESIAN_POINT('',(-1.70554295986022,16.6278563737869,0.));
#7220=CARTESIAN_POINT('Ctrl Pts',(-1.87107697933043,15.5802958011627,0.));
#7221=CARTESIAN_POINT('Ctrl Pts',(-1.87107697933043,15.5802958011627,-3.));
#7222=CARTESIAN_POINT('Ctrl Pts',(-1.86713374681023,15.7754764760497,0.));
#7223=CARTESIAN_POINT('Ctrl Pts',(-1.86713374681023,15.7754764760497,-3.));
#7224=CARTESIAN_POINT('Ctrl Pts',(-1.85991727698661,16.1326746486805,0.));
#7225=CARTESIAN_POINT('Ctrl Pts',(-1.85991727698661,16.1326746486805,-3.));
#7226=CARTESIAN_POINT('Ctrl Pts',(-1.75371434990838,16.4733384949788,0.));
#7227=CARTESIAN_POINT('Ctrl Pts',(-1.75371434990838,16.4733384949788,-3.));
#7228=CARTESIAN_POINT('Ctrl Pts',(-1.70554295986022,16.6278563737869,0.));
#7229=CARTESIAN_POINT('Ctrl Pts',(-1.70554295986022,16.6278563737869,-3.));
#7230=CARTESIAN_POINT('',(-1.87107697933043,15.5802958011627,0.));
#7231=CARTESIAN_POINT('Ctrl Pts',(-1.70554295986022,16.6278563737869,0.));
#7232=CARTESIAN_POINT('Ctrl Pts',(-1.75371434990838,16.4733384949788,0.));
#7233=CARTESIAN_POINT('Ctrl Pts',(-1.85991727698661,16.1326746486805,0.));
#7234=CARTESIAN_POINT('Ctrl Pts',(-1.86713374681023,15.7754764760497,0.));
#7235=CARTESIAN_POINT('Ctrl Pts',(-1.87107697933043,15.5802958011627,0.));
#7236=CARTESIAN_POINT('',(-1.87107697933043,15.5802958011627,-3.));
#7237=CARTESIAN_POINT('Ctrl Pts',(-1.87107697933043,15.5802958011627,-3.));
#7238=CARTESIAN_POINT('Ctrl Pts',(-1.86713374681023,15.7754764760497,-3.));
#7239=CARTESIAN_POINT('Ctrl Pts',(-1.85991727698661,16.1326746486805,-3.));
#7240=CARTESIAN_POINT('Ctrl Pts',(-1.75371434990838,16.4733384949788,-3.));
#7241=CARTESIAN_POINT('Ctrl Pts',(-1.70554295986022,16.6278563737869,-3.));
#7242=CARTESIAN_POINT('',(-1.87107697933043,15.5802958011627,0.));
#7243=CARTESIAN_POINT('Ctrl Pts',(-1.63636342494811,14.2362563610077,0.));
#7244=CARTESIAN_POINT('Ctrl Pts',(-1.63636342494811,14.2362563610077,-3.));
#7245=CARTESIAN_POINT('Ctrl Pts',(-1.70438357203858,14.417268447879,0.));
#7246=CARTESIAN_POINT('Ctrl Pts',(-1.70438357203858,14.417268447879,-3.));
#7247=CARTESIAN_POINT('Ctrl Pts',(-1.86659899200506,14.8489486624453,0.));
#7248=CARTESIAN_POINT('Ctrl Pts',(-1.86659899200506,14.8489486624453,-3.));
#7249=CARTESIAN_POINT('Ctrl Pts',(-1.86943194170204,15.3116274295949,0.));
#7250=CARTESIAN_POINT('Ctrl Pts',(-1.86943194170204,15.3116274295949,-3.));
#7251=CARTESIAN_POINT('Ctrl Pts',(-1.87107697933043,15.5802958011627,0.));
#7252=CARTESIAN_POINT('Ctrl Pts',(-1.87107697933043,15.5802958011627,-3.));
#7253=CARTESIAN_POINT('',(-1.63636342494811,14.2362563610077,0.));
#7254=CARTESIAN_POINT('Ctrl Pts',(-1.87107697933043,15.5802958011627,0.));
#7255=CARTESIAN_POINT('Ctrl Pts',(-1.86943194170204,15.3116274295949,0.));
#7256=CARTESIAN_POINT('Ctrl Pts',(-1.86659899200506,14.8489486624453,0.));
#7257=CARTESIAN_POINT('Ctrl Pts',(-1.70438357203858,14.417268447879,0.));
#7258=CARTESIAN_POINT('Ctrl Pts',(-1.63636342494811,14.2362563610077,0.));
#7259=CARTESIAN_POINT('',(-1.63636342494811,14.2362563610077,-3.));
#7260=CARTESIAN_POINT('Ctrl Pts',(-1.63636342494811,14.2362563610077,-3.));
#7261=CARTESIAN_POINT('Ctrl Pts',(-1.70438357203858,14.417268447879,-3.));
#7262=CARTESIAN_POINT('Ctrl Pts',(-1.86659899200506,14.8489486624453,-3.));
#7263=CARTESIAN_POINT('Ctrl Pts',(-1.86943194170204,15.3116274295949,-3.));
#7264=CARTESIAN_POINT('Ctrl Pts',(-1.87107697933043,15.5802958011627,-3.));
#7265=CARTESIAN_POINT('',(-1.63636342494811,14.2362563610077,0.));
#7266=CARTESIAN_POINT('Ctrl Pts',(-0.87787047832335,13.571648478508,0.));
#7267=CARTESIAN_POINT('Ctrl Pts',(-0.87787047832335,13.571648478508,-3.));
#7268=CARTESIAN_POINT('Ctrl Pts',(-1.03839181803016,13.6557149457403,0.));
#7269=CARTESIAN_POINT('Ctrl Pts',(-1.03839181803016,13.6557149457403,-3.));
#7270=CARTESIAN_POINT('Ctrl Pts',(-1.34531217458513,13.8164518928926,0.));
#7271=CARTESIAN_POINT('Ctrl Pts',(-1.34531217458513,13.8164518928926,-3.));
#7272=CARTESIAN_POINT('Ctrl Pts',(-1.54236872848125,14.1006809477199,0.));
#7273=CARTESIAN_POINT('Ctrl Pts',(-1.54236872848125,14.1006809477199,-3.));
#7274=CARTESIAN_POINT('Ctrl Pts',(-1.63636342494811,14.2362563610077,0.));
#7275=CARTESIAN_POINT('Ctrl Pts',(-1.63636342494811,14.2362563610077,-3.));
#7276=CARTESIAN_POINT('',(-0.87787047832335,13.571648478508,0.));
#7277=CARTESIAN_POINT('Ctrl Pts',(-1.63636342494811,14.2362563610077,0.));
#7278=CARTESIAN_POINT('Ctrl Pts',(-1.54236872848125,14.1006809477199,0.));
#7279=CARTESIAN_POINT('Ctrl Pts',(-1.34531217458513,13.8164518928926,0.));
#7280=CARTESIAN_POINT('Ctrl Pts',(-1.03839181803016,13.6557149457403,0.));
#7281=CARTESIAN_POINT('Ctrl Pts',(-0.87787047832335,13.571648478508,0.));
#7282=CARTESIAN_POINT('',(-0.87787047832335,13.571648478508,-3.));
#7283=CARTESIAN_POINT('Ctrl Pts',(-0.87787047832335,13.571648478508,-3.));
#7284=CARTESIAN_POINT('Ctrl Pts',(-1.03839181803016,13.6557149457403,-3.));
#7285=CARTESIAN_POINT('Ctrl Pts',(-1.34531217458513,13.8164518928926,-3.));
#7286=CARTESIAN_POINT('Ctrl Pts',(-1.54236872848125,14.1006809477199,-3.));
#7287=CARTESIAN_POINT('Ctrl Pts',(-1.63636342494811,14.2362563610077,-3.));
#7288=CARTESIAN_POINT('',(-0.87787047832335,13.571648478508,0.));
#7289=CARTESIAN_POINT('Ctrl Pts',(0.387109361001601,13.3319942951202,0.));
#7290=CARTESIAN_POINT('Ctrl Pts',(0.387109361001601,13.3319942951202,-3.));
#7291=CARTESIAN_POINT('Ctrl Pts',(0.155633764613681,13.339118211902,0.));
#7292=CARTESIAN_POINT('Ctrl Pts',(0.155633764613681,13.339118211902,-3.));
#7293=CARTESIAN_POINT('Ctrl Pts',(-0.279107504218388,13.3524978539425,0.));
#7294=CARTESIAN_POINT('Ctrl Pts',(-0.279107504218388,13.3524978539425,-3.));
#7295=CARTESIAN_POINT('Ctrl Pts',(-0.687107728434375,13.501828236459,0.));
#7296=CARTESIAN_POINT('Ctrl Pts',(-0.687107728434375,13.501828236459,-3.));
#7297=CARTESIAN_POINT('Ctrl Pts',(-0.87787047832335,13.571648478508,0.));
#7298=CARTESIAN_POINT('Ctrl Pts',(-0.87787047832335,13.571648478508,-3.));
#7299=CARTESIAN_POINT('',(0.387109361001601,13.3319942951202,0.));
#7300=CARTESIAN_POINT('Ctrl Pts',(-0.87787047832335,13.571648478508,0.));
#7301=CARTESIAN_POINT('Ctrl Pts',(-0.687107728434375,13.501828236459,0.));
#7302=CARTESIAN_POINT('Ctrl Pts',(-0.279107504218388,13.3524978539425,0.));
#7303=CARTESIAN_POINT('Ctrl Pts',(0.155633764613681,13.339118211902,0.));
#7304=CARTESIAN_POINT('Ctrl Pts',(0.387109361001601,13.3319942951202,0.));
#7305=CARTESIAN_POINT('',(0.387109361001601,13.3319942951202,-3.));
#7306=CARTESIAN_POINT('Ctrl Pts',(0.387109361001601,13.3319942951202,-3.));
#7307=CARTESIAN_POINT('Ctrl Pts',(0.155633764613681,13.339118211902,-3.));
#7308=CARTESIAN_POINT('Ctrl Pts',(-0.279107504218388,13.3524978539425,-3.));
#7309=CARTESIAN_POINT('Ctrl Pts',(-0.687107728434375,13.501828236459,-3.));
#7310=CARTESIAN_POINT('Ctrl Pts',(-0.87787047832335,13.571648478508,-3.));
#7311=CARTESIAN_POINT('',(0.387109361001601,13.3319942951202,0.));
#7312=CARTESIAN_POINT('Ctrl Pts',(1.76820858509218,13.5938845872879,0.));
#7313=CARTESIAN_POINT('Ctrl Pts',(1.76820858509218,13.5938845872879,-3.));
#7314=CARTESIAN_POINT('Ctrl Pts',(1.56012768036187,13.5175882093677,0.));
#7315=CARTESIAN_POINT('Ctrl Pts',(1.56012768036187,13.5175882093677,-3.));
#7316=CARTESIAN_POINT('Ctrl Pts',(1.11473374676162,13.3542770015212,0.));
#7317=CARTESIAN_POINT('Ctrl Pts',(1.11473374676162,13.3542770015212,-3.));
#7318=CARTESIAN_POINT('Ctrl Pts',(0.64003595521644,13.3397398973158,0.));
#7319=CARTESIAN_POINT('Ctrl Pts',(0.64003595521644,13.3397398973158,-3.));
#7320=CARTESIAN_POINT('Ctrl Pts',(0.387109361001601,13.3319942951202,0.));
#7321=CARTESIAN_POINT('Ctrl Pts',(0.387109361001601,13.3319942951202,-3.));
#7322=CARTESIAN_POINT('',(1.76820858509218,13.5938845872879,0.));
#7323=CARTESIAN_POINT('Ctrl Pts',(0.387109361001601,13.3319942951202,0.));
#7324=CARTESIAN_POINT('Ctrl Pts',(0.64003595521644,13.3397398973158,0.));
#7325=CARTESIAN_POINT('Ctrl Pts',(1.11473374676162,13.3542770015212,0.));
#7326=CARTESIAN_POINT('Ctrl Pts',(1.56012768036187,13.5175882093677,0.));
#7327=CARTESIAN_POINT('Ctrl Pts',(1.76820858509218,13.5938845872879,0.));
#7328=CARTESIAN_POINT('',(1.76820858509218,13.5938845872879,-3.));
#7329=CARTESIAN_POINT('Ctrl Pts',(1.76820858509218,13.5938845872879,-3.));
#7330=CARTESIAN_POINT('Ctrl Pts',(1.56012768036187,13.5175882093677,-3.));
#7331=CARTESIAN_POINT('Ctrl Pts',(1.11473374676162,13.3542770015212,-3.));
#7332=CARTESIAN_POINT('Ctrl Pts',(0.64003595521644,13.3397398973158,-3.));
#7333=CARTESIAN_POINT('Ctrl Pts',(0.387109361001601,13.3319942951202,-3.));
#7334=CARTESIAN_POINT('',(1.76820858509218,13.5938845872879,0.));
#7335=CARTESIAN_POINT('Ctrl Pts',(2.52422913105165,14.2535506486893,0.));
#7336=CARTESIAN_POINT('Ctrl Pts',(2.52422913105165,14.2535506486893,-3.));
#7337=CARTESIAN_POINT('Ctrl Pts',(2.43852554244605,14.1232292582232,0.));
#7338=CARTESIAN_POINT('Ctrl Pts',(2.43852554244605,14.1232292582232,-3.));
#7339=CARTESIAN_POINT('Ctrl Pts',(2.24868090869847,13.8345503703839,0.));
#7340=CARTESIAN_POINT('Ctrl Pts',(2.24868090869847,13.8345503703839,-3.));
#7341=CARTESIAN_POINT('Ctrl Pts',(1.93841037904063,13.6791376726634,0.));
#7342=CARTESIAN_POINT('Ctrl Pts',(1.93841037904063,13.6791376726634,-3.));
#7343=CARTESIAN_POINT('Ctrl Pts',(1.76820858509218,13.5938845872879,0.));
#7344=CARTESIAN_POINT('Ctrl Pts',(1.76820858509218,13.5938845872879,-3.));
#7345=CARTESIAN_POINT('',(2.52422913105165,14.2535506486893,0.));
#7346=CARTESIAN_POINT('Ctrl Pts',(1.76820858509218,13.5938845872879,0.));
#7347=CARTESIAN_POINT('Ctrl Pts',(1.93841037904063,13.6791376726634,0.));
#7348=CARTESIAN_POINT('Ctrl Pts',(2.24868090869847,13.8345503703839,0.));
#7349=CARTESIAN_POINT('Ctrl Pts',(2.43852554244605,14.1232292582232,0.));
#7350=CARTESIAN_POINT('Ctrl Pts',(2.52422913105165,14.2535506486893,0.));
#7351=CARTESIAN_POINT('',(2.52422913105165,14.2535506486893,-3.));
#7352=CARTESIAN_POINT('Ctrl Pts',(2.52422913105165,14.2535506486893,-3.));
#7353=CARTESIAN_POINT('Ctrl Pts',(2.43852554244605,14.1232292582232,-3.));
#7354=CARTESIAN_POINT('Ctrl Pts',(2.24868090869847,13.8345503703839,-3.));
#7355=CARTESIAN_POINT('Ctrl Pts',(1.93841037904063,13.6791376726634,-3.));
#7356=CARTESIAN_POINT('Ctrl Pts',(1.76820858509218,13.5938845872879,-3.));
#7357=CARTESIAN_POINT('',(2.52422913105165,14.2535506486893,0.));
#7358=CARTESIAN_POINT('Ctrl Pts',(2.70953043491517,15.6050025224686,0.));
#7359=CARTESIAN_POINT('Ctrl Pts',(2.70953043491517,15.6050025224686,-3.));
#7360=CARTESIAN_POINT('Ctrl Pts',(2.70978980841588,15.3309810204423,0.));
#7361=CARTESIAN_POINT('Ctrl Pts',(2.70978980841588,15.3309810204423,-3.));
#7362=CARTESIAN_POINT('Ctrl Pts',(2.71022541603683,14.8707726558136,0.));
#7363=CARTESIAN_POINT('Ctrl Pts',(2.71022541603683,14.8707726558136,-3.));
#7364=CARTESIAN_POINT('Ctrl Pts',(2.57780326541745,14.4313344939195,0.));
#7365=CARTESIAN_POINT('Ctrl Pts',(2.57780326541745,14.4313344939195,-3.));
#7366=CARTESIAN_POINT('Ctrl Pts',(2.52422913105165,14.2535506486893,0.));
#7367=CARTESIAN_POINT('Ctrl Pts',(2.52422913105165,14.2535506486893,-3.));
#7368=CARTESIAN_POINT('',(2.70953043491517,15.6050025224686,0.));
#7369=CARTESIAN_POINT('Ctrl Pts',(2.52422913105165,14.2535506486893,0.));
#7370=CARTESIAN_POINT('Ctrl Pts',(2.57780326541745,14.4313344939195,0.));
#7371=CARTESIAN_POINT('Ctrl Pts',(2.71022541603683,14.8707726558136,0.));
#7372=CARTESIAN_POINT('Ctrl Pts',(2.70978980841588,15.3309810204423,0.));
#7373=CARTESIAN_POINT('Ctrl Pts',(2.70953043491517,15.6050025224686,0.));
#7374=CARTESIAN_POINT('',(2.70953043491517,15.6050025224686,-3.));
#7375=CARTESIAN_POINT('Ctrl Pts',(2.70953043491517,15.6050025224686,-3.));
#7376=CARTESIAN_POINT('Ctrl Pts',(2.70978980841588,15.3309810204423,-3.));
#7377=CARTESIAN_POINT('Ctrl Pts',(2.71022541603683,14.8707726558136,-3.));
#7378=CARTESIAN_POINT('Ctrl Pts',(2.57780326541745,14.4313344939195,-3.));
#7379=CARTESIAN_POINT('Ctrl Pts',(2.52422913105165,14.2535506486893,-3.));
#7380=CARTESIAN_POINT('',(2.70953043491517,15.6050025224686,0.));
#7381=CARTESIAN_POINT('Origin',(2.70953043491517,15.9212468862534,0.));
#7382=CARTESIAN_POINT('',(2.70953043491517,24.7106234431267,0.));
#7383=CARTESIAN_POINT('',(2.70953043491517,15.6050025224686,-3.));
#7384=CARTESIAN_POINT('Origin',(3.3420197585312,17.4999995827675,-3.));
#7385=CARTESIAN_POINT('Origin',(-10.6814541003021,17.1121053695679,0.));
#7386=CARTESIAN_POINT('',(-9.48812381236876,13.4999989271164,0.));
#7387=CARTESIAN_POINT('',(-10.6814541003021,17.1121053695679,0.));
#7388=CARTESIAN_POINT('',(-12.842564463833,23.6535974827678,0.));
#7389=CARTESIAN_POINT('',(-9.48812381236876,13.4999989271164,-3.));
#7390=CARTESIAN_POINT('',(-9.48812381236876,13.4999989271164,0.));
#7391=CARTESIAN_POINT('',(-10.6814541003021,17.1121053695679,-3.));
#7392=CARTESIAN_POINT('',(-9.48812381236876,13.4999989271164,-3.));
#7393=CARTESIAN_POINT('',(-10.6814541003021,17.1121053695679,0.));
#7394=CARTESIAN_POINT('Origin',(-9.37447444408263,21.4999996423721,0.));
#7395=CARTESIAN_POINT('',(-9.37447444408263,21.4999996423721,0.));
#7396=CARTESIAN_POINT('',(-7.55470991937443,27.6094553617644,0.));
#7397=CARTESIAN_POINT('',(-9.37447444408263,21.4999996423721,-3.));
#7398=CARTESIAN_POINT('',(-10.6814541003021,17.1121053695679,-3.));
#7399=CARTESIAN_POINT('',(-9.37447444408263,21.4999996423721,0.));
#7400=CARTESIAN_POINT('Origin',(-11.5239490649017,21.4999996423721,0.));
#7401=CARTESIAN_POINT('',(-11.5239490649017,21.4999996423721,0.));
#7402=CARTESIAN_POINT('',(-8.26197453245086,21.4999996423721,0.));
#7403=CARTESIAN_POINT('',(-11.5239490649017,21.4999996423721,-3.));
#7404=CARTESIAN_POINT('',(-9.37447444408263,21.4999996423721,-3.));
#7405=CARTESIAN_POINT('',(-11.5239490649017,21.4999996423721,0.));
#7406=CARTESIAN_POINT('Origin',(-12.3664440295013,18.0707221031189,0.));
#7407=CARTESIAN_POINT('',(-12.3664440295013,18.0707221031189,0.));
#7408=CARTESIAN_POINT('',(-10.3693630793473,26.1996073003004,0.));
#7409=CARTESIAN_POINT('',(-12.3664440295013,18.0707221031189,-3.));
#7410=CARTESIAN_POINT('',(-11.5239490649017,21.4999996423721,-3.));
#7411=CARTESIAN_POINT('',(-12.3664440295013,18.0707221031189,0.));
#7412=CARTESIAN_POINT('Origin',(-12.3664440295013,21.4999996423721,0.));
#7413=CARTESIAN_POINT('',(-12.3664440295013,21.4999996423721,0.));
#7414=CARTESIAN_POINT('',(-12.3664440295013,27.4999998211861,0.));
#7415=CARTESIAN_POINT('',(-12.3664440295013,21.4999996423721,-3.));
#7416=CARTESIAN_POINT('',(-12.3664440295013,18.0707221031189,-3.));
#7417=CARTESIAN_POINT('',(-12.3664440295013,21.4999996423721,0.));
#7418=CARTESIAN_POINT('Origin',(-14.4467414995941,21.4999996423721,0.));
#7419=CARTESIAN_POINT('',(-14.4467414995941,21.4999996423721,0.));
#7420=CARTESIAN_POINT('',(-9.72337074979705,21.4999996423721,0.));
#7421=CARTESIAN_POINT('',(-14.4467414995941,21.4999996423721,-3.));
#7422=CARTESIAN_POINT('',(-12.3664440295013,21.4999996423721,-3.));
#7423=CARTESIAN_POINT('',(-14.4467414995941,21.4999996423721,0.));
#7424=CARTESIAN_POINT('Origin',(-14.4467414995941,13.4999989271164,0.));
#7425=CARTESIAN_POINT('',(-14.4467414995941,13.4999989271164,0.));
#7426=CARTESIAN_POINT('',(-14.4467414995941,23.4999994635582,0.));
#7427=CARTESIAN_POINT('',(-14.4467414995941,13.4999989271164,-3.));
#7428=CARTESIAN_POINT('',(-14.4467414995941,21.4999996423721,-3.));
#7429=CARTESIAN_POINT('',(-14.4467414995941,13.4999989271164,0.));
#7430=CARTESIAN_POINT('Origin',(-12.3664440295013,13.4999989271164,0.));
#7431=CARTESIAN_POINT('',(-12.3664440295013,13.4999989271164,0.));
#7432=CARTESIAN_POINT('',(-8.68322201475067,13.4999989271164,0.));
#7433=CARTESIAN_POINT('',(-12.3664440295013,13.4999989271164,-3.));
#7434=CARTESIAN_POINT('',(-14.4467414995941,13.4999989271164,-3.));
#7435=CARTESIAN_POINT('',(-12.3664440295013,13.4999989271164,0.));
#7436=CARTESIAN_POINT('Origin',(-12.3664440295013,16.6080902814865,0.));
#7437=CARTESIAN_POINT('',(-12.3664440295013,16.6080902814865,0.));
#7438=CARTESIAN_POINT('',(-12.3664440295013,25.0540451407432,0.));
#7439=CARTESIAN_POINT('',(-12.3664440295013,16.6080902814865,-3.));
#7440=CARTESIAN_POINT('',(-12.3664440295013,13.4999989271164,-3.));
#7441=CARTESIAN_POINT('',(-12.3664440295013,16.6080902814865,0.));
#7442=CARTESIAN_POINT('Origin',(-11.4399470469269,13.4999989271164,0.));
#7443=CARTESIAN_POINT('',(-11.4399470469269,13.4999989271164,0.));
#7444=CARTESIAN_POINT('',(-13.9148285945566,21.8024090654677,0.));
#7445=CARTESIAN_POINT('',(-11.4399470469269,13.4999989271164,-3.));
#7446=CARTESIAN_POINT('',(-12.3664440295013,16.6080902814865,-3.));
#7447=CARTESIAN_POINT('',(-11.4399470469269,13.4999989271164,0.));
#7448=CARTESIAN_POINT('Origin',(-9.48812381236876,13.4999989271164,0.));
#7449=CARTESIAN_POINT('',(-7.24406190618438,13.4999989271164,0.));
#7450=CARTESIAN_POINT('',(-11.4399470469269,13.4999989271164,-3.));
#7451=CARTESIAN_POINT('Origin',(3.3420197585312,17.4999995827675,-3.));
#7452=CARTESIAN_POINT('Origin',(38.3431457182107,22.0000003576279,0.));
#7453=CARTESIAN_POINT('',(-31.6568542817893,22.0000003576279,0.));
#7454=CARTESIAN_POINT('',(38.3431457182107,22.0000003576279,0.));
#7455=CARTESIAN_POINT('',(16.6715728591053,22.0000003576279,0.));
#7456=CARTESIAN_POINT('',(-31.6568542817893,22.0000003576279,-10.));
#7457=CARTESIAN_POINT('',(-31.6568542817893,22.0000003576279,0.));
#7458=CARTESIAN_POINT('',(38.3431457182107,22.0000003576279,-10.));
#7459=CARTESIAN_POINT('',(38.3431457182107,22.0000003576279,-10.));
#7460=CARTESIAN_POINT('',(38.3431457182107,22.0000003576279,0.));
#7461=CARTESIAN_POINT('Origin',(38.3431457182107,24.0000003576279,0.));
#7462=CARTESIAN_POINT('',(38.3431457182107,24.0000003576279,0.));
#7463=CARTESIAN_POINT('',(38.3431457182107,28.7500001788139,0.));
#7464=CARTESIAN_POINT('',(38.3431457182107,24.0000003576279,-10.));
#7465=CARTESIAN_POINT('',(38.3431457182107,24.0000003576279,-10.));
#7466=CARTESIAN_POINT('',(38.3431457182107,24.0000003576279,0.));
#7467=CARTESIAN_POINT('Origin',(-31.6568542817893,24.0000003576279,0.));
#7468=CARTESIAN_POINT('',(-31.6568542817893,24.0000003576279,0.));
#7469=CARTESIAN_POINT('',(-18.3284271408947,24.0000003576279,0.));
#7470=CARTESIAN_POINT('',(-31.6568542817893,24.0000003576279,-10.));
#7471=CARTESIAN_POINT('',(-31.6568542817893,24.0000003576279,-10.));
#7472=CARTESIAN_POINT('',(-31.6568542817893,24.0000003576279,0.));
#7473=CARTESIAN_POINT('Origin',(-31.6568542817893,22.0000003576279,0.));
#7474=CARTESIAN_POINT('',(-31.6568542817893,27.7500001788139,0.));
#7475=CARTESIAN_POINT('',(-31.6568542817893,22.0000003576279,-10.));
#7476=CARTESIAN_POINT('Origin',(3.34314571821069,23.0000003576279,-10.));
#7477=CARTESIAN_POINT('Origin',(-50.,47.58,4.1));
#7478=CARTESIAN_POINT('',(-51.,47.58,4.1));
#7479=CARTESIAN_POINT('',(-51.,39.58,4.1));
#7480=CARTESIAN_POINT('',(-51.,42.082893498522,4.1));
#7481=CARTESIAN_POINT('',(-54.,47.58,4.1));
#7482=CARTESIAN_POINT('',(-50.,47.58,4.1));
#7483=CARTESIAN_POINT('',(-54.,39.58,4.1));
#7484=CARTESIAN_POINT('',(-54.,50.79,4.1));
#7485=CARTESIAN_POINT('',(-50.,39.58,4.1));
#7486=CARTESIAN_POINT('Origin',(-50.,39.58,5.1));
#7487=CARTESIAN_POINT('',(-51.,38.58,5.1));
#7488=CARTESIAN_POINT('Origin',(-51.,39.58,5.1));
#7489=CARTESIAN_POINT('',(-54.,38.58,5.1));
#7490=CARTESIAN_POINT('Origin',(-54.,39.58,5.1));
#7491=CARTESIAN_POINT('',(-50.,38.58,5.1));
#7492=CARTESIAN_POINT('Origin',(-50.,38.58,5.1));
#7493=CARTESIAN_POINT('',(-51.,38.58,7.10000000000001));
#7494=CARTESIAN_POINT('',(-51.,38.58,2.55));
#7495=CARTESIAN_POINT('',(-54.,38.58,7.10000000000001));
#7496=CARTESIAN_POINT('',(-54.,38.58,2.55000000000002));
#7497=CARTESIAN_POINT('',(-50.,38.58,7.10000000000001));
#7498=CARTESIAN_POINT('Origin',(-50.,39.58,7.10000000000001));
#7499=CARTESIAN_POINT('',(-51.,39.58,8.10000000000001));
#7500=CARTESIAN_POINT('Origin',(-51.,39.58,7.10000000000001));
#7501=CARTESIAN_POINT('',(-54.,39.58,8.10000000000001));
#7502=CARTESIAN_POINT('Origin',(-54.,39.58,7.10000000000001));
#7503=CARTESIAN_POINT('',(-50.,39.58,8.10000000000001));
#7504=CARTESIAN_POINT('Origin',(-50.,39.58,8.10000000000001));
#7505=CARTESIAN_POINT('',(-51.,47.58,8.10000000000001));
#7506=CARTESIAN_POINT('',(-51.,38.0828934985221,8.10000000000001));
#7507=CARTESIAN_POINT('',(-54.,47.58,8.10000000000001));
#7508=CARTESIAN_POINT('',(-54.,46.79,8.10000000000001));
#7509=CARTESIAN_POINT('',(-50.,47.58,8.10000000000001));
#7510=CARTESIAN_POINT('Origin',(-50.,47.58,5.1));
#7511=CARTESIAN_POINT('',(-51.,48.58,5.1));
#7512=CARTESIAN_POINT('Origin',(-51.,47.58,5.1));
#7513=CARTESIAN_POINT('',(-54.,48.58,5.1));
#7514=CARTESIAN_POINT('',(-50.,48.58,5.1));
#7515=CARTESIAN_POINT('Origin',(-54.,47.58,5.1));
#7516=CARTESIAN_POINT('Origin',(-50.,48.58,7.1));
#7517=CARTESIAN_POINT('',(-51.,48.58,7.1));
#7518=CARTESIAN_POINT('',(-51.,48.58,3.55));
#7519=CARTESIAN_POINT('',(-54.,48.58,7.1));
#7520=CARTESIAN_POINT('',(-50.,48.58,7.1));
#7521=CARTESIAN_POINT('',(-54.,48.58,3.55));
#7522=CARTESIAN_POINT('Origin',(-50.,47.58,7.10000000000001));
#7523=CARTESIAN_POINT('Origin',(-51.,47.58,7.10000000000001));
#7524=CARTESIAN_POINT('Origin',(-54.,47.58,7.10000000000001));
#7525=CARTESIAN_POINT('Origin',(40.,37.1,4.1));
#7526=CARTESIAN_POINT('',(41.,37.1,4.1));
#7527=CARTESIAN_POINT('',(41.,45.1,4.1));
#7528=CARTESIAN_POINT('',(41.,44.05,4.1));
#7529=CARTESIAN_POINT('',(44.,37.1,4.1));
#7530=CARTESIAN_POINT('',(40.,37.1,4.1));
#7531=CARTESIAN_POINT('',(44.,45.1,4.1));
#7532=CARTESIAN_POINT('',(44.,25.05,4.10000000000001));
#7533=CARTESIAN_POINT('',(40.,45.1,4.1));
#7534=CARTESIAN_POINT('Origin',(40.,45.1,5.1));
#7535=CARTESIAN_POINT('',(41.,46.1,5.10000000000001));
#7536=CARTESIAN_POINT('Origin',(41.,45.1,5.1));
#7537=CARTESIAN_POINT('',(44.,46.1,5.10000000000001));
#7538=CARTESIAN_POINT('Origin',(44.,45.1,5.1));
#7539=CARTESIAN_POINT('',(40.,46.1,5.10000000000001));
#7540=CARTESIAN_POINT('Origin',(40.,46.1,5.10000000000001));
#7541=CARTESIAN_POINT('',(41.,46.1,7.1));
#7542=CARTESIAN_POINT('',(41.,46.1,2.55000000000003));
#7543=CARTESIAN_POINT('',(44.,46.1,7.1));
#7544=CARTESIAN_POINT('',(44.,46.1,2.54999999999986));
#7545=CARTESIAN_POINT('',(40.,46.1,7.1));
#7546=CARTESIAN_POINT('Origin',(40.,45.1,7.1));
#7547=CARTESIAN_POINT('',(41.,45.1,8.10000000000002));
#7548=CARTESIAN_POINT('Origin',(41.,45.1,7.1));
#7549=CARTESIAN_POINT('',(44.,45.1,8.10000000000002));
#7550=CARTESIAN_POINT('Origin',(44.,45.1,7.1));
#7551=CARTESIAN_POINT('',(40.,45.1,8.10000000000002));
#7552=CARTESIAN_POINT('Origin',(40.,45.1,8.10000000000002));
#7553=CARTESIAN_POINT('',(41.,37.1,8.1));
#7554=CARTESIAN_POINT('',(41.,48.05,8.10000000000002));
#7555=CARTESIAN_POINT('',(44.,37.1,8.1));
#7556=CARTESIAN_POINT('',(44.,29.05,8.09999999999998));
#7557=CARTESIAN_POINT('',(40.,37.1,8.1));
#7558=CARTESIAN_POINT('Origin',(40.,37.1,5.1));
#7559=CARTESIAN_POINT('',(41.,36.1,5.1));
#7560=CARTESIAN_POINT('Origin',(41.,37.1,5.1));
#7561=CARTESIAN_POINT('',(44.,36.1,5.1));
#7562=CARTESIAN_POINT('',(40.,36.1,5.1));
#7563=CARTESIAN_POINT('Origin',(44.,37.1,5.1));
#7564=CARTESIAN_POINT('Origin',(40.,36.1,7.1));
#7565=CARTESIAN_POINT('',(41.,36.1,7.1));
#7566=CARTESIAN_POINT('',(41.,36.1,3.54999999999998));
#7567=CARTESIAN_POINT('',(44.,36.1,7.1));
#7568=CARTESIAN_POINT('',(40.,36.1,7.1));
#7569=CARTESIAN_POINT('',(44.,36.1,3.55000000000003));
#7570=CARTESIAN_POINT('Origin',(40.,37.1,7.1));
#7571=CARTESIAN_POINT('Origin',(41.,37.1,7.1));
#7572=CARTESIAN_POINT('Origin',(44.,37.1,7.1));
#7573=CARTESIAN_POINT('Origin',(-27.45,17.,4.1));
#7574=CARTESIAN_POINT('',(-27.45,16.,4.1));
#7575=CARTESIAN_POINT('',(-13.25,16.,4.1));
#7576=CARTESIAN_POINT('',(6.775,16.,4.1));
#7577=CARTESIAN_POINT('',(-27.45,13.,4.1));
#7578=CARTESIAN_POINT('',(-27.45,17.,4.1));
#7579=CARTESIAN_POINT('',(-13.25,13.,4.1));
#7580=CARTESIAN_POINT('',(-29.5534271408947,13.,4.1));
#7581=CARTESIAN_POINT('',(-13.25,17.,4.1));
#7582=CARTESIAN_POINT('Origin',(-13.25,17.,4.1));
#7583=CARTESIAN_POINT('',(-13.25,16.,11.4));
#7584=CARTESIAN_POINT('',(-13.25,16.,2.05));
#7585=CARTESIAN_POINT('',(-13.25,13.,11.4));
#7586=CARTESIAN_POINT('',(-13.25,13.,2.05));
#7587=CARTESIAN_POINT('',(-13.25,17.,11.4));
#7588=CARTESIAN_POINT('Origin',(-13.25,17.,11.4));
#7589=CARTESIAN_POINT('',(-27.45,16.,11.4));
#7590=CARTESIAN_POINT('',(13.875,16.,11.4));
#7591=CARTESIAN_POINT('',(-27.45,13.,11.4));
#7592=CARTESIAN_POINT('',(-22.4534271408947,13.,11.4));
#7593=CARTESIAN_POINT('',(-27.45,17.,11.4));
#7594=CARTESIAN_POINT('Origin',(-27.45,17.,11.4));
#7595=CARTESIAN_POINT('',(-27.45,16.,5.7));
#7596=CARTESIAN_POINT('',(-27.45,13.,5.7));
#7597=CARTESIAN_POINT('Origin',(-9.1,17.,4.1));
#7598=CARTESIAN_POINT('',(-9.1,16.,4.1));
#7599=CARTESIAN_POINT('',(20.4,16.,4.1));
#7600=CARTESIAN_POINT('',(15.95,16.,4.1));
#7601=CARTESIAN_POINT('',(-9.1,13.,4.1));
#7602=CARTESIAN_POINT('',(-9.1,17.,4.1));
#7603=CARTESIAN_POINT('',(20.4,13.,4.1));
#7604=CARTESIAN_POINT('',(-20.3784271408947,13.,4.1));
#7605=CARTESIAN_POINT('',(20.4,17.,4.1));
#7606=CARTESIAN_POINT('Origin',(20.4,17.,4.1));
#7607=CARTESIAN_POINT('',(20.4,16.,8.1));
#7608=CARTESIAN_POINT('',(20.4,16.,2.04999999999999));
#7609=CARTESIAN_POINT('',(20.4,13.,8.1));
#7610=CARTESIAN_POINT('',(20.4,13.,2.05000000000003));
#7611=CARTESIAN_POINT('',(20.4,17.,8.1));
#7612=CARTESIAN_POINT('Origin',(20.4,17.,8.1));
#7613=CARTESIAN_POINT('',(-9.1,16.,8.1));
#7614=CARTESIAN_POINT('',(30.7,16.,8.1));
#7615=CARTESIAN_POINT('',(-9.1,13.,8.1));
#7616=CARTESIAN_POINT('',(-5.62842714089466,13.,8.1));
#7617=CARTESIAN_POINT('',(-9.1,17.,8.1));
#7618=CARTESIAN_POINT('Origin',(-9.1,17.,8.1));
#7619=CARTESIAN_POINT('',(-9.1,16.,4.04999999999999));
#7620=CARTESIAN_POINT('',(-9.1,13.,4.05000000000001));
#7621=CARTESIAN_POINT('Origin',(38.3,17.,4.1));
#7622=CARTESIAN_POINT('',(38.3,16.,4.1));
#7623=CARTESIAN_POINT('',(38.3,16.,11.4));
#7624=CARTESIAN_POINT('',(38.3,16.,2.05));
#7625=CARTESIAN_POINT('',(38.3,13.,4.1));
#7626=CARTESIAN_POINT('',(38.3,17.,4.1));
#7627=CARTESIAN_POINT('',(38.3,13.,11.4));
#7628=CARTESIAN_POINT('',(38.3,13.,2.05));
#7629=CARTESIAN_POINT('',(38.3,17.,11.4));
#7630=CARTESIAN_POINT('Origin',(38.3,17.,11.4));
#7631=CARTESIAN_POINT('',(24.1,16.,11.4));
#7632=CARTESIAN_POINT('',(39.65,16.,11.4));
#7633=CARTESIAN_POINT('',(24.1,13.,11.4));
#7634=CARTESIAN_POINT('',(3.32157285910535,13.,11.4));
#7635=CARTESIAN_POINT('',(24.1,17.,11.4));
#7636=CARTESIAN_POINT('Origin',(24.1,17.,11.4));
#7637=CARTESIAN_POINT('',(24.1,16.,4.1));
#7638=CARTESIAN_POINT('',(24.1,16.,5.7));
#7639=CARTESIAN_POINT('',(24.1,13.,4.1));
#7640=CARTESIAN_POINT('',(24.1,13.,5.7));
#7641=CARTESIAN_POINT('',(24.1,17.,4.1));
#7642=CARTESIAN_POINT('Origin',(24.1,17.,4.1));
#7643=CARTESIAN_POINT('',(32.55,16.,4.1));
#7644=CARTESIAN_POINT('',(-3.77842714089465,13.,4.1));
#7645=CARTESIAN_POINT('Origin',(-5.,33.5,3.));
#7646=CARTESIAN_POINT('',(-51.,51.,3.));
#7647=CARTESIAN_POINT('',(41.,51.,3.));
#7648=CARTESIAN_POINT('',(-28.,51.,3.));
#7649=CARTESIAN_POINT('',(-51.,36.5857869970441,3.));
#7650=CARTESIAN_POINT('',(-51.,35.042893498522,3.));
#7651=CARTESIAN_POINT('',(-30.4142135704473,16.,3.));
#7652=CARTESIAN_POINT('',(-28.4356603529848,14.0214467279944,3.));
#7653=CARTESIAN_POINT('',(41.,16.,3.));
#7654=CARTESIAN_POINT('',(18.,16.,3.));
#7655=CARTESIAN_POINT('',(41.,42.25,3.));
#7656=CARTESIAN_POINT('Origin',(41.,16.,0.));
#7657=CARTESIAN_POINT('',(-30.4142135704473,16.,11.9));
#7658=CARTESIAN_POINT('',(-30.4142135704473,16.,0.));
#7659=CARTESIAN_POINT('',(41.,16.,11.9));
#7660=CARTESIAN_POINT('',(41.,16.,11.9));
#7661=CARTESIAN_POINT('',(41.,16.,0.));
#7662=CARTESIAN_POINT('Origin',(-30.4142135704473,16.,0.));
#7663=CARTESIAN_POINT('',(-51.,36.5857869970441,11.9));
#7664=CARTESIAN_POINT('',(-51.,36.5857869970441,0.));
#7665=CARTESIAN_POINT('',(-51.,36.5857869970441,11.9));
#7666=CARTESIAN_POINT('Origin',(-51.,36.5857869970441,0.));
#7667=CARTESIAN_POINT('',(-51.,51.,11.9));
#7668=CARTESIAN_POINT('',(-51.,51.,0.));
#7669=CARTESIAN_POINT('',(-51.,51.,11.9));
#7670=CARTESIAN_POINT('Origin',(-5.,33.5,11.9));
#7671=CARTESIAN_POINT('',(-54.,54.,11.9));
#7672=CARTESIAN_POINT('',(-54.,35.3431463341475,11.9));
#7673=CARTESIAN_POINT('',(-54.,54.,11.9));
#7674=CARTESIAN_POINT('',(-31.6568542817893,13.,11.9));
#7675=CARTESIAN_POINT('',(-54.,35.3431463341475,11.9));
#7676=CARTESIAN_POINT('',(44.,13.,11.9));
#7677=CARTESIAN_POINT('',(44.,13.,11.9));
#7678=CARTESIAN_POINT('',(44.,54.,11.9));
#7679=CARTESIAN_POINT('',(44.,54.,11.9));
#7680=CARTESIAN_POINT('',(-54.,54.,11.9));
#7681=CARTESIAN_POINT('',(41.,51.,11.9));
#7682=CARTESIAN_POINT('',(-51.,51.,11.9));
#7683=CARTESIAN_POINT('',(41.,51.,11.9));
#7684=CARTESIAN_POINT('Origin',(41.,51.,0.));
#7685=CARTESIAN_POINT('',(41.,51.,0.));
#7686=CARTESIAN_POINT('Origin',(-51.,51.,0.));
#7687=CARTESIAN_POINT('Origin',(44.,54.,0.));
#7688=CARTESIAN_POINT('',(-54.,54.,0.));
#7689=CARTESIAN_POINT('',(44.,54.,0.));
#7690=CARTESIAN_POINT('',(-54.,54.,0.));
#7691=CARTESIAN_POINT('',(-54.,54.,0.));
#7692=CARTESIAN_POINT('',(44.,54.,0.));
#7693=CARTESIAN_POINT('Origin',(44.,13.,0.));
#7694=CARTESIAN_POINT('',(44.,13.,0.));
#7695=CARTESIAN_POINT('',(44.,54.,0.));
#7696=CARTESIAN_POINT('',(44.,13.,0.));
#7697=CARTESIAN_POINT('Origin',(-31.6568542817893,13.,0.));
#7698=CARTESIAN_POINT('',(-31.6568542817893,13.,0.));
#7699=CARTESIAN_POINT('',(44.,13.,0.));
#7700=CARTESIAN_POINT('',(-31.6568542817893,13.,0.));
#7701=CARTESIAN_POINT('Origin',(-54.,35.3431463341475,0.));
#7702=CARTESIAN_POINT('',(-54.,35.3431463341475,0.));
#7703=CARTESIAN_POINT('',(-54.,35.3431463341475,0.));
#7704=CARTESIAN_POINT('',(-54.,35.3431463341475,0.));
#7705=CARTESIAN_POINT('Origin',(-54.,54.,0.));
#7706=CARTESIAN_POINT('',(-54.,54.,0.));
#7707=CARTESIAN_POINT('Origin',(-5.,33.5,0.));
#7708=UNCERTAINTY_MEASURE_WITH_UNIT(LENGTH_MEASURE(0.01),#7712,
'DISTANCE_ACCURACY_VALUE',
'Maximum model space distance between geometric entities at asserted c
onnectivities');
#7709=UNCERTAINTY_MEASURE_WITH_UNIT(LENGTH_MEASURE(0.01),#7712,
'DISTANCE_ACCURACY_VALUE',
'Maximum model space distance between geometric entities at asserted c
onnectivities');
#7710=(
GEOMETRIC_REPRESENTATION_CONTEXT(3)
GLOBAL_UNCERTAINTY_ASSIGNED_CONTEXT((#7708))
GLOBAL_UNIT_ASSIGNED_CONTEXT((#7712,#7714,#7715))
REPRESENTATION_CONTEXT('','3D')
);
#7711=(
GEOMETRIC_REPRESENTATION_CONTEXT(3)
GLOBAL_UNCERTAINTY_ASSIGNED_CONTEXT((#7709))
GLOBAL_UNIT_ASSIGNED_CONTEXT((#7712,#7714,#7715))
REPRESENTATION_CONTEXT('','3D')
);
#7712=(
LENGTH_UNIT()
NAMED_UNIT(*)
SI_UNIT(.MILLI.,.METRE.)
);
#7713=(
LENGTH_UNIT()
NAMED_UNIT(*)
SI_UNIT($,.METRE.)
);
#7714=(
NAMED_UNIT(*)
PLANE_ANGLE_UNIT()
SI_UNIT($,.RADIAN.)
);
#7715=(
NAMED_UNIT(*)
SI_UNIT($,.STERADIAN.)
SOLID_ANGLE_UNIT()
);
#7716=SHAPE_DEFINITION_REPRESENTATION(#7717,#7718);
#7717=PRODUCT_DEFINITION_SHAPE('',$,#7720);
#7718=SHAPE_REPRESENTATION('',(#4092),#7710);
#7719=PRODUCT_DEFINITION_CONTEXT('part definition',#7724,'design');
#7720=PRODUCT_DEFINITION('2026-07-31-23-58-47-749','USB HUB case',#7721,
#7719);
#7721=PRODUCT_DEFINITION_FORMATION('',$,#7726);
#7722=PRODUCT_RELATED_PRODUCT_CATEGORY('USB HUB case','USB HUB case',(#7726));
#7723=APPLICATION_PROTOCOL_DEFINITION('international standard',
'automotive_design',2009,#7724);
#7724=APPLICATION_CONTEXT(
'Core Data for Automotive Mechanical Design Process');
#7725=PRODUCT_CONTEXT('part definition',#7724,'mechanical');
#7726=PRODUCT('2026-07-31-23-58-47-749','USB HUB case',$,(#7725));
#7727=PRESENTATION_STYLE_ASSIGNMENT((#7728));
#7728=SURFACE_STYLE_USAGE(.BOTH.,#7729);
#7729=SURFACE_SIDE_STYLE('',(#7730));
#7730=SURFACE_STYLE_FILL_AREA(#7731);
#7731=FILL_AREA_STYLE('Steel - Satin',(#7732));
#7732=FILL_AREA_STYLE_COLOUR('Steel - Satin',#7733);
#7733=COLOUR_RGB('Steel - Satin',0.627450980392157,0.627450980392157,0.627450980392157);
ENDSEC;
END-ISO-10303-21;
